﻿酢浆草,肝经,channel_belong_to
酢浆草,肺经,channel_belong_to
酢浆草,膀胱经,channel_belong_to
醉鱼草,暂无,channel_belong_to
走马胎,肝经,channel_belong_to
走马胎,脾经,channel_belong_to
棕榈,肺经,channel_belong_to
棕榈,肝经,channel_belong_to
棕榈,大肠经,channel_belong_to
自然铜,肝经,channel_belong_to
紫珠叶,肝经,channel_belong_to
紫珠叶,肺经,channel_belong_to
紫珠叶,胃经,channel_belong_to
紫苑,肺经,channel_belong_to
紫玉簪,肺经,channel_belong_to
紫玉簪,肾经,channel_belong_to
紫苏子,肺经,channel_belong_to
紫苏叶,肺经,channel_belong_to
紫苏叶,脾经,channel_belong_to
紫苏梗,肺经,channel_belong_to
紫苏梗,脾经,channel_belong_to
紫石英,肾经,channel_belong_to
紫石英,心经,channel_belong_to
紫石英,肺经,channel_belong_to
紫梢花,肾经,channel_belong_to
紫花前胡,肺经,channel_belong_to
紫花地丁,心经,channel_belong_to
紫花地丁,肝经,channel_belong_to
紫河车,心经,channel_belong_to
紫河车,肺经,channel_belong_to
紫河车,肾经,channel_belong_to
紫草茸,肝经,channel_belong_to
紫草茸,脾经,channel_belong_to
紫草,心经,channel_belong_to
紫草,肝经,channel_belong_to
紫贝齿,肝经,channel_belong_to
梓实,肾经,channel_belong_to
梓实,膀胱经,channel_belong_to
苎麻根,肝经,channel_belong_to
苎麻根,心经,channel_belong_to
苎麻根,膀胱经,channel_belong_to
竹叶椒,胃经,channel_belong_to
竹叶椒,脾经,channel_belong_to
竹茹,胃经,channel_belong_to
竹茹,胆经,channel_belong_to
竹茹,脾经,channel_belong_to
竹沥,心经,channel_belong_to
竹沥,肝经,channel_belong_to
竹沥,肺经,channel_belong_to
竹节参,肝经,channel_belong_to
竹节参,脾经,channel_belong_to
竹节参,肺经,channel_belong_to
猪牙皂,肺经,channel_belong_to
猪牙皂,大肠经,channel_belong_to
猪苓,肾经,channel_belong_to
猪苓,膀胱经,channel_belong_to
猪胆粉,肝经,channel_belong_to
猪胆粉,胆经,channel_belong_to
猪胆粉,肺经,channel_belong_to
猪胆粉,大肠经,channel_belong_to
珠子参,肝经,channel_belong_to
珠子参,肺经,channel_belong_to
珠子参,胃经,channel_belong_to
朱砂根,肺经,channel_belong_to
朱砂根,肝经,channel_belong_to
朱砂,心经,channel_belong_to
重楼,肝经,channel_belong_to
肿节风,心经,channel_belong_to
肿节风,肝经,channel_belong_to
钟乳石,肺经,channel_belong_to
钟乳石,肾经,channel_belong_to
钟乳石,胃经,channel_belong_to
炙黄芪,肺经,channel_belong_to
炙黄芪,脾经,channel_belong_to
炙甘草,心经,channel_belong_to
炙甘草,肺经,channel_belong_to
炙甘草,胃经,channel_belong_to
炙甘草,脾经,channel_belong_to
枳实,脾经,channel_belong_to
枳实,胃经,channel_belong_to
枳壳,脾经,channel_belong_to
枳壳,胃经,channel_belong_to
枳椇子,胃经,channel_belong_to
蜘蛛香,心经,channel_belong_to
蜘蛛香,脾经,channel_belong_to
蜘蛛香,胃经,channel_belong_to
栀子,心经,channel_belong_to
栀子,肺经,channel_belong_to
栀子,三焦经,channel_belong_to
知母,肺经,channel_belong_to
知母,胃经,channel_belong_to
知母,肾经,channel_belong_to
珍珠母,肝经,channel_belong_to
珍珠母,心经,channel_belong_to
珍珠,心经,channel_belong_to
珍珠,肝经,channel_belong_to
浙贝母,肺经,channel_belong_to
浙贝母,心经,channel_belong_to
赭石,肝经,channel_belong_to
赭石,心经,channel_belong_to
赭石,肺经,channel_belong_to
赭石,胃经,channel_belong_to
掌叶半夏,肺经,channel_belong_to
掌叶半夏,肝经,channel_belong_to
掌叶半夏,脾经,channel_belong_to
长春花,暂无,channel_belong_to
樟脑,心经,channel_belong_to
樟脑,脾经,channel_belong_to
樟木,脾经,channel_belong_to
樟木,肝经,channel_belong_to
樟柳头,暂无,channel_belong_to
泽泻,肾经,channel_belong_to
泽泻,膀胱经,channel_belong_to
泽漆,大肠经,channel_belong_to
泽漆,小肠经,channel_belong_to
泽漆,脾经,channel_belong_to
泽兰,肝经,channel_belong_to
泽兰,脾经,channel_belong_to
皂角刺,肝经,channel_belong_to
皂角刺,胃经,channel_belong_to
皂角,肺经,channel_belong_to
皂角,大肠经,channel_belong_to
芸薹子,肝经,channel_belong_to
芸薹子,大肠经,channel_belong_to
云南草蔻,暂无,channel_belong_to
粤丝瓜络,肺经,channel_belong_to
粤丝瓜络,胃经,channel_belong_to
粤丝瓜络,肝经,channel_belong_to
月季花,肝经,channel_belong_to
远志,心经,channel_belong_to
远志,肾经,channel_belong_to
远志,肺经,channel_belong_to
芫荽子,肺经,channel_belong_to
芫荽子,胃经,channel_belong_to
芫花,肺经,channel_belong_to
芫花,脾经,channel_belong_to
芫花,肾经,channel_belong_to
元宝草,暂无,channel_belong_to
预知子,肝经,channel_belong_to
预知子,胆经,channel_belong_to
预知子,胃经,channel_belong_to
预知子,膀胱经,channel_belong_to
郁李仁,脾经,channel_belong_to
郁李仁,大肠经,channel_belong_to
郁李仁,小肠经,channel_belong_to
郁金,肝经,channel_belong_to
郁金,心经,channel_belong_to
郁金,肺经,channel_belong_to
玉竹,肺经,channel_belong_to
玉竹,胃经,channel_belong_to
玉叶金花,肝经,channel_belong_to
玉叶金花,脾经,channel_belong_to
玉米须,肾经,channel_belong_to
玉米须,胃经,channel_belong_to
玉米须,肝经,channel_belong_to
玉米须,胆经,channel_belong_to
禹州漏芦,胃经,channel_belong_to
禹余粮,胃经,channel_belong_to
禹余粮,大肠经,channel_belong_to
鱼腥草,肺经,channel_belong_to
余甘子,肺经,channel_belong_to
余甘子,胃经,channel_belong_to
油松节,肝经,channel_belong_to
油松节,肾经,channel_belong_to
迎春花,肾经,channel_belong_to
迎春花,膀胱经,channel_belong_to
鹰不泊,肺经,channel_belong_to
鹰不泊,胃经,channel_belong_to
樱桃核,肺经,channel_belong_to
罂粟壳,肺经,channel_belong_to
罂粟壳,大肠经,channel_belong_to
罂粟壳,肾经,channel_belong_to
淫羊藿,肝经,channel_belong_to
淫羊藿,肾经,channel_belong_to
银杏叶,心经,channel_belong_to
银杏叶,肺经,channel_belong_to
银耳,肺经,channel_belong_to
银耳,胃经,channel_belong_to
银耳,肾经,channel_belong_to
银柴胡,肝经,channel_belong_to
银柴胡,胃经,channel_belong_to
茵陈,脾经,channel_belong_to
茵陈,胃经,channel_belong_to
茵陈,膀胱经,channel_belong_to
阴香皮,胃经,channel_belong_to
阴香皮,大肠经,channel_belong_to
阴香皮,肝经,channel_belong_to
阴香皮,肾经,channel_belong_to
阴香根,暂无,channel_belong_to
翼首草,暂无,channel_belong_to
薏苡仁,脾经,channel_belong_to
薏苡仁,胃经,channel_belong_to
薏苡仁,肺经,channel_belong_to
益智,脾经,channel_belong_to
益智,肾经,channel_belong_to
益母草,肝经,channel_belong_to
益母草,心经,channel_belong_to
益母草,膀胱经,channel_belong_to
伊贝母,肺经,channel_belong_to
伊贝母,心经,channel_belong_to
一枝黄花,肺经,channel_belong_to
一枝黄花,肝经,channel_belong_to
一支箭,肝经,channel_belong_to
一点血,肾经,channel_belong_to
一点血,肝经,channel_belong_to
叶象花,肝经,channel_belong_to
叶下珠,肝经,channel_belong_to
叶下珠,脾经,channel_belong_to
野棉花,暂无,channel_belong_to
野马追,肺经,channel_belong_to
野菊花,心经,channel_belong_to
野菊花,肝经,channel_belong_to
洋金花,肺经,channel_belong_to
洋金花,肝经,channel_belong_to
阳起石,肾经,channel_belong_to
羊蹄草,暂无,channel_belong_to
羊蹄,心经,channel_belong_to
羊蹄,肝经,channel_belong_to
羊蹄,大肠经,channel_belong_to
羊耳菊,暂无,channel_belong_to
燕窝,肺经,channel_belong_to
燕窝,胃经,channel_belong_to
燕窝,肾经,channel_belong_to
盐蛇干,肝经,channel_belong_to
岩椒草,肝经,channel_belong_to
岩椒草,胃经,channel_belong_to
岩椒草,肺经,channel_belong_to
岩参,暂无,channel_belong_to
延胡索,肝经,channel_belong_to
延胡索,脾经,channel_belong_to
亚麻子,肺经,channel_belong_to
亚麻子,肝经,channel_belong_to
亚麻子,大肠经,channel_belong_to
鸭跖草,肺经,channel_belong_to
鸭跖草,胃经,channel_belong_to
鸭跖草,膀胱经,channel_belong_to
鸭脚木皮,肺经,channel_belong_to
鸦胆子,大肠经,channel_belong_to
鸦胆子,肝经,channel_belong_to
荨麻,暂无,channel_belong_to
寻骨风,肝经,channel_belong_to
寻骨风,胃经,channel_belong_to
血余炭,肝经,channel_belong_to
血余炭,胃经,channel_belong_to
血竭,心经,channel_belong_to
血竭,肝经,channel_belong_to
雪上一枝蒿,肝经,channel_belong_to
雪上一枝蒿,肾经,channel_belong_to
旋覆花,肺经,channel_belong_to
旋覆花,胃经,channel_belong_to
玄明粉,胃经,channel_belong_to
玄明粉,大肠经,channel_belong_to
玄参,肺经,channel_belong_to
玄参,胃经,channel_belong_to
玄参,肾经,channel_belong_to
萱草根,脾经,channel_belong_to
萱草根,肝经,channel_belong_to
萱草根,膀胱经,channel_belong_to
续断,肝经,channel_belong_to
续断,肾经,channel_belong_to
徐长卿,肝经,channel_belong_to
徐长卿,胃经,channel_belong_to
熊胆,肝经,channel_belong_to
熊胆,胆经,channel_belong_to
熊胆,心经,channel_belong_to
雄黄,肝经,channel_belong_to
雄黄,大肠经,channel_belong_to
辛夷,肺经,channel_belong_to
辛夷,胃经,channel_belong_to
薤白,心经,channel_belong_to
薤白,肺经,channel_belong_to
薤白,胃经,channel_belong_to
薤白,大肠经,channel_belong_to
缬草,心经,channel_belong_to
缬草,肝经,channel_belong_to
小叶莲,暂无,channel_belong_to
小通草,肺经,channel_belong_to
小通草,胃经,channel_belong_to
小蓟,心经,channel_belong_to
小蓟,肝经,channel_belong_to
小茴香,肝经,channel_belong_to
小茴香,脾经,channel_belong_to
小茴香,胃经,channel_belong_to
小茴香,肾经,channel_belong_to
小飞扬草,暂无,channel_belong_to
小檗皮,暂无,channel_belong_to
小驳骨,肝经,channel_belong_to
小驳骨,肾经,channel_belong_to
香橼,肝经,channel_belong_to
香橼,脾经,channel_belong_to
香橼,肺经,channel_belong_to
香加皮,肝经,channel_belong_to
香加皮,肾经,channel_belong_to
香加皮,心经,channel_belong_to
香附,肝经,channel_belong_to
香附,三焦经,channel_belong_to
相思子,大肠经,channel_belong_to
相思子,胃经,channel_belong_to
相思子,心经,channel_belong_to
仙人掌,胃经,channel_belong_to
仙茅,肾经,channel_belong_to
仙茅,肝经,channel_belong_to
仙茅,脾经,channel_belong_to
仙鹤草,心经,channel_belong_to
仙鹤草,肝经,channel_belong_to
夏天无,肝经,channel_belong_to
夏枯草,肝经,channel_belong_to
夏枯草,胆经,channel_belong_to
霞草,肝经,channel_belong_to
细辛,心经,channel_belong_to
细辛,肺经,channel_belong_to
细辛,肾经,channel_belong_to
喜树果,脾经,channel_belong_to
喜树果,胃经,channel_belong_to
喜树果,肝经,channel_belong_to
豨莶草,肝经,channel_belong_to
豨莶草,肾经,channel_belong_to
溪黄草,肝经,channel_belong_to
溪黄草,胆经,channel_belong_to
溪黄草,大肠经,channel_belong_to
菥蓂,肝经,channel_belong_to
菥蓂,胃经,channel_belong_to
菥蓂,大肠经,channel_belong_to
西洋参,心经,channel_belong_to
西洋参,肺经,channel_belong_to
西洋参,肾经,channel_belong_to
西青果,肺经,channel_belong_to
西青果,大肠经,channel_belong_to
西红花,心经,channel_belong_to
西红花,肝经,channel_belong_to
西河柳,心经,channel_belong_to
西河柳,肺经,channel_belong_to
西河柳,胃经,channel_belong_to
西瓜皮,心经,channel_belong_to
西瓜皮,胃经,channel_belong_to
西瓜皮,膀胱经,channel_belong_to
西番莲,暂无,channel_belong_to
五指毛,肺经,channel_belong_to
五指毛,脾经,channel_belong_to
五指毛,胃经,channel_belong_to
五指毛,大肠经,channel_belong_to
五指毛,肝经,channel_belong_to
五味子,肺经,channel_belong_to
五味子,心经,channel_belong_to
五味子,肾经,channel_belong_to
五灵脂,肝经,channel_belong_to
五加皮,肝经,channel_belong_to
五加皮,肾经,channel_belong_to
五倍子,肺经,channel_belong_to
五倍子,大肠经,channel_belong_to
五倍子,肾经,channel_belong_to
蜈蚣,肝经,channel_belong_to
梧桐子,心经,channel_belong_to
梧桐子,肺经,channel_belong_to
梧桐子,肾经,channel_belong_to
吴茱萸,肝经,channel_belong_to
吴茱萸,脾经,channel_belong_to
吴茱萸,胃经,channel_belong_to
吴茱萸,肾经,channel_belong_to
无患子,心经,channel_belong_to
无患子,肺经,channel_belong_to
无花果,肺经,channel_belong_to
无花果,胃经,channel_belong_to
无花果,大肠经,channel_belong_to
无根藤,暂无,channel_belong_to
巫山淫羊藿,肝经,channel_belong_to
巫山淫羊藿,肾经,channel_belong_to
乌药,肺经,channel_belong_to
乌药,脾经,channel_belong_to
乌药,肾经,channel_belong_to
乌药,膀胱经,channel_belong_to
乌梢蛇,肝经,channel_belong_to
乌梅,肝经,channel_belong_to
乌梅,脾经,channel_belong_to
乌梅,肺经,channel_belong_to
乌梅,大肠经,channel_belong_to
乌蔹莓,心经,channel_belong_to
乌蔹莓,肝经,channel_belong_to
乌蔹莓,胃经,channel_belong_to
乌桕子,暂无,channel_belong_to
问荆,肺经,channel_belong_to
问荆,胃经,channel_belong_to
问荆,肝经,channel_belong_to
委陵菜,大肠经,channel_belong_to
委陵菜,肺经,channel_belong_to
委陵菜,肝经,channel_belong_to
威灵仙,膀胱经,channel_belong_to
王不留行,肝经,channel_belong_to
王不留行,胃经,channel_belong_to
瓦松,肝经,channel_belong_to
瓦松,肺经,channel_belong_to
瓦松,脾经,channel_belong_to
瓦楞子,肺经,channel_belong_to
瓦楞子,胃经,channel_belong_to
瓦楞子,肝经,channel_belong_to
菟丝子,肝经,channel_belong_to
菟丝子,肾经,channel_belong_to
菟丝子,脾经,channel_belong_to
兔儿伞,暂无,channel_belong_to
土三七,暂无,channel_belong_to
土人参,肺经,channel_belong_to
土人参,脾经,channel_belong_to
土牛膝,肝经,channel_belong_to
土牛膝,肾经,channel_belong_to
土木香,肝经,channel_belong_to
土木香,脾经,channel_belong_to
土荆皮,肺经,channel_belong_to
土荆皮,脾经,channel_belong_to
土荆芥,肺经,channel_belong_to
土荆芥,膀胱经,channel_belong_to
土茯苓,胃经,channel_belong_to
土茯苓,肝经,channel_belong_to
土党参,脾经,channel_belong_to
土党参,肺经,channel_belong_to
土大黄,暂无,channel_belong_to
土鳖虫,肝经,channel_belong_to
土贝母,肺经,channel_belong_to
土贝母,脾经,channel_belong_to
透骨香,肾经,channel_belong_to
透骨香,肺经,channel_belong_to
透骨香,肝经,channel_belong_to
透骨草,肾经,channel_belong_to
透骨草,肝经,channel_belong_to
通草,肺经,channel_belong_to
通草,胃经,channel_belong_to
葶苈子,肺经,channel_belong_to
葶苈子,膀胱经,channel_belong_to
铁皮石斛,胃经,channel_belong_to
铁皮石斛,肾经,channel_belong_to
铁包金,肺经,channel_belong_to
铁包金,心经,channel_belong_to
甜瓜子,肺经,channel_belong_to
甜瓜子,胃经,channel_belong_to
甜瓜子,大肠经,channel_belong_to
甜瓜蒂,脾经,channel_belong_to
甜瓜蒂,胃经,channel_belong_to
甜瓜蒂,肝经,channel_belong_to
甜地丁,心经,channel_belong_to
甜地丁,肝经,channel_belong_to
天竺黄,心经,channel_belong_to
天竺黄,肝经,channel_belong_to
天仙子,心经,channel_belong_to
天仙子,肝经,channel_belong_to
天仙子,胃经,channel_belong_to
天仙藤,肝经,channel_belong_to
天仙藤,脾经,channel_belong_to
天仙藤,肾经,channel_belong_to
天山雪莲,暂无,channel_belong_to
天南星,肺经,channel_belong_to
天南星,肝经,channel_belong_to
天南星,脾经,channel_belong_to
天麻,肝经,channel_belong_to
天葵子,肝经,channel_belong_to
天葵子,胃经,channel_belong_to
天花粉,肺经,channel_belong_to
天花粉,胃经,channel_belong_to
天胡荽,脾经,channel_belong_to
天胡荽,胆经,channel_belong_to
天胡荽,肾经,channel_belong_to
天冬,肺经,channel_belong_to
天冬,肾经,channel_belong_to
桃枝,心经,channel_belong_to
桃枝,胃经,channel_belong_to
桃仁,心经,channel_belong_to
桃仁,肝经,channel_belong_to
桃仁,大肠经,channel_belong_to
檀香,肺经,channel_belong_to
檀香,胃经,channel_belong_to
檀香,脾经,channel_belong_to
檀香,心经,channel_belong_to
太子参,脾经,channel_belong_to
太子参,肺经,channel_belong_to
太白米,脾经,channel_belong_to
太白米,肺经,channel_belong_to
太白米,胃经,channel_belong_to
太白米,大肠经,channel_belong_to
太白参,肾经,channel_belong_to
太白参,脾经,channel_belong_to
锁阳,脾经,channel_belong_to
锁阳,肾经,channel_belong_to
锁阳,大肠经,channel_belong_to
娑罗子,肝经,channel_belong_to
娑罗子,胃经,channel_belong_to
酸枣仁,肝经,channel_belong_to
酸枣仁,胆经,channel_belong_to
酸枣仁,心经,channel_belong_to
苏木,心经,channel_belong_to
苏木,肝经,channel_belong_to
苏木,脾经,channel_belong_to
苏合香,心经,channel_belong_to
苏合香,脾经,channel_belong_to
松香,肝经,channel_belong_to
松香,脾经,channel_belong_to
松花粉,肝经,channel_belong_to
松花粉,脾经,channel_belong_to
四叶参,脾经,channel_belong_to
四叶参,肺经,channel_belong_to
四块瓦,肺经,channel_belong_to
四块瓦,肝经,channel_belong_to
四季青,肺经,channel_belong_to
四季青,大肠经,channel_belong_to
四季青,膀胱经,channel_belong_to
丝瓜络,肺经,channel_belong_to
丝瓜络,胃经,channel_belong_to
丝瓜络,肝经,channel_belong_to
水蛭,肝经,channel_belong_to
水翁花,肺经,channel_belong_to
水翁花,脾经,channel_belong_to
水翁花,胃经,channel_belong_to
水牛角,心经,channel_belong_to
水牛角,肝经,channel_belong_to
水茴香,肺经,channel_belong_to
水茴香,脾经,channel_belong_to
水茴香,胃经,channel_belong_to
水红花子,肝经,channel_belong_to
水红花子,胃经,channel_belong_to
水河剑,暂无,channel_belong_to
水飞蓟,肝经,channel_belong_to
水飞蓟,胆经,channel_belong_to
水朝阳,暂无,channel_belong_to
水半夏,肺经,channel_belong_to
水半夏,脾经,channel_belong_to
双参,心经,channel_belong_to
双参,肝经,channel_belong_to
双参,脾经,channel_belong_to
双参,肾经,channel_belong_to
鼠曲草,肺经,channel_belong_to
鼠李,肝经,channel_belong_to
鼠李,肾经,channel_belong_to
熟地黄,肝经,channel_belong_to
熟地黄,肾经,channel_belong_to
首乌藤,心经,channel_belong_to
首乌藤,肝经,channel_belong_to
柿蒂,胃经,channel_belong_to
使君子,脾经,channel_belong_to
使君子,胃经,channel_belong_to
石韦,肺经,channel_belong_to
石韦,膀胱经,channel_belong_to
石蒜,暂无,channel_belong_to
石上柏,肺经,channel_belong_to
石上柏,胃经,channel_belong_to
石上柏,肝经,channel_belong_to
石楠叶,肝经,channel_belong_to
石楠叶,肾经,channel_belong_to
石南藤,肝经,channel_belong_to
石南藤,脾经,channel_belong_to
石榴皮,大肠经,channel_belong_to
石决明,肝经,channel_belong_to
石斛,胃经,channel_belong_to
石斛,肾经,channel_belong_to
石膏,肺经,channel_belong_to
石膏,胃经,channel_belong_to
石吊兰,肺经,channel_belong_to
石菖蒲,心经,channel_belong_to
石菖蒲,胃经,channel_belong_to
石蝉草,肺经,channel_belong_to
石蝉草,脾经,channel_belong_to
石蝉草,肝经,channel_belong_to
石蝉草,肾经,channel_belong_to
十萼茄,暂无,channel_belong_to
蓍草,肺经,channel_belong_to
蓍草,脾经,channel_belong_to
蓍草,膀胱经,channel_belong_to
生姜皮,脾经,channel_belong_to
生姜皮,肺经,channel_belong_to
生姜,肺经,channel_belong_to
生姜,脾经,channel_belong_to
生姜,胃经,channel_belong_to
升麻,肺经,channel_belong_to
升麻,脾经,channel_belong_to
升麻,胃经,channel_belong_to
升麻,大肠经,channel_belong_to
肾茶,肾经,channel_belong_to
肾茶,膀胱经,channel_belong_to
伸筋草,肝经,channel_belong_to
伸筋草,脾经,channel_belong_to
伸筋草,肾经,channel_belong_to
麝香,心经,channel_belong_to
麝香,脾经,channel_belong_to
射干,肺经,channel_belong_to
蛇蜕,肝经,channel_belong_to
蛇莓,肝经,channel_belong_to
蛇莓,肺经,channel_belong_to
蛇莓,大肠经,channel_belong_to
蛇床子,肾经,channel_belong_to
商陆,肺经,channel_belong_to
商陆,脾经,channel_belong_to
商陆,肾经,channel_belong_to
商陆,大肠经,channel_belong_to
山茱萸,肝经,channel_belong_to
山茱萸,肾经,channel_belong_to
山芝麻,肺经,channel_belong_to
山芝麻,大肠经,channel_belong_to
山楂叶,肝经,channel_belong_to
山楂,脾经,channel_belong_to
山楂,胃经,channel_belong_to
山楂,肝经,channel_belong_to
山萸肉,暂无,channel_belong_to
山银花,肺经,channel_belong_to
山银花,心经,channel_belong_to
山银花,胃经,channel_belong_to
山药,脾经,channel_belong_to
山药,肺经,channel_belong_to
山药,肾经,channel_belong_to
山柰,胃经,channel_belong_to
山柰,心经,channel_belong_to
山木通,脾经,channel_belong_to
山木通,胃经,channel_belong_to
山木通,肝经,channel_belong_to
山麦冬,心经,channel_belong_to
山麦冬,肺经,channel_belong_to
山麦冬,胃经,channel_belong_to
山菅兰,暂无,channel_belong_to
山豆根,肺经,channel_belong_to
山豆根,胃经,channel_belong_to
山大颜,暂无,channel_belong_to
山慈菇,肝经,channel_belong_to
山慈菇,脾经,channel_belong_to
砂仁,胃经,channel_belong_to
砂仁,脾经,channel_belong_to
砂仁,肾经,channel_belong_to
沙苑子,肝经,channel_belong_to
沙苑子,肾经,channel_belong_to
沙棘,脾经,channel_belong_to
沙棘,胃经,channel_belong_to
沙棘,肺经,channel_belong_to
沙棘,心经,channel_belong_to
桑枝,肝经,channel_belong_to
桑叶,肺经,channel_belong_to
桑叶,肝经,channel_belong_to
桑椹,心经,channel_belong_to
桑椹,肝经,channel_belong_to
桑椹,肾经,channel_belong_to
桑螵蛸,肝经,channel_belong_to
桑螵蛸,肾经,channel_belong_to
桑寄生,肝经,channel_belong_to
桑寄生,肾经,channel_belong_to
桑白皮,肺经,channel_belong_to
三丫苦,肝经,channel_belong_to
三丫苦,肺经,channel_belong_to
三丫苦,胃经,channel_belong_to
三七,肝经,channel_belong_to
三七,胃经,channel_belong_to
三棱,肝经,channel_belong_to
三棱,脾经,channel_belong_to
三棵针,肝经,channel_belong_to
三棵针,胃经,channel_belong_to
三棵针,大肠经,channel_belong_to
三分三,暂无,channel_belong_to
三白草,肺经,channel_belong_to
三白草,膀胱经,channel_belong_to
蕤仁,暂无,channel_belong_to
乳香,心经,channel_belong_to
乳香,脾经,channel_belong_to
乳香,肝经,channel_belong_to
肉桂,肾经,channel_belong_to
肉桂,脾经,channel_belong_to
肉桂,心经,channel_belong_to
肉桂,肝经,channel_belong_to
肉豆蔻,大肠经,channel_belong_to
肉豆蔻,胃经,channel_belong_to
肉豆蔻,脾经,channel_belong_to
肉苁蓉,肾经,channel_belong_to
肉苁蓉,大肠经,channel_belong_to
榕树叶,肺经,channel_belong_to
榕树叶,大肠经,channel_belong_to
日草根,暂无,channel_belong_to
忍冬藤,肺经,channel_belong_to
忍冬藤,胃经,channel_belong_to
人参叶,肺经,channel_belong_to
人参叶,胃经,channel_belong_to
人参,心经,channel_belong_to
人参,肺经,channel_belong_to
人参,脾经,channel_belong_to
人参,肾经,channel_belong_to
拳参,肺经,channel_belong_to
拳参,肝经,channel_belong_to
拳参,大肠经,channel_belong_to
全蝎,肝经,channel_belong_to
瞿麦,心经,channel_belong_to
瞿麦,小肠经,channel_belong_to
苘麻子,大肠经,channel_belong_to
苘麻子,小肠经,channel_belong_to
青叶胆,肝经,channel_belong_to
青叶胆,胆经,channel_belong_to
青叶胆,膀胱经,channel_belong_to
青羊参,心经,channel_belong_to
青羊参,肝经,channel_belong_to
青羊参,脾经,channel_belong_to
青葙子,肝经,channel_belong_to
青天葵,心经,channel_belong_to
青天葵,肺经,channel_belong_to
青天葵,肝经,channel_belong_to
青皮,肝经,channel_belong_to
青皮,胆经,channel_belong_to
青皮,胃经,channel_belong_to
青牛胆,暂无,channel_belong_to
青木香,肺经,channel_belong_to
青木香,胃经,channel_belong_to
青木香,肝经,channel_belong_to
青礞石,暂无,channel_belong_to
青蒿,胆经,channel_belong_to
青蒿,肝经,channel_belong_to
青果,肺经,channel_belong_to
青果,胃经,channel_belong_to
青风藤,肝经,channel_belong_to
青风藤,脾经,channel_belong_to
青黛,肝经,channel_belong_to
秦皮,肝经,channel_belong_to
秦皮,胆经,channel_belong_to
秦皮,大肠经,channel_belong_to
秦艽,胃经,channel_belong_to
秦艽,肝经,channel_belong_to
秦艽,胆经,channel_belong_to
羌活,膀胱经,channel_belong_to
羌活,肾经,channel_belong_to
茜草,肝经,channel_belong_to
芡实,脾经,channel_belong_to
芡实,肾经,channel_belong_to
前胡,肺经,channel_belong_to
牵牛子,肺经,channel_belong_to
牵牛子,肾经,channel_belong_to
牵牛子,大肠经,channel_belong_to
千日红,肺经,channel_belong_to
千日红,肝经,channel_belong_to
千年健,肝经,channel_belong_to
千年健,肾经,channel_belong_to
千里光,肝经,channel_belong_to
千里光,肺经,channel_belong_to
千金子,肝经,channel_belong_to
千金子,肾经,channel_belong_to
千金子,大肠经,channel_belong_to
千斤拔,肝经,channel_belong_to
千斤拔,肾经,channel_belong_to
荠苨,肺经,channel_belong_to
荠苨,脾经,channel_belong_to
荠菜,肝经,channel_belong_to
荠菜,脾经,channel_belong_to
荠菜,膀胱经,channel_belong_to
七叶一枝花,肝经,channel_belong_to
七叶莲,暂无,channel_belong_to
蒲黄,肝经,channel_belong_to
蒲黄,心经,channel_belong_to
蒲公英,肝经,channel_belong_to
蒲公英,胃经,channel_belong_to
平贝母,肺经,channel_belong_to
平贝母,心经,channel_belong_to
片姜黄,脾经,channel_belong_to
片姜黄,肝经,channel_belong_to
辟汗草,肝经,channel_belong_to
辟汗草,脾经,channel_belong_to
辟汗草,胃经,channel_belong_to
啤酒花,肝经,channel_belong_to
啤酒花,胃经,channel_belong_to
枇杷叶,肺经,channel_belong_to
枇杷叶,胃经,channel_belong_to
硼砂,肺经,channel_belong_to
硼砂,胃经,channel_belong_to
佩兰,脾经,channel_belong_to
佩兰,胃经,channel_belong_to
佩兰,肺经,channel_belong_to
胖大海,肺经,channel_belong_to
胖大海,大肠经,channel_belong_to
盘龙七,脾经,channel_belong_to
盘龙七,肝经,channel_belong_to
盘龙七,膀胱经,channel_belong_to
盘龙七,肺经,channel_belong_to
盘龙参,肺经,channel_belong_to
盘龙参,心经,channel_belong_to
爬山虎,暂无,channel_belong_to
藕节,肝经,channel_belong_to
藕节,肺经,channel_belong_to
藕节,胃经,channel_belong_to
女贞子,肝经,channel_belong_to
女贞子,肾经,channel_belong_to
糯稻根,肺经,channel_belong_to
糯稻根,肾经,channel_belong_to
扭肚藤,胃经,channel_belong_to
扭肚藤,大肠经,channel_belong_to
牛至,肺经,channel_belong_to
牛至,胃经,channel_belong_to
牛至,肝经,channel_belong_to
牛膝,肝经,channel_belong_to
牛膝,肾经,channel_belong_to
牛黄,心经,channel_belong_to
牛黄,肝经,channel_belong_to
牛耳枫,肝经,channel_belong_to
牛耳枫,肾经,channel_belong_to
牛大力,肺经,channel_belong_to
牛大力,脾经,channel_belong_to
牛大力,肾经,channel_belong_to
牛蒡子,肺经,channel_belong_to
牛蒡子,胃经,channel_belong_to
闹羊花,肝经,channel_belong_to
硇砂,肝经,channel_belong_to
硇砂,脾经,channel_belong_to
硇砂,胃经,channel_belong_to
南五味子,肺经,channel_belong_to
南五味子,心经,channel_belong_to
南五味子,肾经,channel_belong_to
南天竹叶,暂无,channel_belong_to
南山楂,脾经,channel_belong_to
南山楂,胃经,channel_belong_to
南山楂,肝经,channel_belong_to
南沙参,肺经,channel_belong_to
南沙参,胃经,channel_belong_to
南鹤虱,脾经,channel_belong_to
南鹤虱,胃经,channel_belong_to
南瓜子,大肠经,channel_belong_to
南板蓝根,心经,channel_belong_to
南板蓝根,胃经,channel_belong_to
木贼,肺经,channel_belong_to
木贼,肝经,channel_belong_to
木香,脾经,channel_belong_to
木香,胃经,channel_belong_to
木香,大肠经,channel_belong_to
木香,三焦经,channel_belong_to
木香,胆经,channel_belong_to
木通,心经,channel_belong_to
木通,小肠经,channel_belong_to
木通,膀胱经,channel_belong_to
木棉花,大肠经,channel_belong_to
木槿皮,大肠经,channel_belong_to
木槿皮,肝经,channel_belong_to
木槿皮,脾经,channel_belong_to
木槿花,脾经,channel_belong_to
木槿花,肺经,channel_belong_to
木槿花,肝经,channel_belong_to
木蝴蝶,肺经,channel_belong_to
木蝴蝶,肝经,channel_belong_to
木蝴蝶,胃经,channel_belong_to
木瓜,肝经,channel_belong_to
木瓜,脾经,channel_belong_to
木芙蓉叶,肺经,channel_belong_to
木芙蓉叶,肝经,channel_belong_to
木防己,膀胱经,channel_belong_to
木防己,肾经,channel_belong_to
木防己,脾经,channel_belong_to
木耳,肺经,channel_belong_to
木耳,脾经,channel_belong_to
木耳,大肠经,channel_belong_to
木耳,肝经,channel_belong_to
木鳖子,脾经,channel_belong_to
木鳖子,胃经,channel_belong_to
木鳖子,肝经,channel_belong_to
牡蛎,肝经,channel_belong_to
牡蛎,胆经,channel_belong_to
牡蛎,肾经,channel_belong_to
牡荆叶,肺经,channel_belong_to
牡蒿,暂无,channel_belong_to
牡丹皮,心经,channel_belong_to
牡丹皮,肝经,channel_belong_to
牡丹皮,肾经,channel_belong_to
母丁香,脾经,channel_belong_to
母丁香,胃经,channel_belong_to
母丁香,肺经,channel_belong_to
母丁香,肾经,channel_belong_to
墨旱莲,肾经,channel_belong_to
墨旱莲,肝经,channel_belong_to
茉莉花,脾经,channel_belong_to
茉莉花,胃经,channel_belong_to
茉莉花,肝经,channel_belong_to
明党参,肺经,channel_belong_to
明党参,脾经,channel_belong_to
明党参,肝经,channel_belong_to
绵马贯众,肝经,channel_belong_to
绵马贯众,胃经,channel_belong_to
绵萆薢,肾经,channel_belong_to
绵萆薢,胃经,channel_belong_to
密蒙花,肝经,channel_belong_to
猕猴桃,胃经,channel_belong_to
猕猴桃,肝经,channel_belong_to
猕猴桃,肾经,channel_belong_to
虻虫,肝经,channel_belong_to
梅花,肝经,channel_belong_to
梅花,胃经,channel_belong_to
梅花,肺经,channel_belong_to
玫瑰花,肝经,channel_belong_to
玫瑰花,脾经,channel_belong_to
没药,心经,channel_belong_to
没药,肝经,channel_belong_to
没药,脾经,channel_belong_to
毛诃子,暂无,channel_belong_to
毛草龙,暂无,channel_belong_to
猫爪草,肝经,channel_belong_to
猫爪草,肺经,channel_belong_to
芒硝,胃经,channel_belong_to
芒硝,大肠经,channel_belong_to
蔓荆子,膀胱经,channel_belong_to
蔓荆子,肝经,channel_belong_to
蔓荆子,胃经,channel_belong_to
满山红,肺经,channel_belong_to
麦芽,脾经,channel_belong_to
麦芽,胃经,channel_belong_to
麦冬,心经,channel_belong_to
麦冬,肺经,channel_belong_to
麦冬,胃经,channel_belong_to
马尾连,暂无,channel_belong_to
马蹄金,暂无,channel_belong_to
马桑根,暂无,channel_belong_to
马钱子,脾经,channel_belong_to
马钱子,肝经,channel_belong_to
马蔺子,肝经,channel_belong_to
马蔺子,胃经,channel_belong_to
马蔺子,脾经,channel_belong_to
马蔺子,肺经,channel_belong_to
马兰,肺经,channel_belong_to
马兰,肝经,channel_belong_to
马兰,胃经,channel_belong_to
马兰,大肠经,channel_belong_to
马兜铃,肺经,channel_belong_to
马兜铃,大肠经,channel_belong_to
马齿苋,大肠经,channel_belong_to
马齿苋,肝经,channel_belong_to
马勃,肺经,channel_belong_to
马鞭草,肝经,channel_belong_to
马鞭草,脾经,channel_belong_to
马宝,心经,channel_belong_to
马宝,肝经,channel_belong_to
麻油,大肠经,channel_belong_to
麻黄根,肺经,channel_belong_to
麻黄根,心经,channel_belong_to
麻黄,肺经,channel_belong_to
麻黄,膀胱经,channel_belong_to
葎草,肺经,channel_belong_to
葎草,肾经,channel_belong_to
绿豆,心经,channel_belong_to
绿豆,肝经,channel_belong_to
绿豆,胃经,channel_belong_to
落地生根,肺经,channel_belong_to
落地生根,肾经,channel_belong_to
络石藤,心经,channel_belong_to
络石藤,肝经,channel_belong_to
络石藤,肾经,channel_belong_to
萝芙木,暂无,channel_belong_to
罗勒,暂无,channel_belong_to
罗汉果,肺经,channel_belong_to
罗汉果,大肠经,channel_belong_to
罗布麻叶,肝经,channel_belong_to
路路通,肝经,channel_belong_to
路路通,肾经,channel_belong_to
鹿药,肾经,channel_belong_to
鹿药,肝经,channel_belong_to
鹿衔草,肝经,channel_belong_to
鹿衔草,肾经,channel_belong_to
鹿茸,肾经,channel_belong_to
鹿茸,肝经,channel_belong_to
陆英,肝经,channel_belong_to
炉甘石,肝经,channel_belong_to
炉甘石,脾经,channel_belong_to
芦荟,大肠经,channel_belong_to
芦荟,胃经,channel_belong_to
芦荟,肝经,channel_belong_to
芦根,肺经,channel_belong_to
芦根,胃经,channel_belong_to
漏芦,胃经,channel_belong_to
龙眼肉,心经,channel_belong_to
龙眼肉,脾经,channel_belong_to
龙涎香,心经,channel_belong_to
龙涎香,肝经,channel_belong_to
龙涎香,肺经,channel_belong_to
龙涎香,肾经,channel_belong_to
龙脷叶,肺经,channel_belong_to
龙脷叶,胃经,channel_belong_to
龙葵,膀胱经,channel_belong_to
龙骨,心经,channel_belong_to
龙骨,肝经,channel_belong_to
龙骨,肾经,channel_belong_to
龙骨,大肠经,channel_belong_to
龙胆,肝经,channel_belong_to
龙胆,胆经,channel_belong_to
龙齿,心经,channel_belong_to
龙齿,肝经,channel_belong_to
六月寒,肺经,channel_belong_to
六神曲,脾经,channel_belong_to
六神曲,胃经,channel_belong_to
六棱菊,膀胱经,channel_belong_to
六棱菊,脾经,channel_belong_to
六棱菊,肺经,channel_belong_to
柳枝,胃经,channel_belong_to
柳枝,肝经,channel_belong_to
硫黄,肾经,channel_belong_to
硫黄,大肠经,channel_belong_to
刘寄奴,心经,channel_belong_to
刘寄奴,肝经,channel_belong_to
刘寄奴,脾经,channel_belong_to
羚羊角,肝经,channel_belong_to
羚羊角,心经,channel_belong_to
凌霄花,肝经,channel_belong_to
凌霄花,心包经,channel_belong_to
灵芝,心经,channel_belong_to
灵芝,肺经,channel_belong_to
灵芝,肝经,channel_belong_to
灵芝,肾经,channel_belong_to
灵香草,肺经,channel_belong_to
蓼大青叶,心经,channel_belong_to
蓼大青叶,胃经,channel_belong_to
两头尖,脾经,channel_belong_to
两面针,胃经,channel_belong_to
两面针,肝经,channel_belong_to
凉粉草,暂无,channel_belong_to
莨菪叶,暂无,channel_belong_to
莲子心,肾经,channel_belong_to
莲子心,心经,channel_belong_to
莲子,脾经,channel_belong_to
莲子,肾经,channel_belong_to
莲子,心经,channel_belong_to
莲房,肝经,channel_belong_to
连翘,肺经,channel_belong_to
连翘,心经,channel_belong_to
连翘,小肠经,channel_belong_to
连钱草,肝经,channel_belong_to
连钱草,肾经,channel_belong_to
连钱草,膀胱经,channel_belong_to
荔枝核,肝经,channel_belong_to
荔枝核,肾经,channel_belong_to
藜芦,肝经,channel_belong_to
藜芦,肺经,channel_belong_to
藜芦,胃经,channel_belong_to
藜,暂无,channel_belong_to
雷丸,大肠经,channel_belong_to
雷丸,胃经,channel_belong_to
雷公藤,心经,channel_belong_to
雷公藤,肝经,channel_belong_to
了哥王,肺经,channel_belong_to
了哥王,胃经,channel_belong_to
老鹳草,肝经,channel_belong_to
老鹳草,肾经,channel_belong_to
老鹳草,脾经,channel_belong_to
榔榆皮,肝经,channel_belong_to
榔榆皮,肾经,channel_belong_to
狼毒,肝经,channel_belong_to
狼毒,脾经,channel_belong_to
蓝布正,肝经,channel_belong_to
蓝布正,脾经,channel_belong_to
蓝布正,肺经,channel_belong_to
莱菔子,脾经,channel_belong_to
莱菔子,胃经,channel_belong_to
莱菔子,肺经,channel_belong_to
辣蓼,脾经,channel_belong_to
辣蓼,胃经,channel_belong_to
辣蓼,大肠经,channel_belong_to
辣椒,心经,channel_belong_to
辣椒,脾经,channel_belong_to
昆布,肝经,channel_belong_to
昆布,胃经,channel_belong_to
昆布,肾经,channel_belong_to
款冬花,肺经,channel_belong_to
宽筋藤,肝经,channel_belong_to
苦玄参,肺经,channel_belong_to
苦玄参,胃经,channel_belong_to
苦玄参,肝经,channel_belong_to
苦杏仁,肺经,channel_belong_to
苦杏仁,大肠经,channel_belong_to
苦石莲,心经,channel_belong_to
苦石莲,脾经,channel_belong_to
苦石莲,肾经,channel_belong_to
苦木,肺经,channel_belong_to
苦木,大肠经,channel_belong_to
苦荬菜,暂无,channel_belong_to
苦楝皮,胃经,channel_belong_to
苦楝皮,脾经,channel_belong_to
苦楝皮,肝经,channel_belong_to
苦瓜,心经,channel_belong_to
苦瓜,脾经,channel_belong_to
苦瓜,肺经,channel_belong_to
苦丁茶,肝经,channel_belong_to
苦丁茶,肺经,channel_belong_to
苦丁茶,胃经,channel_belong_to
苦地丁,心经,channel_belong_to
苦地丁,肝经,channel_belong_to
苦地丁,大肠经,channel_belong_to
苦地胆,肺经,channel_belong_to
苦地胆,肝经,channel_belong_to
苦地胆,肾经,channel_belong_to
苦参,心经,channel_belong_to
苦参,肝经,channel_belong_to
苦参,胃经,channel_belong_to
苦参,大肠经,channel_belong_to
苦参,膀胱经,channel_belong_to
榼藤子,胃经,channel_belong_to
榼藤子,肝经,channel_belong_to
榼藤子,大肠经,channel_belong_to
决明子,肝经,channel_belong_to
决明子,肾经,channel_belong_to
决明子,大肠经,channel_belong_to
卷柏,肝经,channel_belong_to
卷柏,心经,channel_belong_to
橘核,肝经,channel_belong_to
橘核,肾经,channel_belong_to
菊苣,暂无,channel_belong_to
菊花,肺经,channel_belong_to
菊花,肝经,channel_belong_to
桔梗,肺经,channel_belong_to
救必应,肺经,channel_belong_to
救必应,肝经,channel_belong_to
救必应,大肠经,channel_belong_to
救必应,胃经,channel_belong_to
韭菜子,肾经,channel_belong_to
韭菜子,肝经,channel_belong_to
九香虫,肝经,channel_belong_to
九香虫,脾经,channel_belong_to
九香虫,肾经,channel_belong_to
九龙藤,肝经,channel_belong_to
九龙藤,大肠经,channel_belong_to
九里香,肝经,channel_belong_to
九里香,胃经,channel_belong_to
九层塔,肺经,channel_belong_to
九层塔,脾经,channel_belong_to
九层塔,胃经,channel_belong_to
九层塔,大肠经,channel_belong_to
景天三七,心经,channel_belong_to
景天三七,肝经,channel_belong_to
荆芥,肺经,channel_belong_to
荆芥,肝经,channel_belong_to
锦灯笼,肺经,channel_belong_to
筋骨草,肺经,channel_belong_to
金樱子,肾经,channel_belong_to
金樱子,膀胱经,channel_belong_to
金樱子,大肠经,channel_belong_to
金银花,肺经,channel_belong_to
金银花,心经,channel_belong_to
金银花,胃经,channel_belong_to
金铁锁,肝经,channel_belong_to
金丝草,暂无,channel_belong_to
金荞麦,肺经,channel_belong_to
金钱草,肝经,channel_belong_to
金钱草,胆经,channel_belong_to
金钱草,肾经,channel_belong_to
金钱草,膀胱经,channel_belong_to
金钱白花蛇,肝经,channel_belong_to
金礞石,肺经,channel_belong_to
金礞石,心经,channel_belong_to
金礞石,肝经,channel_belong_to
金莲花,肺经,channel_belong_to
金莲花,胃经,channel_belong_to
金果榄,肺经,channel_belong_to
金果榄,大肠经,channel_belong_to
金沸草,肺经,channel_belong_to
金沸草,大肠经,channel_belong_to
芥子,肺经,channel_belong_to
绞股蓝,肺经,channel_belong_to
绞股蓝,脾经,channel_belong_to
绞股蓝,肾经,channel_belong_to
椒目,脾经,channel_belong_to
椒目,肺经,channel_belong_to
椒目,膀胱经,channel_belong_to
降香,肝经,channel_belong_to
降香,脾经,channel_belong_to
降香,心经,channel_belong_to
僵蚕,肝经,channel_belong_to
僵蚕,肺经,channel_belong_to
僵蚕,胃经,channel_belong_to
姜黄,脾经,channel_belong_to
姜黄,肝经,channel_belong_to
剑花,肺经,channel_belong_to
假芫茜,肺经,channel_belong_to
假芫茜,脾经,channel_belong_to
假芫茜,胃经,channel_belong_to
假芫茜,大肠经,channel_belong_to
檵木叶,肝经,channel_belong_to
檵木叶,胃经,channel_belong_to
檵木叶,大肠经,channel_belong_to
寄生黄,肺经,channel_belong_to
寄生黄,胃经,channel_belong_to
寄生黄,肝经,channel_belong_to
蒺藜,肝经,channel_belong_to
急性子,肺经,channel_belong_to
急性子,肝经,channel_belong_to
吉祥草,肺经,channel_belong_to
吉祥草,肝经,channel_belong_to
吉祥草,脾经,channel_belong_to
积雪草,肝经,channel_belong_to
积雪草,脾经,channel_belong_to
积雪草,肾经,channel_belong_to
鸡爪大黄,脾经,channel_belong_to
鸡爪大黄,胃经,channel_belong_to
鸡爪大黄,大肠经,channel_belong_to
鸡爪大黄,肝经,channel_belong_to
鸡爪大黄,心包经,channel_belong_to
鸡眼草,胃经,channel_belong_to
鸡眼草,大肠经,channel_belong_to
鸡血藤,肝经,channel_belong_to
鸡血藤,肾经,channel_belong_to
鸡矢藤,脾经,channel_belong_to
鸡矢藤,胃经,channel_belong_to
鸡矢藤,肝经,channel_belong_to
鸡矢藤,肺经,channel_belong_to
鸡内金,脾经,channel_belong_to
鸡内金,胃经,channel_belong_to
鸡内金,小肠经,channel_belong_to
鸡内金,膀胱经,channel_belong_to
鸡冠花,肝经,channel_belong_to
鸡冠花,大肠经,channel_belong_to
鸡骨香,暂无,channel_belong_to
鸡骨草,胃经,channel_belong_to
鸡骨草,肝经,channel_belong_to
鸡蛋花,肺经,channel_belong_to
鸡蛋花,大肠经,channel_belong_to
藿香,肺经,channel_belong_to
藿香,脾经,channel_belong_to
藿香,胃经,channel_belong_to
火炭母,肝经,channel_belong_to
火炭母,脾经,channel_belong_to
火麻仁,脾经,channel_belong_to
火麻仁,胃经,channel_belong_to
火麻仁,大肠经,channel_belong_to
回回蒜,肝经,channel_belong_to
黄药子,肝经,channel_belong_to
黄药子,心经,channel_belong_to
黄藤,心经,channel_belong_to
黄藤,肝经,channel_belong_to
黄蜀葵,肾经,channel_belong_to
黄蜀葵,膀胱经,channel_belong_to
黄蜀葵,胃经,channel_belong_to
黄芩,肺经,channel_belong_to
黄芩,胆经,channel_belong_to
黄芩,脾经,channel_belong_to
黄芩,大肠经,channel_belong_to
黄芩,小肠经,channel_belong_to
黄芪,脾经,channel_belong_to
黄芪,肺经,channel_belong_to
黄皮核,肺经,channel_belong_to
黄皮核,胃经,channel_belong_to
黄皮核,肝经,channel_belong_to
黄连,心经,channel_belong_to
黄连,脾经,channel_belong_to
黄连,胃经,channel_belong_to
黄连,肝经,channel_belong_to
黄连,胆经,channel_belong_to
黄连,大肠经,channel_belong_to
黄精,肺经,channel_belong_to
黄精,脾经,channel_belong_to
黄精,肾经,channel_belong_to
黄荆子,肺经,channel_belong_to
黄荆子,胃经,channel_belong_to
黄荆子,肝经,channel_belong_to
黄花倒水莲,肝经,channel_belong_to
黄花倒水莲,肾经,channel_belong_to
黄花倒水莲,脾经,channel_belong_to
黄柏,肾经,channel_belong_to
黄柏,膀胱经,channel_belong_to
槐枝,心经,channel_belong_to
槐枝,肝经,channel_belong_to
槐角,肝经,channel_belong_to
槐角,大肠经,channel_belong_to
槐花,肝经,channel_belong_to
槐花,大肠经,channel_belong_to
化橘红,肺经,channel_belong_to
化橘红,脾经,channel_belong_to
滑石,膀胱经,channel_belong_to
滑石,肺经,channel_belong_to
滑石,胃经,channel_belong_to
华山参,肺经,channel_belong_to
华山参,心经,channel_belong_to
花蕊石,肝经,channel_belong_to
花椒,脾经,channel_belong_to
花椒,胃经,channel_belong_to
花椒,肾经,channel_belong_to
琥珀,心经,channel_belong_to
琥珀,肝经,channel_belong_to
琥珀,膀胱经,channel_belong_to
虎杖,肝经,channel_belong_to
虎杖,胆经,channel_belong_to
虎杖,肺经,channel_belong_to
虎耳草,肺经,channel_belong_to
虎耳草,胃经,channel_belong_to
槲寄生,肝经,channel_belong_to
槲寄生,肾经,channel_belong_to
湖北贝母,肺经,channel_belong_to
湖北贝母,心经,channel_belong_to
葫芦茶,肺经,channel_belong_to
葫芦茶,膀胱经,channel_belong_to
葫芦茶,肝经,channel_belong_to
葫芦,肺经,channel_belong_to
葫芦,脾经,channel_belong_to
葫芦,肾经,channel_belong_to
胡颓子叶,肺经,channel_belong_to
胡荽,肺经,channel_belong_to
胡荽,脾经,channel_belong_to
胡荽,肝经,channel_belong_to
胡芦巴,肾经,channel_belong_to
胡椒,大肠经,channel_belong_to
胡椒,胃经,channel_belong_to
胡黄连,肝经,channel_belong_to
胡黄连,胃经,channel_belong_to
胡黄连,大肠经,channel_belong_to
厚朴花,脾经,channel_belong_to
厚朴花,胃经,channel_belong_to
厚朴,脾经,channel_belong_to
厚朴,胃经,channel_belong_to
厚朴,肺经,channel_belong_to
厚朴,大肠经,channel_belong_to
猴耳环,脾经,channel_belong_to
猴耳环,胃经,channel_belong_to
猴耳环,肝经,channel_belong_to
红鱼眼,暂无,channel_belong_to
红药子,胃经,channel_belong_to
红药子,脾经,channel_belong_to
红药子,膀胱经,channel_belong_to
红药子,大肠经,channel_belong_to
红天葵,暂无,channel_belong_to
红丝线,肺经,channel_belong_to
红曲,肝经,channel_belong_to
红曲,脾经,channel_belong_to
红曲,大肠经,channel_belong_to
红芪,肺经,channel_belong_to
红芪,脾经,channel_belong_to
红景天,肺经,channel_belong_to
红景天,心经,channel_belong_to
红花,心经,channel_belong_to
红花,肝经,channel_belong_to
红粉,肺经,channel_belong_to
红粉,脾经,channel_belong_to
红豆蔻,肺经,channel_belong_to
红豆蔻,脾经,channel_belong_to
红大戟,肺经,channel_belong_to
红大戟,脾经,channel_belong_to
红大戟,肾经,channel_belong_to
红参,脾经,channel_belong_to
红参,肺经,channel_belong_to
红参,心经,channel_belong_to
红参,肾经,channel_belong_to
黑种草子,暂无,channel_belong_to
黑芝麻,肝经,channel_belong_to
黑芝麻,肾经,channel_belong_to
黑芝麻,大肠经,channel_belong_to
黑豆,脾经,channel_belong_to
黑豆,肾经,channel_belong_to
鹤虱,脾经,channel_belong_to
鹤虱,胃经,channel_belong_to
鹤草芽,暂无,channel_belong_to
核桃仁,肾经,channel_belong_to
核桃仁,肺经,channel_belong_to
核桃仁,大肠经,channel_belong_to
荷叶,肝经,channel_belong_to
荷叶,脾经,channel_belong_to
荷叶,胃经,channel_belong_to
何首乌,肝经,channel_belong_to
何首乌,肾经,channel_belong_to
何首乌,心经,channel_belong_to
合欢皮,心经,channel_belong_to
合欢皮,肝经,channel_belong_to
合欢皮,肺经,channel_belong_to
合欢花,心经,channel_belong_to
合欢花,肝经,channel_belong_to
诃子,肺经,channel_belong_to
诃子,大肠经,channel_belong_to
汉桃叶,肝经,channel_belong_to
汉桃叶,脾经,channel_belong_to
汉桃叶,胃经,channel_belong_to
蔊菜,肺经,channel_belong_to
蔊菜,肝经,channel_belong_to
海藻,肝经,channel_belong_to
海藻,胃经,channel_belong_to
海藻,肾经,channel_belong_to
海芋,心经,channel_belong_to
海芋,肝经,channel_belong_to
海芋,胆经,channel_belong_to
海芋,大肠经,channel_belong_to
海桐皮,肝经,channel_belong_to
海桐皮,脾经,channel_belong_to
海螵蛸,脾经,channel_belong_to
海螵蛸,肾经,channel_belong_to
海马,肝经,channel_belong_to
海马,肾经,channel_belong_to
海龙,肝经,channel_belong_to
海龙,肾经,channel_belong_to
海金沙,膀胱经,channel_belong_to
海金沙,小肠经,channel_belong_to
海蛤壳,肺经,channel_belong_to
海蛤壳,肝经,channel_belong_to
海蛤壳,胃经,channel_belong_to
海浮石,肺经,channel_belong_to
海浮石,肾经,channel_belong_to
海风藤,肝经,channel_belong_to
海参,肾经,channel_belong_to
海参,肺经,channel_belong_to
蛤蚧,肺经,channel_belong_to
蛤蚧,肾经,channel_belong_to
桂枝,膀胱经,channel_belong_to
桂枝,心经,channel_belong_to
桂枝,肺经,channel_belong_to
桂皮,胃经,channel_belong_to
桂皮,大肠经,channel_belong_to
桂皮,肝经,channel_belong_to
桂皮,肾经,channel_belong_to
桂花,肺经,channel_belong_to
桂花,脾经,channel_belong_to
桂花,肾经,channel_belong_to
鬼针草,肝经,channel_belong_to
鬼针草,肺经,channel_belong_to
鬼针草,大肠经,channel_belong_to
鬼箭羽,肝经,channel_belong_to
鬼箭羽,脾经,channel_belong_to
龟甲,肝经,channel_belong_to
龟甲,肾经,channel_belong_to
龟甲,心经,channel_belong_to
广枣,暂无,channel_belong_to
广升麻,肺经,channel_belong_to
广升麻,胃经,channel_belong_to
广山药,脾经,channel_belong_to
广山药,肺经,channel_belong_to
广山药,胃经,channel_belong_to
广昆布,肾经,channel_belong_to
广金钱草,肝经,channel_belong_to
广金钱草,肾经,channel_belong_to
广金钱草,膀胱经,channel_belong_to
广藿香,胃经,channel_belong_to
广藿香,脾经,channel_belong_to
广藿香,肺经,channel_belong_to
广东紫荆皮,暂无,channel_belong_to
广东王不留行,胃经,channel_belong_to
广东王不留行,肝经,channel_belong_to
广东王不留行,大肠经,channel_belong_to
广东土牛膝,暂无,channel_belong_to
广东络石藤,心经,channel_belong_to
广东络石藤,肝经,channel_belong_to
广东络石藤,肾经,channel_belong_to
广东刘寄奴,心经,channel_belong_to
广东刘寄奴,肝经,channel_belong_to
广东刘寄奴,脾经,channel_belong_to
广东狼毒,心经,channel_belong_to
广东狼毒,肝经,channel_belong_to
广东狼毒,胆经,channel_belong_to
广东狼毒,大肠经,channel_belong_to
广东合欢花,心经,channel_belong_to
广东合欢花,肝经,channel_belong_to
广东海桐皮,肝经,channel_belong_to
广东海桐皮,肾经,channel_belong_to
广东海风藤,暂无,channel_belong_to
贯众,肝经,channel_belong_to
贯众,胃经,channel_belong_to
贯叶金丝桃,肝经,channel_belong_to
关黄柏,肾经,channel_belong_to
关黄柏,膀胱经,channel_belong_to
瓜子金,肺经,channel_belong_to
瓜蒌,肺经,channel_belong_to
瓜蒌,大肠经,channel_belong_to
瓜蒌,胃经,channel_belong_to
骨碎补,肝经,channel_belong_to
骨碎补,肾经,channel_belong_to
谷芽,脾经,channel_belong_to
谷芽,胃经,channel_belong_to
谷精草,肝经,channel_belong_to
谷精草,肺经,channel_belong_to
枸杞子,肝经,channel_belong_to
枸杞子,肾经,channel_belong_to
枸骨叶,肝经,channel_belong_to
枸骨叶,肾经,channel_belong_to
狗肾,肾经,channel_belong_to
狗脊,肝经,channel_belong_to
狗脊,肾经,channel_belong_to
狗肝菜,心经,channel_belong_to
狗肝菜,肝经,channel_belong_to
狗肝菜,肺经,channel_belong_to
钩藤,肝经,channel_belong_to
钩藤,心包经,channel_belong_to
功劳木,肝经,channel_belong_to
功劳木,胃经,channel_belong_to
功劳木,大肠经,channel_belong_to
葛根,脾经,channel_belong_to
葛根,胃经,channel_belong_to
藁本,膀胱经,channel_belong_to
高良姜,脾经,channel_belong_to
高良姜,胃经,channel_belong_to
杠板归,肺经,channel_belong_to
杠板归,膀胱经,channel_belong_to
岗稔根,肝经,channel_belong_to
岗稔根,肾经,channel_belong_to
岗梅根,肺经,channel_belong_to
岗梅根,肝经,channel_belong_to
岗梅根,大肠经,channel_belong_to
干漆,肝经,channel_belong_to
干漆,脾经,channel_belong_to
干姜,脾经,channel_belong_to
干姜,胃经,channel_belong_to
干姜,心经,channel_belong_to
干姜,肾经,channel_belong_to
干姜,肺经,channel_belong_to
甘遂,肺经,channel_belong_to
甘遂,肾经,channel_belong_to
甘遂,大肠经,channel_belong_to
甘肃丹参,心经,channel_belong_to
甘肃丹参,肝经,channel_belong_to
甘松,脾经,channel_belong_to
甘松,胃经,channel_belong_to
甘草,心经,channel_belong_to
甘草,胃经,channel_belong_to
甘草,脾经,channel_belong_to
甘草,肺经,channel_belong_to
覆盆子,肾经,channel_belong_to
覆盆子,膀胱经,channel_belong_to
附子,心经,channel_belong_to
附子,肾经,channel_belong_to
附子,脾经,channel_belong_to
浮小麦,心经,channel_belong_to
浮萍,肺经,channel_belong_to
茯神,心经,channel_belong_to
茯神,脾经,channel_belong_to
茯苓,心经,channel_belong_to
茯苓,肺经,channel_belong_to
茯苓,脾经,channel_belong_to
茯苓,肾经,channel_belong_to
扶桑花,心经,channel_belong_to
扶桑花,肺经,channel_belong_to
扶桑花,肝经,channel_belong_to
扶桑花,脾经,channel_belong_to
扶芳藤,肝经,channel_belong_to
扶芳藤,脾经,channel_belong_to
扶芳藤,肾经,channel_belong_to
伏龙肝,脾经,channel_belong_to
伏龙肝,胃经,channel_belong_to
佛手,肺经,channel_belong_to
佛手,脾经,channel_belong_to
佛手,肝经,channel_belong_to
佛甲草,心经,channel_belong_to
佛甲草,肺经,channel_belong_to
佛甲草,肝经,channel_belong_to
佛甲草,脾经,channel_belong_to
凤眼果,胃经,channel_belong_to
凤眼果,大肠经,channel_belong_to
凤眼果,小肠经,channel_belong_to
凤尾草,大肠经,channel_belong_to
凤尾草,心经,channel_belong_to
凤尾草,肝经,channel_belong_to
凤凰衣,脾经,channel_belong_to
凤凰衣,胃经,channel_belong_to
凤凰衣,肺经,channel_belong_to
蜂房,胃经,channel_belong_to
枫香脂,肺经,channel_belong_to
枫香脂,脾经,channel_belong_to
粉葛,胃经,channel_belong_to
粉葛,脾经,channel_belong_to
粉萆薢,肾经,channel_belong_to
粉萆薢,胃经,channel_belong_to
榧子,肺经,channel_belong_to
榧子,胃经,channel_belong_to
榧子,大肠经,channel_belong_to
飞天蠄蟧,暂无,channel_belong_to
飞龙掌血,脾经,channel_belong_to
飞龙掌血,胃经,channel_belong_to
防己,膀胱经,channel_belong_to
防己,肺经,channel_belong_to
防风草,暂无,channel_belong_to
防风,膀胱经,channel_belong_to
防风,肝经,channel_belong_to
防风,脾经,channel_belong_to
方解石,暂无,channel_belong_to
翻白草,肝经,channel_belong_to
翻白草,胃经,channel_belong_to
翻白草,大肠经,channel_belong_to
番泻叶,大肠经,channel_belong_to
番石榴叶,大肠经,channel_belong_to
儿茶,肺经,channel_belong_to
儿茶,心经,channel_belong_to
鹅不食草,肺经,channel_belong_to
鹅不食草,肝经,channel_belong_to
峨参,脾经,channel_belong_to
峨参,胃经,channel_belong_to
峨参,肺经,channel_belong_to
莪术,脾经,channel_belong_to
莪术,肝经,channel_belong_to
断血流,肝经,channel_belong_to
杜仲叶,肝经,channel_belong_to
杜仲叶,肾经,channel_belong_to
杜仲,肝经,channel_belong_to
杜仲,肾经,channel_belong_to
独一味,肝经,channel_belong_to
独脚金,肾经,channel_belong_to
独脚金,脾经,channel_belong_to
独脚金,肝经,channel_belong_to
独活,肾经,channel_belong_to
独活,膀胱经,channel_belong_to
豆蔻,脾经,channel_belong_to
豆蔻,胃经,channel_belong_to
豆豉姜,胃经,channel_belong_to
豆豉姜,脾经,channel_belong_to
豆豉姜,肝经,channel_belong_to
冬凌草,肺经,channel_belong_to
冬凌草,胃经,channel_belong_to
冬凌草,肝经,channel_belong_to
冬葵子,大肠经,channel_belong_to
冬葵子,小肠经,channel_belong_to
冬葵子,膀胱经,channel_belong_to
冬葵果,大肠经,channel_belong_to
冬葵果,小肠经,channel_belong_to
冬葵果,膀胱经,channel_belong_to
冬瓜皮,小肠经,channel_belong_to
冬瓜皮,胃经,channel_belong_to
冬虫夏草,肺经,channel_belong_to
冬虫夏草,肾经,channel_belong_to
东风橘,肺经,channel_belong_to
东风橘,肝经,channel_belong_to
丁香罗勒油,暂无,channel_belong_to
丁香,胃经,channel_belong_to
丁香,脾经,channel_belong_to
丁香,肾经,channel_belong_to
丁公藤,胃经,channel_belong_to
丁公藤,脾经,channel_belong_to
丁公藤,肝经,channel_belong_to
颠茄草,暂无,channel_belong_to
地榆,肝经,channel_belong_to
地榆,大肠经,channel_belong_to
地桃花,脾经,channel_belong_to
地桃花,肺经,channel_belong_to
地稔根,肺经,channel_belong_to
地稔根,脾经,channel_belong_to
地稔根,肝经,channel_belong_to
地龙,肝经,channel_belong_to
地龙,脾经,channel_belong_to
地龙,膀胱经,channel_belong_to
地锦草,肝经,channel_belong_to
地锦草,大肠经,channel_belong_to
鲜地黄,心经,channel_belong_to
鲜地黄,肝经,channel_belong_to
鲜地黄,肾经,channel_belong_to
生地黄,心经,channel_belong_to
生地黄,肝经,channel_belong_to
生地黄,肾经,channel_belong_to
地骨皮,肺经,channel_belong_to
地骨皮,肝经,channel_belong_to
地骨皮,肾经,channel_belong_to
地肤子,肾经,channel_belong_to
地肤子,膀胱经,channel_belong_to
地枫皮,膀胱经,channel_belong_to
地枫皮,肾经,channel_belong_to
地耳草,肝经,channel_belong_to
地耳草,胆经,channel_belong_to
地耳草,大肠经,channel_belong_to
地不容,胃经,channel_belong_to
地不容,肺经,channel_belong_to
地不容,肝经,channel_belong_to
灯盏细辛,心经,channel_belong_to
灯盏细辛,肝经,channel_belong_to
灯心草,心经,channel_belong_to
灯心草,肺经,channel_belong_to
灯心草,小肠经,channel_belong_to
稻芽,脾经,channel_belong_to
稻芽,胃经,channel_belong_to
倒扣草,肺经,channel_belong_to
倒扣草,膀胱经,channel_belong_to
倒扣草,肝经,channel_belong_to
刀豆,胃经,channel_belong_to
刀豆,肾经,channel_belong_to
党参,脾经,channel_belong_to
党参,肺经,channel_belong_to
当药,肝经,channel_belong_to
当药,胃经,channel_belong_to
当药,大肠经,channel_belong_to
当归,肝经,channel_belong_to
当归,心经,channel_belong_to
当归,脾经,channel_belong_to
淡竹叶,心经,channel_belong_to
淡竹叶,胃经,channel_belong_to
淡竹叶,小肠经,channel_belong_to
淡豆豉,肺经,channel_belong_to
淡豆豉,胃经,channel_belong_to
胆南星,肺经,channel_belong_to
胆南星,肝经,channel_belong_to
胆南星,脾经,channel_belong_to
胆矾,肝经,channel_belong_to
胆矾,胆经,channel_belong_to
单叶蔓荆子,肝经,channel_belong_to
单叶蔓荆子,胃经,channel_belong_to
单叶蔓荆子,膀胱经,channel_belong_to
丹参,心经,channel_belong_to
丹参,肝经,channel_belong_to
玳瑁,心经,channel_belong_to
玳瑁,肝经,channel_belong_to
大枣,脾经,channel_belong_to
大枣,胃经,channel_belong_to
大枣,心经,channel_belong_to
大叶紫珠,肝经,channel_belong_to
大叶紫珠,肺经,channel_belong_to
大叶紫珠,胃经,channel_belong_to
大叶桉叶,心经,channel_belong_to
大叶桉叶,肺经,channel_belong_to
大叶桉叶,大肠经,channel_belong_to
大血藤,大肠经,channel_belong_to
大血藤,肝经,channel_belong_to
大蒜,脾经,channel_belong_to
大蒜,胃经,channel_belong_to
大蒜,肺经,channel_belong_to
大青叶,心经,channel_belong_to
大青叶,胃经,channel_belong_to
大青盐,心经,channel_belong_to
大青盐,肾经,channel_belong_to
大青盐,膀胱经,channel_belong_to
大蓟,心经,channel_belong_to
大蓟,肝经,channel_belong_to
大戟,肺经,channel_belong_to
大戟,脾经,channel_belong_to
大戟,肾经,channel_belong_to
大黄,脾经,channel_belong_to
大黄,胃经,channel_belong_to
大黄,大肠经,channel_belong_to
大黄,肝经,channel_belong_to
大黄,心包经,channel_belong_to
大腹皮,脾经,channel_belong_to
大腹皮,胃经,channel_belong_to
大腹皮,大肠经,channel_belong_to
大腹皮,小肠经,channel_belong_to
大风子,脾经,channel_belong_to
大风子,肝经,channel_belong_to
大风子,肾经,channel_belong_to
大风艾,肝经,channel_belong_to
大风艾,胃经,channel_belong_to
大风艾,肺经,channel_belong_to
大飞扬草,肺经,channel_belong_to
大飞扬草,肝经,channel_belong_to
大豆黄卷,脾经,channel_belong_to
大豆黄卷,胃经,channel_belong_to
大豆黄卷,肺经,channel_belong_to
大驳骨,肝经,channel_belong_to
大驳骨,脾经,channel_belong_to
翠云草,肺经,channel_belong_to
翠云草,肝经,channel_belong_to
楤木,脾经,channel_belong_to
楤木,肝经,channel_belong_to
楤木,肾经,channel_belong_to
葱子,肺经,channel_belong_to
葱子,肝经,channel_belong_to
葱子,胃经,channel_belong_to
葱白,肺经,channel_belong_to
葱白,胃经,channel_belong_to
刺苋菜,胃经,channel_belong_to
刺苋菜,脾经,channel_belong_to
刺苋菜,大肠经,channel_belong_to
刺五加,暂无,channel_belong_to
刺猬皮,胃经,channel_belong_to
刺猬皮,大肠经,channel_belong_to
磁石,肝经,channel_belong_to
磁石,心经,channel_belong_to
磁石,肾经,channel_belong_to
椿皮,大肠经,channel_belong_to
椿皮,胃经,channel_belong_to
椿皮,肝经,channel_belong_to
春不见,肝经,channel_belong_to
垂盆草,肝经,channel_belong_to
垂盆草,胆经,channel_belong_to
垂盆草,小肠经,channel_belong_to
穿心莲,肺经,channel_belong_to
穿心莲,胃经,channel_belong_to
穿心莲,肝经,channel_belong_to
穿山龙,肝经,channel_belong_to
穿山龙,肾经,channel_belong_to
穿山龙,肺经,channel_belong_to
穿山甲,肝经,channel_belong_to
穿山甲,胃经,channel_belong_to
穿破石,心经,channel_belong_to
穿破石,肝经,channel_belong_to
川续断,暂无,channel_belong_to
川芎,肝经,channel_belong_to
川芎,胆经,channel_belong_to
川芎,心包经,channel_belong_to
川乌,心经,channel_belong_to
川乌,肝经,channel_belong_to
川乌,肾经,channel_belong_to
川乌,脾经,channel_belong_to
川射干,肺经,channel_belong_to
川牛膝,肝经,channel_belong_to
川牛膝,肾经,channel_belong_to
川木香,脾经,channel_belong_to
川木香,胃经,channel_belong_to
川木香,大肠经,channel_belong_to
川木香,胆经,channel_belong_to
川木通,心经,channel_belong_to
川木通,小肠经,channel_belong_to
川木通,膀胱经,channel_belong_to
川楝子,肝经,channel_belong_to
川楝子,小肠经,channel_belong_to
川楝子,膀胱经,channel_belong_to
川贝母,肺经,channel_belong_to
川贝母,心经,channel_belong_to
楮实子,肝经,channel_belong_to
楮实子,肾经,channel_belong_to
臭梧桐,胃经,channel_belong_to
臭梧桐,大肠经,channel_belong_to
臭牡丹,心经,channel_belong_to
臭牡丹,胃经,channel_belong_to
臭牡丹,大肠经,channel_belong_to
臭灵丹草,肺经,channel_belong_to
臭灵丹草,胃经,channel_belong_to
虫牙药,肺经,channel_belong_to
虫牙药,肝经,channel_belong_to
虫白蜡,肝经,channel_belong_to
茺蔚子,心包经,channel_belong_to
茺蔚子,肝经,channel_belong_to
赤小豆,心经,channel_belong_to
赤小豆,小肠经,channel_belong_to
赤石脂,大肠经,channel_belong_to
赤石脂,胃经,channel_belong_to
赤芍,肝经,channel_belong_to
赤芍,脾经,channel_belong_to
陈皮,脾经,channel_belong_to
陈皮,肺经,channel_belong_to
沉香,肾经,channel_belong_to
沉香,脾经,channel_belong_to
沉香,胃经,channel_belong_to
车前草,肝经,channel_belong_to
车前草,肾经,channel_belong_to
车前草,肺经,channel_belong_to
车前草,小肠经,channel_belong_to
常山,肺经,channel_belong_to
常山,肝经,channel_belong_to
常山,心经,channel_belong_to
蟾酥,心经,channel_belong_to
蝉蜕,肺经,channel_belong_to
蝉蜕,肝经,channel_belong_to
蝉花,肝经,channel_belong_to
柴胡,肝经,channel_belong_to
柴胡,胆经,channel_belong_to
柴胡,肺经,channel_belong_to
侧柏叶,肺经,channel_belong_to
侧柏叶,肝经,channel_belong_to
侧柏叶,脾经,channel_belong_to
草乌叶,暂无,channel_belong_to
草乌,心经,channel_belong_to
草乌,肝经,channel_belong_to
草乌,肾经,channel_belong_to
草乌,脾经,channel_belong_to
草果,脾经,channel_belong_to
草果,胃经,channel_belong_to
草豆蔻,脾经,channel_belong_to
草豆蔻,胃经,channel_belong_to
藏菖蒲,心经,channel_belong_to
藏菖蒲,肝经,channel_belong_to
藏菖蒲,胃经,channel_belong_to
苍术,脾经,channel_belong_to
苍术,胃经,channel_belong_to
苍术,肝经,channel_belong_to
苍耳子,肺经,channel_belong_to
蚕沙,肝经,channel_belong_to
蚕沙,脾经,channel_belong_to
蚕沙,胃经,channel_belong_to
布渣叶,脾经,channel_belong_to
布渣叶,胃经,channel_belong_to
补骨脂,肾经,channel_belong_to
补骨脂,脾经,channel_belong_to
卜芥,暂无,channel_belong_to
博落回,心经,channel_belong_to
博落回,胃经,channel_belong_to
博落回,肝经,channel_belong_to
冰片,心经,channel_belong_to
冰片,脾经,channel_belong_to
冰片,肺经,channel_belong_to
槟榔,胃经,channel_belong_to
槟榔,大肠经,channel_belong_to
鳖甲,肝经,channel_belong_to
鳖甲,肾经,channel_belong_to
扁蓄,膀胱经,channel_belong_to
蓖麻子,大肠经,channel_belong_to
蓖麻子,肺经,channel_belong_to
荜澄茄,脾经,channel_belong_to
荜澄茄,胃经,channel_belong_to
荜澄茄,肾经,channel_belong_to
荜澄茄,膀胱经,channel_belong_to
荜茇,胃经,channel_belong_to
荜茇,大肠经,channel_belong_to
北沙参,肺经,channel_belong_to
北沙参,胃经,channel_belong_to
北刘寄奴,脾经,channel_belong_to
北刘寄奴,胃经,channel_belong_to
北刘寄奴,肝经,channel_belong_to
北刘寄奴,胆经,channel_belong_to
北豆根,肺经,channel_belong_to
北豆根,胃经,channel_belong_to
北豆根,大肠经,channel_belong_to
暴马丁香,肺经,channel_belong_to
薄荷,肺经,channel_belong_to
薄荷,肝经,channel_belong_to
半枝莲,肺经,channel_belong_to
半枝莲,肝经,channel_belong_to
半枝莲,肾经,channel_belong_to
半夏,脾经,channel_belong_to
半夏,胃经,channel_belong_to
半夏,肺经,channel_belong_to
半枫荷,脾经,channel_belong_to
半枫荷,肝经,channel_belong_to
半边莲,心经,channel_belong_to
半边莲,小肠经,channel_belong_to
半边莲,肺经,channel_belong_to
板蓝根,心经,channel_belong_to
板蓝根,胃经,channel_belong_to
斑蝥,肝经,channel_belong_to
斑蝥,胃经,channel_belong_to
斑蝥,肾经,channel_belong_to
败酱草,胃经,channel_belong_to
败酱草,大肠经,channel_belong_to
败酱草,肝经,channel_belong_to
柏子仁,心经,channel_belong_to
柏子仁,肾经,channel_belong_to
柏子仁,大肠经,channel_belong_to
百合,心经,channel_belong_to
百合,肺经,channel_belong_to
百部,肺经,channel_belong_to
白芷,胃经,channel_belong_to
白芷,大肠经,channel_belong_to
白芷,肺经,channel_belong_to
白英,肝经,channel_belong_to
白英,胆经,channel_belong_to
白英,肾经,channel_belong_to
白药子,肺经,channel_belong_to
白药子,胃经,channel_belong_to
白鲜皮,脾经,channel_belong_to
白鲜皮,胃经,channel_belong_to
白薇,胃经,channel_belong_to
白薇,肝经,channel_belong_to
白薇,肾经,channel_belong_to
白头翁,胃经,channel_belong_to
白头翁,大肠经,channel_belong_to
白苏子,肺经,channel_belong_to
白苏子,大肠经,channel_belong_to
白术,脾经,channel_belong_to
白术,胃经,channel_belong_to
白首乌,肝经,channel_belong_to
白首乌,肾经,channel_belong_to
白首乌,脾经,channel_belong_to
白首乌,胃经,channel_belong_to
白石英,肺经,channel_belong_to
白石英,肾经,channel_belong_to
白石英,心经,channel_belong_to
白石花,肝经,channel_belong_to
白芍,肝经,channel_belong_to
白芍,脾经,channel_belong_to
白屈菜,肺经,channel_belong_to
白屈菜,胃经,channel_belong_to
白前,肺经,channel_belong_to
白茅根,肺经,channel_belong_to
白茅根,胃经,channel_belong_to
白茅根,膀胱经,channel_belong_to
白马骨,肝经,channel_belong_to
白马骨,脾经,channel_belong_to
白蔹,心经,channel_belong_to
白蔹,胃经,channel_belong_to
白兰花,肺经,channel_belong_to
白兰花,胃经,channel_belong_to
白芥子,肺经,channel_belong_to
白芥子,胃经,channel_belong_to
白及,肺经,channel_belong_to
白及,肝经,channel_belong_to
白及,胃经,channel_belong_to
白花银背藤,暂无,channel_belong_to
白花蛇舌草,胃经,channel_belong_to
白花蛇舌草,大肠经,channel_belong_to
白花蛇舌草,小肠经,channel_belong_to
白花丹,暂无,channel_belong_to
白鹤灵芝,肺经,channel_belong_to
白果,肺经,channel_belong_to
白果,肾经,channel_belong_to
白附子,胃经,channel_belong_to
白附子,肝经,channel_belong_to
白矾,肺经,channel_belong_to
白矾,脾经,channel_belong_to
白矾,肝经,channel_belong_to
白矾,大肠经,channel_belong_to
白扁豆,脾经,channel_belong_to
白扁豆,胃经,channel_belong_to
白背叶根,肝经,channel_belong_to
菝葜,肝经,channel_belong_to
菝葜,肾经,channel_belong_to
巴戟天,肾经,channel_belong_to
巴戟天,肝经,channel_belong_to
巴豆,胃经,channel_belong_to
巴豆,大肠经,channel_belong_to
八楞木,肝经,channel_belong_to
八角莲,肺经,channel_belong_to
八角莲,肝经,channel_belong_to
八角茴香,肝经,channel_belong_to
八角茴香,肾经,channel_belong_to
八角茴香,脾经,channel_belong_to
八角茴香,胃经,channel_belong_to
八角枫,心经,channel_belong_to
八角枫,肝经,channel_belong_to
桉叶油,暂无,channel_belong_to
安息香,心经,channel_belong_to
安息香,脾经,channel_belong_to
艾叶,肝经,channel_belong_to
艾叶,脾经,channel_belong_to
艾叶,肾经,channel_belong_to
矮地茶,肺经,channel_belong_to
矮地茶,肝经,channel_belong_to
阿魏,脾经,channel_belong_to
阿魏,胃经,channel_belong_to
阿胶,肺经,channel_belong_to
阿胶,肝经,channel_belong_to
阿胶,肾经,channel_belong_to
