﻿辛温解表药,解表药,class_belong_to
辛凉解表药,解表药,class_belong_to
清虚热药,清热药,class_belong_to
清热解毒药,清热药,class_belong_to
清热泻火药,清热药,class_belong_to
清热量血药,清热药,class_belong_to
清热燥湿药,清热药,class_belong_to
祛风湿散寒药,祛风湿药,class_belong_to
祛风湿清热药,祛风湿药,class_belong_to
祛风湿强筋药,祛风湿药,class_belong_to
攻下药,泻下药,class_belong_to
润下药,泻下药,class_belong_to
峻下逐水药,泻下药,class_belong_to
利水消肿药,利水渗湿药,class_belong_to
利尿通淋药,利水渗湿药,class_belong_to
利湿退黄药,利水渗湿药,class_belong_to
收敛止血药,止血药,class_belong_to
凉血止血药,止血药,class_belong_to
化瘀止血药,止血药,class_belong_to
温经止血药,止血药,class_belong_to
活血止痛药,活血化瘀药,class_belong_to
活血调经药,活血化瘀药,class_belong_to
活血疗伤药,活血化瘀药,class_belong_to
破血消癥药,活血化瘀药,class_belong_to
温化寒痰药,化痰止咳平喘药,class_belong_to
清化热痰药,化痰止咳平喘药,class_belong_to
止咳平喘药,化痰止咳平喘药,class_belong_to
重镇安神药,安神药,class_belong_to
养心安神药,安神药,class_belong_to
平抑肝阳药,平肝息风药,class_belong_to
息风止痉药,平肝息风药,class_belong_to
补气药,补虚药,class_belong_to
补阳药,补虚药,class_belong_to
补血药,补虚药,class_belong_to
补阴药,补虚药,class_belong_to
固表止汗药,收涩药,class_belong_to
敛肺涩肠药,收涩药,class_belong_to
固精缩尿止带药,收涩药,class_belong_to
涌吐药,其他,class_belong_to
杀虫止痒药,其他,class_belong_to
拔毒生肌药,其他,class_belong_to
化湿药,其他,class_belong_to
驱虫药,其他,class_belong_to
消食药,其他,class_belong_to
温里药,其他,class_belong_to
开窍药,其他,class_belong_to
理气药,其他,class_belong_to
暂无,其他,class_belong_to
