﻿厚朴,厚朴七物汤
甘草,厚朴七物汤
大黄,厚朴七物汤
大枣,厚朴七物汤
枳实,厚朴七物汤
桂枝,厚朴七物汤
生姜,厚朴七物汤
桂枝,桂枝人参汤
甘草,桂枝人参汤
白术,桂枝人参汤
人参,桂枝人参汤
干姜,桂枝人参汤
乌头,乌头桂枝汤
桂枝,乌头桂枝汤
甘草,乌头桂枝汤
生姜,乌头桂枝汤
大枣,乌头桂枝汤
麻黄,麻黄连翘赤小豆汤
连翘,麻黄连翘赤小豆汤
杏仁,麻黄连翘赤小豆汤
赤小豆,麻黄连翘赤小豆汤
大枣,麻黄连翘赤小豆汤
生姜,麻黄连翘赤小豆汤
甘草,麻黄连翘赤小豆汤
文蛤,文蛤汤
麻黄,文蛤汤
甘草,文蛤汤
生姜,文蛤汤
石膏,文蛤汤
杏仁,文蛤汤
大枣,文蛤汤
桂枝,柴胡桂枝汤
黄芩,柴胡桂枝汤
人参,柴胡桂枝汤
甘草,柴胡桂枝汤
半夏,柴胡桂枝汤
大枣,柴胡桂枝汤
生姜,柴胡桂枝汤
柴胡,柴胡桂枝汤
瓜蒂,一物瓜蒂散
文蛤,文蛤散
黄芪,黄芪芍药桂枝苦酒汤
桂枝,黄芪芍药桂枝苦酒汤
知母,白虎加桂枝汤
石膏,白虎加桂枝汤
甘草,白虎加桂枝汤
粳米,白虎加桂枝汤
桂枝,白虎加桂枝汤
麻黄,麻黄杏仁薏苡甘草汤
杏仁,麻黄杏仁薏苡甘草汤
薏苡仁,麻黄杏仁薏苡甘草汤
甘草,麻黄杏仁薏苡甘草汤
麻黄,麻黄加术汤
桂枝,麻黄加术汤
甘草,麻黄加术汤
杏仁,麻黄加术汤
白术,麻黄加术汤
桂枝,桂枝二越婢一汤
麻黄,桂枝二越婢一汤
甘草,桂枝二越婢一汤
大枣,桂枝二越婢一汤
生姜,桂枝二越婢一汤
石膏,桂枝二越婢一汤
桂枝,桂枝麻黄各半汤
生姜,桂枝麻黄各半汤
甘草,桂枝麻黄各半汤
麻黄,桂枝麻黄各半汤
大枣,桂枝麻黄各半汤
杏仁,桂枝麻黄各半汤
桂枝,桂枝二麻黄一汤
麻黄,桂枝二麻黄一汤
生姜,桂枝二麻黄一汤
杏仁,桂枝二麻黄一汤
甘草,桂枝二麻黄一汤
大枣,桂枝二麻黄一汤
五灵脂,逍遥散
川芎,逍遥散
桃仁,逍遥散
红花,逍遥散
生地,逍遥散
当归,逍遥散
赤芍,逍遥散
枳壳,逍遥散
桔梗,逍遥散
甘草,逍遥散
柴胡,逍遥散
玄参,逍遥散
蒺藜,膈下逐瘀汤
芡实,膈下逐瘀汤
莲须,膈下逐瘀汤
龙骨,膈下逐瘀汤
牡蛎,膈下逐瘀汤
茯苓,金锁固精丸
杏仁,金锁固精丸
甘草,金锁固精丸
枳实,茯苓杏仁甘草汤
厚朴,茯苓杏仁甘草汤
薤白,茯苓杏仁甘草汤
桂枝,茯苓杏仁甘草汤
栝楼,茯苓杏仁甘草汤
桔梗,枳实薤白桂枝汤
巴豆,枳实薤白桂枝汤
贝母,枳实薤白桂枝汤
葶苈子,三物白散
杏仁,葶苈丸
半夏,杏子汤
紫参,杏子汤
泽漆,杏子汤
生姜,杏子汤
甘草,杏子汤
黄芩,杏子汤
人参,杏子汤
桂枝,杏子汤
附子,泽漆汤
干姜,泽漆汤
甘草,泽漆汤
麦门冬,四逆汤
人参,四逆汤
五味子,四逆汤
人参,生脉散
白茯苓,生脉散
山药,生脉散
白术,生脉散
白扁豆,生脉散
甘草,生脉散
人参,六神散
白茯苓,六神散
白术,六神散
藿香,六神散
木香,六神散
甘草,六神散
葛根,六神散
人参,七味白术散
白术,七味白术散
白茯苓,七味白术散
广陈皮,七味白术散
山楂,七味白术散
甘草,七味白术散
山药,七味白术散
黄连,七味白术散
薏苡仁,七味白术散
白扁豆,七味白术散
白豆蔻,七味白术散
藿香,七味白术散
莲肉,七味白术散
泽泻,七味白术散
桔梗,七味白术散
芡实,七味白术散
麦芽,七味白术散
防风,资生丸
黄芪,资生丸
白术,资生丸
黄芪,玉屏风散
半夏,玉屏风散
人参,玉屏风散
甘草,玉屏风散
独活,玉屏风散
防风,玉屏风散
白芍,玉屏风散
羌活,玉屏风散
陈皮,玉屏风散
茯苓,玉屏风散
柴胡,玉屏风散
泽泻,玉屏风散
白术,玉屏风散
黄连,玉屏风散
黄芪,升阳益胃汤
甘草,升阳益胃汤
人参,升阳益胃汤
当归,升阳益胃汤
酒,升阳益胃汤
橘皮,升阳益胃汤
升麻,升阳益胃汤
柴胡,升阳益胃汤
白术,升阳益胃汤
甘草,补中益气汤
生姜,补中益气汤
人参,补中益气汤
生地黄,补中益气汤
桂枝,补中益气汤
阿胶,补中益气汤
麦门冬,补中益气汤
大枣,补中益气汤
人参,炙甘草汤
黄芪,炙甘草汤
白术,炙甘草汤
当归,炙甘草汤
陈皮,炙甘草汤
五味子,炙甘草汤
肉桂,炙甘草汤
甘草,炙甘草汤
生姜,炙甘草汤
红枣,炙甘草汤
人参,拯阳理劳汤
黄芪,拯阳理劳汤
甘草,拯阳理劳汤
肉桂,拯阳理劳汤
醋,保元汤
五倍子,保元汤
蜈蚣,保元汤
蜂蜜,保元汤
梅花,保元汤
冰片,保元汤
人参,黑布药膏
人参,独参汤
白术,独参汤
茯苓,独参汤
甘草,独参汤
陈皮,独参汤
半夏,独参汤
木香,独参汤
砂仁,独参汤
生姜,独参汤
人参,香砂六君子汤
白术,香砂六君子汤
茯苓,香砂六君子汤
甘草,香砂六君子汤
陈皮,香砂六君子汤
人参,异功散
白术,异功散
茯苓,异功散
甘草,异功散
陈皮,异功散
半夏,异功散
大枣,异功散
生姜,异功散
人参,六君子汤
白术,六君子汤
茯苓,六君子汤
甘草,六君子汤
麻黄,四君子汤
桂枝,四君子汤
甘草,四君子汤
杏仁,四君子汤
石膏,四君子汤
生姜,四君子汤
大枣,四君子汤
麻黄,大青龙汤
细辛,大青龙汤
干姜,大青龙汤
甘草,大青龙汤
桂枝,大青龙汤
五味子,大青龙汤
半夏,大青龙汤
地骨皮,小青龙汤
桑白皮,小青龙汤
甘草,小青龙汤
旋覆花,泻白散
人参,泻白散
生姜,泻白散
代赭石,泻白散
甘草,泻白散
半夏,泻白散
大枣,泻白散
桃仁,旋覆代赭汤
红花,旋覆代赭汤
当归,旋覆代赭汤
生地黄,旋覆代赭汤
川芎,旋覆代赭汤
赤芍,旋覆代赭汤
牛膝,旋覆代赭汤
桔梗,旋覆代赭汤
柴胡,旋覆代赭汤
枳壳,旋覆代赭汤
甘草,旋覆代赭汤
生地黄,血府逐瘀汤
小蓟,血府逐瘀汤
滑石,血府逐瘀汤
蒲黄,血府逐瘀汤
藕节,血府逐瘀汤
淡竹叶,血府逐瘀汤
当归,血府逐瘀汤
栀子,血府逐瘀汤
木通,血府逐瘀汤
甘草,血府逐瘀汤
当归,小蓟饮子
生地黄,小蓟饮子
防风,小蓟饮子
蝉蜕,小蓟饮子
知母,小蓟饮子
苦参,小蓟饮子
胡麻,小蓟饮子
荆芥,小蓟饮子
苍术,小蓟饮子
牛蒡子,小蓟饮子
石膏,小蓟饮子
甘草,小蓟饮子
木通,小蓟饮子
柴胡,消风散
黄芩,消风散
人参,消风散
半夏,消风散
甘草,消风散
生姜,消风散
大枣,消风散
黄连,小柴胡汤
半夏,小柴胡汤
熟地黄,小陷胸汤
白芥子,小陷胸汤
鹿角胶,小陷胸汤
肉桂,小陷胸汤
麻黄,小陷胸汤
苏叶,阳和汤
杏仁,阳和汤
半夏,阳和汤
茯苓,阳和汤
陈皮,阳和汤
桔梗,阳和汤
枳壳,阳和汤
甘草,阳和汤
生姜,阳和汤
大枣,阳和汤
桑叶,杏苏散
杏仁,杏苏散
沙参,杏苏散
象贝,杏苏散
香豉,杏苏散
石膏,桑杏汤
熟地黄,桑杏汤
麦冬,桑杏汤
知母,桑杏汤
牛膝,桑杏汤
地黄,玉女煎
山茱萸,玉女煎
山药,玉女煎
泽泻,玉女煎
茯苓,玉女煎
牡丹皮,玉女煎
桂枝,玉女煎
附子,玉女煎
金银花,金匮肾气丸
连翘,金匮肾气丸
桔梗,金匮肾气丸
薄荷,金匮肾气丸
荆芥,金匮肾气丸
淡豆豉,金匮肾气丸
牛蒡子,金匮肾气丸
茵陈,银翘散
栀子,银翘散
大黄,银翘散
马齿苋,茵陈蒿汤
凤尾草,茵陈蒿汤
朱砂,紫雪
黄连,紫雪
甘草,紫雪
生地黄,紫雪
当归,紫雪
朱砂,朱砂安神丸
雄黄,朱砂安神丸
玳瑁,朱砂安神丸
琥珀,朱砂安神丸
麝香,朱砂安神丸
龙脑,朱砂安神丸
金箔,朱砂安神丸
银箔,朱砂安神丸
牛黄,朱砂安神丸
安息香,朱砂安神丸
石膏,至宝丹
知母,至宝丹
甘草,至宝丹
粳米,至宝丹
桂枝,白虎汤
甘草,白虎汤
生姜,白虎汤
大枣,白虎汤
大黄,桂枝汤
黄连,桂枝汤
黄芩,桂枝汤
桔梗,泻心汤
荆芥,泻心汤
紫菀,泻心汤
百部,泻心汤
甘草,泻心汤
陈皮,泻心汤
怀牛膝,止嗽散
赭石,止嗽散
龙骨,止嗽散
牡蛎,止嗽散
龟甲,止嗽散
玄参,止嗽散
天冬,止嗽散
川楝子,止嗽散
麦芽,止嗽散
茵陈,止嗽散
甘草,止嗽散
羌活,镇肝熄风汤
独活,镇肝熄风汤
藁本,镇肝熄风汤
防风,镇肝熄风汤
甘草,镇肝熄风汤
川芎,镇肝熄风汤
蔓荆子,镇肝熄风汤
茯苓,羌活胜湿汤
白芍,羌活胜湿汤
白术,羌活胜湿汤
生姜,羌活胜湿汤
附子,羌活胜湿汤
石膏,真武汤
轻粉,真武汤
赤石脂,真武汤
龙骨,真武汤
血竭,真武汤
乳香,真武汤
樟脑,真武汤
磁石,生肌散
母丁香,生肌散
丁香,生肌散
全蝎,生肌散
僵蚕,生肌散
蜈蚣,生肌散
蜘蛛,生肌散
麝香,生肌散
牛黄,生肌散
冰片,生肌散
雄黄,黑虎丹
硫黄,黑虎丹
蛇床子,黑虎丹
石黄,黑虎丹
轻粉,黑虎丹
明矾,密陀僧散
雄黄,密陀僧散
乳香,密陀僧散
五倍子,三品一条枪
朴硝,三品一条枪
桑寄生,三品一条枪
莲房,三品一条枪
荆芥,三品一条枪
白矾,五倍子汤
蟾酥,五倍子汤
轻粉,五倍子汤
紫草,枯痔散
冰片,枯痔散
大黄,紫草油
黄柏,紫草油
黄芩,紫草油
苦参,紫草油
大黄,三黄洗剂
黄柏,一扫光
轻粉,一扫光
滑石,一扫光
大黄,鹅黄散
硫黄,鹅黄散
蟾酥,颠倒散
硇砂,颠倒散
轻粉,颠倒散
丁香,颠倒散
蜈蚣,颠倒散
雄黄,颠倒散
朱砂,颠倒散
乳香,颠倒散
麝香,颠倒散
川芎,立马回疔丹
附子,立马回疔丹
桂枝,立马回疔丹
大黄,立马回疔丹
当归,立马回疔丹
肉桂,立马回疔丹
草乌,立马回疔丹
川乌,立马回疔丹
僵蚕,立马回疔丹
赤芍,立马回疔丹
白芷,立马回疔丹
白蔹,立马回疔丹
乳香,立马回疔丹
没药,立马回疔丹
续断,立马回疔丹
防风,立马回疔丹
荆芥,立马回疔丹
五灵脂,立马回疔丹
木香,立马回疔丹
香橼,立马回疔丹
陈皮,立马回疔丹
麝香,立马回疔丹
麻油,立马回疔丹
生地黄,阳和解凝膏
当归,阳和解凝膏
白芍,阳和解凝膏
黄柏,阳和解凝膏
知母,阳和解凝膏
黄芩,阳和解凝膏
黄连,阳和解凝膏
川芎,阳和解凝膏
阿胶,阳和解凝膏
艾叶,阳和解凝膏
香附,阳和解凝膏
甘草,阳和解凝膏
鲫鱼,先期汤
火麻仁,先期汤
乳香,先期汤
没药,先期汤
巴豆,先期汤
轻粉,先期汤
土贝母,先期汤
柳,先期汤
桃,先期汤
槐,先期汤
桑枝,先期汤
珍珠,鲫鱼膏
牛黄,鲫鱼膏
琥珀,鲫鱼膏
龙骨,鲫鱼膏
轻粉,鲫鱼膏
冰片,鲫鱼膏
炉甘石,鲫鱼膏
桃仁,黑退消
木香,黑退消
牛膝,黑退消
川朴,黑退消
赤芍,黑退消
大黄,黑退消
草乌,太乙膏
赤芍,太乙膏
白芷,太乙膏
天南星,太乙膏
肉桂,太乙膏
麻黄,回阳玉龙膏
细辛,回阳玉龙膏
肉桂,回阳玉龙膏
丁香,回阳玉龙膏
皂角,回阳玉龙膏
半夏,回阳玉龙膏
天南星,回阳玉龙膏
麝香,回阳玉龙膏
冰片,回阳玉龙膏
大黄,桂麝散
甘遂,桂麝散
阿胶,桂麝散
川朴,大黄甘遂汤
木香,大黄甘遂汤
莱菔子,大黄甘遂汤
当归,大黄甘遂汤
肉苁蓉,大黄甘遂汤
乌药,大黄甘遂汤
桃仁,大黄甘遂汤
赤芍,大黄甘遂汤
芒硝,大黄甘遂汤
番泻叶,大黄甘遂汤
党参,大黄甘遂汤
黄精,大黄甘遂汤
大黄,肠粘连缓解汤
厚朴,肠粘连缓解汤
枳实,肠粘连缓解汤
芒硝,肠粘连缓解汤
柴胡,大承气汤
人参,大承气汤
鳖甲,大承气汤
秦艽,大承气汤
地骨皮,大承气汤
半夏,大承气汤
紫菀,大承气汤
甘草,大承气汤
当归,大承气汤
甘草,桂枝加黄芪汤
大黄,桂枝加黄芪汤
麻黄,桂枝加黄芪汤
紫河车,水解散
龟板,水解散
黄柏,水解散
杜仲,水解散
牛膝,水解散
天门冬,水解散
麦门冬,水解散
人参,水解散
生地黄,水解散
石膏,大造丸
灵药,大造丸
生地黄,九一丹
黄芪,九一丹
熟地黄,九一丹
甘草,九一丹
天门冬,九一丹
麦门冬,九一丹
石斛,九一丹
枇杷叶,九一丹
枳壳,九一丹
泽泻,九一丹
人参,九一丹
磁石,易筒地黄饮子
熟地黄,易筒地黄饮子
山茱萸,易筒地黄饮子
牡丹皮,易筒地黄饮子
山药,易筒地黄饮子
茯苓,易筒地黄饮子
泽泻,易筒地黄饮子
五味子,易筒地黄饮子
石菖蒲,易筒地黄饮子
肉桂,耳聋左慈丸
白芍,耳聋左慈丸
红花,耳聋左慈丸
细辛,耳聋左慈丸
人参,耳聋左慈丸
熟地黄,耳聋左慈丸
川芎,耳聋左慈丸
独活,耳聋左慈丸
附子,耳聋左慈丸
甘草,耳聋左慈丸
羌活,耳聋左慈丸
藁本,耳聋左慈丸
防风,耳聋左慈丸
白术,耳聋左慈丸
当归,耳聋左慈丸
黄芪,耳聋左慈丸
柴胡,耳聋左慈丸
桃仁,耳聋左慈丸
丁香,升阳举经汤
肉桂,升阳举经汤
松香,丁桂散
巴豆,丁桂散
蓖麻,丁桂散
杏仁,丁桂散
乳香,丁桂散
没药,丁桂散
铜绿,丁桂散
麻黄,千捶膏
附子,千捶膏
透骨草,千捶膏
红花,千捶膏
干姜,千捶膏
桂枝,千捶膏
牛膝,千捶膏
白芷,千捶膏
荆芥,千捶膏
防风,千捶膏
木瓜,千捶膏
羌活,千捶膏
独活,千捶膏
黄柏,坎离砂
大黄,坎离砂
五倍子,坎离砂
暂无,铁箍散
天花粉,玉露散
大黄,玉露散
黄柏,玉露散
姜黄,玉露散
白芷,玉露散
天南星,玉露散
陈皮,玉露散
苍术,玉露散
厚朴,玉露散
甘草,玉露散
香附,金黄散
川芎,金黄散
苍术,金黄散
神曲,金黄散
栀子,金黄散
羌活,越鞠丸
独活,越鞠丸
玄参,越鞠丸
赤芍,越鞠丸
穿山甲,越鞠丸
生地黄,越鞠丸
两头尖,越鞠丸
大黄,越鞠丸
白芷,越鞠丸
天麻,越鞠丸
红花,越鞠丸
槐枝,越鞠丸
柳枝,越鞠丸
桃枝,越鞠丸
木鳖子,越鞠丸
头发,越鞠丸
当归,阿魏膏
川芎,阿魏膏
赤芍,阿魏膏
黄连,阿魏膏
黄芩,阿魏膏
丁香,阿魏膏
生地黄,阿魏膏
草乌,阿魏膏
巴豆,阿魏膏
红花,阿魏膏
肉桂,阿魏膏
黄柏,阿魏膏
栀子,阿魏膏
苏木,阿魏膏
川乌,阿魏膏
大黄,阿魏膏
穿山甲,阿魏膏
蜈蚣,阿魏膏
白花蛇,阿魏膏
桃枝,阿魏膏
柳枝,阿魏膏
铅粉,阿魏膏
松香,阿魏膏
乳香,阿魏膏
没药,阿魏膏
血竭,阿魏膏
天竺黄,阿魏膏
轻粉,阿魏膏
硇砂,阿魏膏
胡黄连,阿魏膏
麝香,阿魏膏
阿魏,阿魏膏
皂角,神仙化痞膏
细辛,神仙化痞膏
半夏,通关散
白芍,苦酒汤
当归,苦酒汤
川芎,苦酒汤
黄柏,苦酒汤
知母,苦酒汤
天花粉,苦酒汤
熟地黄,苦酒汤
玄参,苦酒汤
桔梗,苦酒汤
竹沥,苦酒汤
地黄,滋阴降火汤
玄参,滋阴降火汤
麦冬,滋阴降火汤
胖大海,滋阴降火汤
陈皮,滋阴降火汤
当归,金果饮
熟地黄,金果饮
生地黄,金果饮
天门冬,金果饮
黄柏,金果饮
知母,金果饮
麦门冬,金果饮
玄参,金果饮
白茯苓,金果饮
诃子,金果饮
阿胶,金果饮
牛乳,金果饮
乌梅,金果饮
桔梗,铁笛丸
诃子,铁笛丸
甘草,铁笛丸
青黛,铁笛丸
硼砂,铁笛丸
冰片,铁笛丸
桔梗,清音丸
栀子,清音丸
黄芩,清音丸
桑白皮,清音丸
甘草,清音丸
知母,清音丸
贝母,清音丸
连翘,清咽宁嗽汤
牛蒡子,清咽宁嗽汤
金银花,清咽宁嗽汤
射干,清咽宁嗽汤
玄参,银翘马勃散
荆芥,银翘马勃散
滑石,银翘马勃散
黄连,银翘马勃散
砂仁,银翘马勃散
白茯苓,银翘马勃散
贯众,银翘马勃散
甘草,银翘马勃散
山豆根,银翘马勃散
寒水石,银翘马勃散
硼砂,银翘马勃散
栀子,玉屑无忧散
生地黄,玉屑无忧散
黄芩,玉屑无忧散
茯苓,玉屑无忧散
石膏,玉屑无忧散
黄连,玉屑无忧散
灯心草,玉屑无忧散
藿香,清热泻脾散
石膏,清热泻脾散
甘草,清热泻脾散
防风,清热泻脾散
当归,泻黄散
生地黄,泻黄散
川芎,泻黄散
赤芍,泻黄散
黄芩,泻黄散
茯苓,泻黄散
陈皮,泻黄散
红花,泻黄散
荆芥,凉血四物汤
蔓荆子,凉血四物汤
菊花,凉血四物汤
白芷,凉血四物汤
麻黄,凉血四物汤
桃仁,凉血四物汤
红花,凉血四物汤
防风,凉血四物汤
川芎,凉血四物汤
当归,凉血四物汤
草决明,凉血四物汤
石决明,凉血四物汤
白芍,凉血四物汤
甘草,凉血四物汤
黄芪,泻青丸
当归,泻青丸
熟地黄,泻青丸
川芎,泻青丸
白芍,泻青丸
人参,泻青丸
茯苓,泻青丸
甘草,泻青丸
麦门冬,泻青丸
肉桂,泻青丸
远志,泻青丸
生姜,泻青丸
大枣,泻青丸
人参,内补黄芪汤
白术,内补黄芪汤
穿山甲,内补黄芪汤
白芷,内补黄芪汤
升麻,内补黄芪汤
甘草,内补黄芪汤
当归,内补黄芪汤
黄芪,内补黄芪汤
皂角刺,内补黄芪汤
青皮,内补黄芪汤
皂角刺,托里透脓汤
黄芪,托里透脓汤
甘草,托里透脓汤
乳香,托里透脓汤
黄芪,代刀散
当归,代刀散
穿山甲,代刀散
皂角刺,代刀散
川芎,代刀散
附子,透脓散
人参,透脓散
黄芪,透脓散
当归,透脓散
川芎,透脓散
茯苓,透脓散
枸杞,透脓散
陈皮,透脓散
木香,透脓散
甘草,透脓散
紫草,透脓散
厚朴,透脓散
苍术,透脓散
红花,透脓散
独活,透脓散
白胶,回阳三建汤
草乌,回阳三建汤
五灵脂,回阳三建汤
没药,回阳三建汤
乳香,回阳三建汤
当归,回阳三建汤
麝香,回阳三建汤
丁香,小金丹
蟾酥,小金丹
雄黄,小金丹
牛黄,小金丹
珍珠,小金丹
冰片,小金丹
犀黄,六应丸
麝香,六应丸
乳香,六应丸
没药,六应丸
薏苡仁,犀黄丸
黄柏,犀黄丸
牡丹皮,犀黄丸
泽泻,犀黄丸
滑石,犀黄丸
通草,犀黄丸
黄芪,萆薢渗湿汤
石斛,萆薢渗湿汤
当归,萆薢渗湿汤
金银花,萆薢渗湿汤
牛膝,萆薢渗湿汤
紫花地丁,萆薢渗湿汤
蒲公英,萆薢渗湿汤
菊花,萆薢渗湿汤
人参,萆薢渗湿汤
甘草,萆薢渗湿汤
金银花,顾步汤
玄参,顾步汤
当归,顾步汤
甘草,顾步汤
金银花,四妙勇安汤
僵蚕,四妙勇安汤
连翘,四妙勇安汤
羌活,四妙勇安汤
独活,四妙勇安汤
小茴香,四妙勇安汤
藿香,四妙勇安汤
丁香,四妙勇安汤
木香,四妙勇安汤
沉香,四妙勇安汤
甘草,四妙勇安汤
金银花,五香流气饮
紫花地丁,五香流气饮
茯苓,五香流气饮
车前子,五香流气饮
牛膝,五香流气饮
牛蒡子,五神汤
花粉,五神汤
黄芩,五神汤
栀子,五神汤
连翘,五神汤
金银花,五神汤
陈皮,五神汤
青皮,五神汤
柴胡,五神汤
枇杷叶,瓜蒌牛蒡汤
桑白皮,瓜蒌牛蒡汤
黄连,瓜蒌牛蒡汤
黄柏,瓜蒌牛蒡汤
人参,瓜蒌牛蒡汤
甘草,瓜蒌牛蒡汤
牛蒡子,枇杷清肺饮
薄荷,枇杷清肺饮
荆芥,枇杷清肺饮
连翘,枇杷清肺饮
栀子,枇杷清肺饮
牡丹皮,枇杷清肺饮
石斛,枇杷清肺饮
玄参,枇杷清肺饮
夏枯草,枇杷清肺饮
野菊花,牛蒡解肌汤
苍耳,牛蒡解肌汤
稀莶,牛蒡解肌汤
地丁,牛蒡解肌汤
麻黄,牛蒡解肌汤
当归,七星剑
红花,七星剑
生地黄,七星剑
赤芍,七星剑
川芎,七星剑
紫草,七星剑
黄连,当归活血汤
当归,当归活血汤
槟榔,当归活血汤
木香,当归活血汤
黄芩,当归活血汤
薄荷,当归活血汤
栀子,当归活血汤
桔梗,当归活血汤
甘草,当归活血汤
连翘,当归活血汤
金银花,内疏黄连汤
地丁,内疏黄连汤
犀角,内疏黄连汤
连翘,内疏黄连汤
牡丹皮,内疏黄连汤
川连,内疏黄连汤
夏枯草,内疏黄连汤
金银花,银花解毒汤
金银花,银花甘草汤
野菊花,银花甘草汤
蒲公英,银花甘草汤
紫花地丁,银花甘草汤
天葵子,银花甘草汤
赤小豆,五味消毒饮
当归,五味消毒饮
金银花,赤小豆当归散
连翘,赤小豆当归散
桔梗,赤小豆当归散
杏仁,赤小豆当归散
红藤,赤小豆当归散
鱼腥草,赤小豆当归散
冬瓜子,赤小豆当归散
桃仁,赤小豆当归散
芦根,赤小豆当归散
薏苡仁,银苇合剂
附子,银苇合剂
败酱,银苇合剂
人参芦,薏苡附子败酱散
皂荚,参芦散
白矾,参芦散
瓜蒂,急救稀涎散
赤小豆,急救稀涎散
甘草,瓜蒂散
槟榔,甘草粉蜜汤
神曲,驱绦汤
黄连,驱绦汤
肉豆蔻,驱绦汤
使君子,驱绦汤
麦芽,驱绦汤
槟榔,驱绦汤
木香,驱绦汤
鹤虱,肥儿丸
槟榔,肥儿丸
苦楝,肥儿丸
白矾,肥儿丸
人参,化虫丸
白术,化虫丸
茯苓,化虫丸
干姜,化虫丸
花椒,化虫丸
乌梅,化虫丸
使君子,安蛔汤
厚朴,安蛔汤
陈皮,安蛔汤
川芎,安蛔汤
木香,使君子丸
槟榔,使君子丸
大黄,使君子丸
使君子,使君子丸
苦楝皮,使君子丸
厚朴,使君子丸
延胡索,使君子丸
川椒,胆道蛔虫汤
乌梅,胆道蛔虫汤
白芍,胆道蛔虫汤
人参,胆道蛔虫汤
黄连,胆道蛔虫汤
黄芩,胆道蛔虫汤
干姜,胆道蛔虫汤
半夏,胆道蛔虫汤
枳实,胆道蛔虫汤
山药,椒梅汤
芡实,椒梅汤
黄柏,椒梅汤
车前子,椒梅汤
白果,椒梅汤
当归,易黄汤
川芎,易黄汤
白术,易黄汤
人参,易黄汤
山药,易黄汤
杜仲,易黄汤
香附,易黄汤
牡蛎,易黄汤
续断,易黄汤
青黛,易黄汤
山药,止带丸
龙骨,止带丸
牡蛎,止带丸
海螵蛸,止带丸
茜草,止带丸
白术,清带汤
山药,清带汤
人参,清带汤
白芍,清带汤
车前子,清带汤
苍术,清带汤
甘草,清带汤
陈皮,清带汤
柴胡,清带汤
白茯苓,完带汤
牡蛎,威喜丸
菟丝子,威喜丸
龙骨,威喜丸
五味子,威喜丸
韭子,威喜丸
桑螵蛸,威喜丸
白茯苓,威喜丸
白石,威喜丸
远志,秘精丸
山药,秘精丸
芡实,秘精丸
枣仁,秘精丸
白术,秘精丸
茯苓,秘精丸
甘草,秘精丸
人参,秘精丸
五味子,秘精丸
金樱子,秘精丸
当归,秘元煎
白芍,秘元煎
白术,秘元煎
甘草,秘元煎
人参,秘元煎
麦门冬,秘元煎
川芎,秘元煎
肉桂,秘元煎
附子,秘元煎
肉苁蓉,秘元煎
半夏,秘元煎
黄芪,秘元煎
茯苓,秘元煎
熟地黄,秘元煎
菟丝子,十四味建中汤
牡蛎,十四味建中汤
金樱子,十四味建中汤
茯苓,十四味建中汤
人参,固真丸
天门冬,固真丸
熟地黄,固真丸
黄柏,固真丸
砂仁,固真丸
甘草,固真丸
菟丝子,三才封髓丹
白茯苓,三才封髓丹
莲子,三才封髓丹
桑螵蛸,茯菟丸
远志,茯菟丸
菖蒲,茯菟丸
龙骨,茯菟丸
人参,茯菟丸
茯神,茯菟丸
当归,茯菟丸
龟甲,茯菟丸
芡实,桑螵蛸散
金樱子,桑螵蛸散
山药,水陆二仙丹
芡,水陆二仙丹
龙骨,水陆二仙丹
牡蛎,水陆二仙丹
生地黄,水陆二仙丹
党参,水陆二仙丹
莲花,膏淋汤
黄连,膏淋汤
白茯苓,膏淋汤
砂仁,膏淋汤
益智仁,膏淋汤
半夏,膏淋汤
黄柏,膏淋汤
甘草,膏淋汤
猪苓,膏淋汤
熟地黄,治浊固本丸
菟丝子,治浊固本丸
酒,治浊固本丸
白术,治浊固本丸
五味子,治浊固本丸
酒,治浊固本丸
益智仁,治浊固本丸
酒,治浊固本丸
补骨脂,治浊固本丸
附子,治浊固本丸
茯苓,治浊固本丸
韭子,治浊固本丸
菟丝子,巩堤丸
茴香,巩堤丸
附子,巩堤丸
桑螵蛸,巩堤丸
戎盐,巩堤丸
石榴皮,固脬丸
黄连,固脬丸
地榆,固脬丸
醋,固脬丸
罂粟壳,固脬丸
茯苓,固脬丸
米壳,固肠汤
橘皮,固肠汤
干姜,固肠汤
诃子,固肠汤
人参,诃子皮散
莲肉,诃子皮散
菟丝子,诃子皮散
五味子,诃子皮散
山茱萸,诃子皮散
山药,诃子皮散
车前子,诃子皮散
肉豆蔻,诃子皮散
橘红,诃子皮散
巴戟天,诃子皮散
补骨脂,诃子皮散
人参,脾肾双补丸
当归,脾肾双补丸
白术,脾肾双补丸
肉豆蔻,脾肾双补丸
白芍,脾肾双补丸
诃子,脾肾双补丸
肉桂,脾肾双补丸
甘草,脾肾双补丸
木香,脾肾双补丸
罂粟壳,脾肾双补丸
赤石脂,真人养脏汤
干姜,真人养脏汤
粳米,真人养脏汤
赤石脂,桃花汤
禹余粮,桃花汤
黄芪,赤石脂禹余粮汤
桂枝,赤石脂禹余粮汤
甘草,赤石脂禹余粮汤
生姜,赤石脂禹余粮汤
大枣,赤石脂禹余粮汤
饴糖,赤石脂禹余粮汤
桂枝,黄芪建中汤
甘草,黄芪建中汤
龙骨,黄芪建中汤
牡蛎,黄芪建中汤
黄连,桂枝甘草龙骨牡蛎汤
天门冬,交泰丸
麦门冬,交泰丸
贝母,交泰丸
胆南星,交泰丸
橘红,交泰丸
远志,交泰丸
石菖蒲,交泰丸
连翘,交泰丸
茯苓,交泰丸
茯神,交泰丸
元参,交泰丸
钩藤,交泰丸
丹参,交泰丸
辰砂,交泰丸
百合,生铁落饮
生地黄,生铁落饮
甘草,百合地黄汤
小麦,百合地黄汤
大枣,百合地黄汤
龟板,甘草小麦大枣汤
龙骨,甘草小麦大枣汤
远志,甘草小麦大枣汤
菖蒲,甘草小麦大枣汤
茯苓,孔圣枕中丹
茯神,孔圣枕中丹
人参,孔圣枕中丹
远志,孔圣枕中丹
石菖蒲,孔圣枕中丹
龙齿,孔圣枕中丹
珍珠母,安神定志丸
当归,安神定志丸
熟地黄,安神定志丸
人参,安神定志丸
酸枣,安神定志丸
柏子仁,安神定志丸
犀角,安神定志丸
茯神,安神定志丸
沉香,安神定志丸
龙齿,安神定志丸
当归,珍珠母丸
生地黄,珍珠母丸
熟地黄,珍珠母丸
茯神,珍珠母丸
人参,珍珠母丸
麦门冬,珍珠母丸
五味子,珍珠母丸
柏子仁,珍珠母丸
酸枣仁,珍珠母丸
甘草,珍珠母丸
酸枣仁,养心汤
甘草,养心汤
知母,养心汤
茯苓,养心汤
川芎,养心汤
黄连,酸枣仁汤
黄芩,酸枣仁汤
阿胶,酸枣仁汤
蝉蜕,黄连阿胶汤
天南星,黄连阿胶汤
天麻,黄连阿胶汤
全虫,黄连阿胶汤
僵蚕,黄连阿胶汤
蜈蚣,五虎追风散
钩藤,五虎追风散
朱砂,五虎追风散
僵蚕,五虎追风散
麝香,五虎追风散
全蝎,撮风散
蜈蚣,撮风散
白附子,止痉散
白僵蚕,止痉散
全蝎,止痉散
天南星,牵正散
防风,牵正散
白芷,牵正散
天麻,牵正散
羌活,牵正散
白附子,牵正散
山药,玉真散
怀牛膝,玉真散
赭石,玉真散
龙骨,玉真散
牡蛎,玉真散
地黄,玉真散
柏子仁,玉真散
阿胶,建瓴汤
白芍,建瓴汤
石决明,建瓴汤
双钩,建瓴汤
生地黄,建瓴汤
牡蛎,建瓴汤
络石藤,建瓴汤
茯神,建瓴汤
花椒,阿胶鸡子黄汤
干姜,阿胶鸡子黄汤
人参,阿胶鸡子黄汤
饴糖,阿胶鸡子黄汤
甘草,大建中汤
地黄,大建中汤
白芍,大建中汤
麦门冬,大建中汤
阿胶,大建中汤
牡蛎,大建中汤
鳖甲,大建中汤
龟甲,大建中汤
钩藤,三甲复脉汤
陈皮,三甲复脉汤
半夏,三甲复脉汤
麦门冬,三甲复脉汤
茯苓,三甲复脉汤
茯神,三甲复脉汤
人参,三甲复脉汤
防风,三甲复脉汤
甘草,三甲复脉汤
羌活,钩藤散
芦头,钩藤散
防风,钩藤散
附子,钩藤散
天麻,钩藤散
羚羊角,钩藤散
酸枣仁,钩藤散
甘草,钩藤散
桑叶,资寿解语汤
生地黄,资寿解语汤
双钩,资寿解语汤
菊花,资寿解语汤
茯神,资寿解语汤
白芍,资寿解语汤
竹茹,资寿解语汤
甘草,羚角钩藤汤
细辛,羚角钩藤汤
白芷,羚角钩藤汤
薄荷,羚角钩藤汤
冰片,羚角钩藤汤
朱砂,羚角钩藤汤
石菖蒲,卫生防疫宝丹
栀子,卫生防疫宝丹
牡丹皮,卫生防疫宝丹
郁金,卫生防疫宝丹
连翘,卫生防疫宝丹
灯心,卫生防疫宝丹
木通,卫生防疫宝丹
竹沥,卫生防疫宝丹
甘草,菖蒲郁金汤
干姜,菖蒲郁金汤
熟地黄,甘草干姜汤
山药,甘草干姜汤
白扁豆,甘草干姜汤
甘草,甘草干姜汤
干姜,甘草干姜汤
吴茱萸,甘草干姜汤
白术,甘草干姜汤
陈皮,胃关煎
丁香,胃关煎
诃子,胃关煎
青皮,胃关煎
甘草,胃关煎
肉桂,益黄散
炮姜,益黄散
丁香,益黄散
胡椒,益黄散
厚朴,逐寒荡惊汤
橘皮,逐寒荡惊汤
甘草,逐寒荡惊汤
草豆蔻,逐寒荡惊汤
茯苓,逐寒荡惊汤
木香,逐寒荡惊汤
干姜,逐寒荡惊汤
生姜,逐寒荡惊汤
桂枝,厚朴温中汤
甘草,厚朴温中汤
生姜,厚朴温中汤
大枣,厚朴温中汤
饴糖,厚朴温中汤
茯苓,小建中汤
人参,小建中汤
附子,小建中汤
甘草,小建中汤
干姜,小建中汤
人参,茯苓四逆汤
附子,茯苓四逆汤
甘草,茯苓四逆汤
熟地黄,茯苓四逆汤
当归,茯苓四逆汤
附子,六味回阳饮
干姜,六味回阳饮
肉桂,六味回阳饮
人参,六味回阳饮
白术,六味回阳饮
茯苓,六味回阳饮
半夏,六味回阳饮
陈皮,六味回阳饮
甘草,六味回阳饮
五味子,六味回阳饮
麝香,六味回阳饮
生姜,六味回阳饮
人参,回阳救急汤
附子,回阳救急汤
黑锡,参附汤
硫磺,参附汤
金铃子,参附汤
葫芦巴,参附汤
木香,参附汤
附子,参附汤
肉豆蔻,参附汤
沉香,参附汤
茴香,参附汤
阳起石,参附汤
肉桂,参附汤
五味子,黑锡丹
麦门冬,黑锡丹
人参,黑锡丹
杏仁,黑锡丹
生姜,黑锡丹
大枣,黑锡丹
人参,五味子汤
款冬花,五味子汤
桑白皮,五味子汤
桔梗,五味子汤
五味子,五味子汤
阿胶,五味子汤
乌梅,五味子汤
贝母,五味子汤
米壳,五味子汤
蛤蚧,九仙散
人参,九仙散
茯苓,九仙散
知母,九仙散
贝母,九仙散
桑白皮,九仙散
甘草,九仙散
杏仁,九仙散
人参,人参蛤蚧散
黄芪,人参蛤蚧散
紫菀,人参蛤蚧散
桑白皮,人参蛤蚧散
熟地黄,人参蛤蚧散
当归,补肺汤
熟地黄,补肺汤
半夏,补肺汤
茯苓,补肺汤
甘草,补肺汤
生姜,补肺汤
阿胶,金水六君煎
牛蒡子,金水六君煎
杏仁,金水六君煎
马兜铃,金水六君煎
甘草,金水六君煎
防己,补肺阿胶散
石膏,补肺阿胶散
桂枝,补肺阿胶散
人参,补肺阿胶散
皂荚,木防己汤
桔梗,皂荚丸
甘草,皂荚丸
白芥子,桔梗汤
苏子,桔梗汤
莱菔子,桔梗汤
射干,定喘汤
麻黄,定喘汤
生姜,定喘汤
细辛,定喘汤
紫菀,定喘汤
款冬花,定喘汤
大枣,定喘汤
半夏,定喘汤
五味子,定喘汤
暂无,射干麻黄汤
知母,黛蛤散
贝母,黛蛤散
贝母,二母散
花粉,二母散
茯苓,二母散
橘红,二母散
桑叶,贝母瓜蒌散
石膏,贝母瓜蒌散
甘草,贝母瓜蒌散
人参,贝母瓜蒌散
胡麻,贝母瓜蒌散
阿胶,贝母瓜蒌散
杏仁,贝母瓜蒌散
麦门冬,贝母瓜蒌散
杏仁,贝母瓜蒌散
枇杷叶,贝母瓜蒌散
葶苈子,清燥救肺汤
大枣,清燥救肺汤
麻黄,葶苈大枣泻肺汤
杏仁,葶苈大枣泻肺汤
甘草,葶苈大枣泻肺汤
石膏,葶苈大枣泻肺汤
麻黄,五虎汤
杏仁,五虎汤
甘草,五虎汤
石膏,五虎汤
荆芥,麻黄杏仁甘草石膏汤
半夏,麻黄杏仁甘草石膏汤
赤芍,麻黄杏仁甘草石膏汤
细辛,麻黄杏仁甘草石膏汤
甘草,麻黄杏仁甘草石膏汤
旋覆花,麻黄杏仁甘草石膏汤
柴胡,金沸草散
枳壳,金沸草散
川朴,金沸草散
青皮,金沸草散
甘草,金沸草散
黄芩,金沸草散
桔梗,金沸草散
草果,金沸草散
槟榔,金沸草散
荷叶,金沸草散
半夏,柴胡达原饮
枳实,柴胡达原饮
陈皮,柴胡达原饮
白茯苓,柴胡达原饮
酸枣仁,柴胡达原饮
远志,柴胡达原饮
熟地黄,柴胡达原饮
人参,柴胡达原饮
麻黄,十味温胆汤
苏子,十味温胆汤
桑白皮,十味温胆汤
橘皮,十味温胆汤
杏仁,十味温胆汤
茯苓,十味温胆汤
甘草,十味温胆汤
麻黄,华盖散
杏仁,华盖散
甘草,华盖散
海带,三拗汤
海藻,三拗汤
昆布,三拗汤
海蛤壳,三拗汤
海螵蛸,三拗汤
木香,三拗汤
三棱,三拗汤
莪术,三拗汤
桔梗,三拗汤
细辛,三拗汤
香附,三拗汤
海藻,四海舒郁丸
贝母,四海舒郁丸
陈皮,四海舒郁丸
昆布,四海舒郁丸
青皮,四海舒郁丸
川芎,四海舒郁丸
当归,四海舒郁丸
连翘,四海舒郁丸
半夏,四海舒郁丸
甘草,四海舒郁丸
独活,四海舒郁丸
海带,四海舒郁丸
元参,海藻玉壶汤
牡蛎,海藻玉壶汤
川贝母,海藻玉壶汤
夏枯草,消瘰丸
玄参,消瘰丸
天花粉,消瘰丸
甘草,消瘰丸
青盐,消瘰丸
白蔹,消瘰丸
当归,消瘰丸
海藻,消瘰丸
枳壳,消瘰丸
桔梗,消瘰丸
川贝母,消瘰丸
大黄,消瘰丸
薄荷,消瘰丸
连翘,消瘰丸
生地黄,消瘰丸
硝石,消瘰丸
夏枯草,内消瘰疬丸
当归,内消瘰疬丸
白芍,内消瘰疬丸
玄参,内消瘰疬丸
乌药,内消瘰疬丸
浙贝母,内消瘰疬丸
僵蚕,内消瘰疬丸
昆布,内消瘰疬丸
桔梗,内消瘰疬丸
甘草,内消瘰疬丸
川芎,内消瘰疬丸
陈皮,内消瘰疬丸
红花,内消瘰疬丸
香附,内消瘰疬丸
半夏,夏枯草膏
茯苓,夏枯草膏
枳壳,夏枯草膏
朴硝,夏枯草膏
半夏,指迷茯苓丸
桂枝,指迷茯苓丸
甘草,指迷茯苓丸
槟榔,半夏散
厚朴,半夏散
草果,半夏散
知母,半夏散
黄芩,半夏散
甘草,半夏散
常山,达原饮
草果,达原饮
槟榔,达原饮
知母,达原饮
贝母,达原饮
乌梅,达原饮
生姜,达原饮
大枣,达原饮
黄连,常山饮
竹茹,常山饮
枳实,常山饮
半夏,常山饮
陈皮,常山饮
甘草,常山饮
生姜,常山饮
茯苓,常山饮
羌活,黄连温胆汤
白附子,黄连温胆汤
防风,黄连温胆汤
秦艽,黄连温胆汤
胆南星,黄连温胆汤
白僵蚕,黄连温胆汤
半夏,黄连温胆汤
木瓜,黄连温胆汤
甘草,黄连温胆汤
茯神,黄连温胆汤
白矾,正容汤
郁金,正容汤
木香,白金丸
川乌,白金丸
附子,白金丸
半夏,三生饮
竹茹,三生饮
枳实,三生饮
陈皮,三生饮
茯苓,三生饮
甘草,三生饮
生姜,三生饮
大枣,三生饮
半夏,温胆汤
甘遂,半夏秫米汤
半夏,半夏秫米汤
甘草,半夏秫米汤
泽泻,甘遂半夏汤
白术,甘遂半夏汤
甘遂,泽泻汤
大戟,泽泻汤
白芥子,泽泻汤
茯苓,控涎丹
桂枝,控涎丹
白术,控涎丹
甘草,控涎丹
半夏,茯苓桂枝白术甘草汤
天南星,茯苓桂枝白术甘草汤
橘红,茯苓桂枝白术甘草汤
枳实,茯苓桂枝白术甘草汤
茯苓,茯苓桂枝白术甘草汤
甘草,茯苓桂枝白术甘草汤
苍术,导痰汤
防风,导痰汤
白术,导痰汤
白茯苓,导痰汤
白芍,导痰汤
槟榔,升阳除湿防风汤
陈皮,升阳除湿防风汤
木瓜,升阳除湿防风汤
吴茱萸,升阳除湿防风汤
桔梗,升阳除湿防风汤
生姜,升阳除湿防风汤
紫苏,升阳除湿防风汤
滑石,鸡鸣散
黄芩,鸡鸣散
茵陈,鸡鸣散
石菖蒲,鸡鸣散
川贝母,鸡鸣散
木通,鸡鸣散
藿香,鸡鸣散
连翘,鸡鸣散
白豆蔻,鸡鸣散
薄荷,鸡鸣散
射干,鸡鸣散
厚朴,甘露消毒丹
石菖蒲,甘露消毒丹
半夏,甘露消毒丹
芦根,甘露消毒丹
藿香,连朴饮
半夏,连朴饮
杏仁,连朴饮
白蔻仁,连朴饮
通草,连朴饮
猪苓,连朴饮
淡豆豉,连朴饮
泽泻,连朴饮
厚朴,连朴饮
益智仁,藿朴夏苓汤
石菖蒲,藿朴夏苓汤
乌药,藿朴夏苓汤
栝楼,萆薢分清饮
茯苓,萆薢分清饮
附子,萆薢分清饮
瞿麦,萆薢分清饮
生地黄,栝楼瞿麦丸
熟地黄,栝楼瞿麦丸
牛膝,栝楼瞿麦丸
猪苓,栝楼瞿麦丸
泽泻,栝楼瞿麦丸
黄柏,栝楼瞿麦丸
知母,栝楼瞿麦丸
绿豆,栝楼瞿麦丸
龙胆草,栝楼瞿麦丸
车前子,栝楼瞿麦丸
瞿麦,化阴煎
滑石,化阴煎
车前子,化阴煎
冬葵子,化阴煎
茯苓,石韦散
当归,石韦散
甘草,石韦散
赤芍,石韦散
栀子,石韦散
鲤鱼,五淋散
白术,五淋散
茯苓,五淋散
当归,五淋散
生姜,五淋散
茵陈,千金鲤鱼汤
泽泻,千金鲤鱼汤
猪苓,千金鲤鱼汤
茯苓,千金鲤鱼汤
白术,千金鲤鱼汤
黄柏,茵陈五苓散
知母,茵陈五苓散
肉桂,茵陈五苓散
生姜,通关丸
桑白皮,通关丸
橘皮,通关丸
大腹皮,通关丸
茯苓皮,通关丸
茯苓,五皮散
麦门冬,五皮散
泽泻,五皮散
白术,五皮散
桑白皮,五皮散
大腹皮,五皮散
紫苏,五皮散
槟榔,五皮散
木瓜,五皮散
木香,五皮散
砂仁,五皮散
甘草,导水茯苓汤
白术,导水茯苓汤
干姜,导水茯苓汤
茯苓,导水茯苓汤
人参,甘草干姜茯苓白术汤
白术,甘草干姜茯苓白术汤
藿香,甘草干姜茯苓白术汤
茯苓,甘草干姜茯苓白术汤
木香,甘草干姜茯苓白术汤
甘草,甘草干姜茯苓白术汤
葛根,甘草干姜茯苓白术汤
附子,钱氏白术散
白术,钱氏白术散
白茯苓,钱氏白术散
干姜,钱氏白术散
厚朴,钱氏白术散
木瓜,钱氏白术散
木香,钱氏白术散
大腹子,钱氏白术散
甘草,钱氏白术散
生姜,钱氏白术散
大枣,钱氏白术散
防己,实脾散
黄芪,实脾散
桂枝,实脾散
茯苓,实脾散
甘草,实脾散
苍术,防己茯苓汤
陈皮,防己茯苓汤
厚朴,防己茯苓汤
茯苓,防己茯苓汤
猪苓,防己茯苓汤
泽泻,防己茯苓汤
白术,防己茯苓汤
甘草,防己茯苓汤
猪苓,胃苓汤
茯苓,胃苓汤
泽泻,胃苓汤
滑石,胃苓汤
阿胶,胃苓汤
茯苓,猪苓汤
猪苓,猪苓汤
泽泻,猪苓汤
白术,猪苓汤
人参,四苓散
蕲蛇,四苓散
当归,四苓散
川芎,四苓散
川连,四苓散
羌活,四苓散
防风,四苓散
玄参,四苓散
乳香,四苓散
白芷,四苓散
茯苓,四苓散
麻黄,四苓散
天麻,四苓散
姜黄,四苓散
甘草,四苓散
肉桂,四苓散
何首乌,四苓散
琥珀,四苓散
大黄,四苓散
草豆蔻,四苓散
熟地黄,四苓散
山甲,四苓散
全蝎,四苓散
威灵仙,四苓散
葛根,四苓散
桑寄生,四苓散
细辛,四苓散
赤芍,四苓散
乌药,四苓散
青皮,四苓散
僵蚕,四苓散
乳香,四苓散
没药,四苓散
辰砂,四苓散
骨碎补,四苓散
香附,四苓散
天竺黄,四苓散
附子,四苓散
龟板,四苓散
沉香,四苓散
丁香,四苓散
胆星,四苓散
红花,四苓散
犀角,四苓散
厚朴,四苓散
松香,四苓散
木香,四苓散
冰片,四苓散
牛黄,四苓散
血竭,四苓散
川乌,回生再造丸
草乌,回生再造丸
地龙,回生再造丸
乳香,回生再造丸
没药,回生再造丸
白花蛇,小活络丹
乌梢蛇,小活络丹
麻黄,小活络丹
细辛,小活络丹
全蝎,小活络丹
两头尖,小活络丹
赤芍,小活络丹
贯众,小活络丹
防风,小活络丹
葛根,小活络丹
没药,小活络丹
血竭,小活络丹
朱砂,小活络丹
甘草,小活络丹
丁香,小活络丹
白僵蚕,小活络丹
乳香,小活络丹
麝香,小活络丹
草豆蔻,小活络丹
羌活,小活络丹
玄参,小活络丹
牛黄,小活络丹
天麻,小活络丹
藿香,小活络丹
天竺黄,小活络丹
龟板,小活络丹
人参,小活络丹
何首乌,小活络丹
白芷,小活络丹
乌药,小活络丹
安息香,小活络丹
青皮,小活络丹
附子,小活络丹
香附,小活络丹
白豆蔻,小活络丹
骨碎补,小活络丹
黄连,小活络丹
茯苓,小活络丹
黄芩,小活络丹
白术,小活络丹
熟地黄,小活络丹
大黄,小活络丹
当归,小活络丹
木香,小活络丹
沉香,小活络丹
秦艽,大活络丹
川芎,大活络丹
独活,大活络丹
当归,大活络丹
白芍,大活络丹
石膏,大活络丹
甘草,大活络丹
羌活,大活络丹
防风,大活络丹
白芷,大活络丹
黄芩,大活络丹
白术,大活络丹
茯苓,大活络丹
生地黄,大活络丹
熟地黄,大活络丹
细辛,大活络丹
防己,大秦艽汤
杏仁,大秦艽汤
滑石,大秦艽汤
连翘,大秦艽汤
栀子,大秦艽汤
薏苡仁,大秦艽汤
半夏,大秦艽汤
醋,大秦艽汤
蚕沙,大秦艽汤
赤小豆,大秦艽汤
桑枝,宣痹汤
虎杖,宣痹汤
金雀根,宣痹汤
梧桐,宣痹汤
红枣,宣痹汤
豨莶草,桑枝虎杖汤
梧桐叶,桑枝虎杖汤
秦艽,豨桐丸
川芎,豨桐丸
桃仁,豨桐丸
红花,豨桐丸
甘草,豨桐丸
羌活,豨桐丸
没药,豨桐丸
当归,豨桐丸
五灵脂,豨桐丸
香附,豨桐丸
牛膝,豨桐丸
苍术,身痛逐瘀汤
白术,身痛逐瘀汤
茯苓,身痛逐瘀汤
羌活,身痛逐瘀汤
泽泻,身痛逐瘀汤
陈皮,身痛逐瘀汤
甘草,身痛逐瘀汤
竹沥,身痛逐瘀汤
薏苡仁,除湿蠲痹汤
当归,除湿蠲痹汤
川芎,除湿蠲痹汤
生姜,除湿蠲痹汤
桂枝,除湿蠲痹汤
羌活,除湿蠲痹汤
独活,除湿蠲痹汤
防风,除湿蠲痹汤
白术,除湿蠲痹汤
草乌,除湿蠲痹汤
川乌,除湿蠲痹汤
麻黄,除湿蠲痹汤
防风,薏苡仁汤
甘草,薏苡仁汤
当归,薏苡仁汤
茯苓,薏苡仁汤
杏仁,薏苡仁汤
桂枝,薏苡仁汤
黄芩,薏苡仁汤
秦艽,薏苡仁汤
葛根,薏苡仁汤
麻黄,薏苡仁汤
桂枝,防风汤
甘草,防风汤
麻黄,防风汤
知母,防风汤
生姜,防风汤
白术,防风汤
防风,防风汤
附子,防风汤
桂枝,桂枝芍药知母汤
附子,桂枝芍药知母汤
甘草,桂枝芍药知母汤
生姜,桂枝芍药知母汤
大枣,桂枝芍药知母汤
附子,桂枝附子汤
白术,桂枝附子汤
生姜,桂枝附子汤
甘草,桂枝附子汤
大枣,桂枝附子汤
黄芪,白术附子汤
桂枝,白术附子汤
生姜,白术附子汤
大枣,白术附子汤
姜黄,黄芪桂枝五物汤
甘草,黄芪桂枝五物汤
羌活,黄芪桂枝五物汤
白术,黄芪桂枝五物汤
防己,黄芪桂枝五物汤
当归,五痹汤
羌活,五痹汤
姜黄,五痹汤
黄芪,五痹汤
白芍,五痹汤
防风,五痹汤
甘草,五痹汤
麻黄,蠲痹汤
黄芪,蠲痹汤
甘草,蠲痹汤
川乌,蠲痹汤
附子,乌头汤
茯苓,乌头汤
人参,乌头汤
白术,乌头汤
白术,附子汤
黄芪,附子汤
龙骨,附子汤
牡蛎,附子汤
海螵蛸,附子汤
茜草,附子汤
续断,附子汤
当归,苎根汤
白芍,苎根汤
熟地黄,苎根汤
香附,苎根汤
川芎,苎根汤
红花,苎根汤
桃仁,苎根汤
莪术,苎根汤
木通,苎根汤
甘草,苎根汤
肉桂,苎根汤
侧柏叶,胶艾汤
干姜,胶艾汤
艾叶,胶艾汤
生地黄,柏叶汤
白芍,柏叶汤
黄芩,柏叶汤
黄连,柏叶汤
牡丹皮,柏叶汤
莲须,柏叶汤
地榆,柏叶汤
牡蛎,柏叶汤
甘草,柏叶汤
牡丹皮,崩证极验方
地骨皮,崩证极验方
白芍,崩证极验方
熟地黄,崩证极验方
青蒿,崩证极验方
茯苓,崩证极验方
黄柏,崩证极验方
地榆,清经散
黄芪,清经散
枳壳,清经散
槟榔,清经散
黄芩,清经散
赤芍,清经散
当归,清经散
生地黄,地榆散
当归,地榆散
川芎,地榆散
白芍,地榆散
荆芥,地榆散
黄芩,地榆散
生地黄,荆芩四物汤
当归,荆芩四物汤
川芎,荆芩四物汤
白芍,荆芩四物汤
知母,荆芩四物汤
黄柏,荆芩四物汤
生地黄,知柏四物汤
当归,知柏四物汤
白芍,知柏四物汤
川芎,知柏四物汤
黄芩,知柏四物汤
黄连,知柏四物汤
青黛,三鲜饮
诃子,三鲜饮
油瓜,三鲜饮
海浮石,三鲜饮
栀子,三鲜饮
荷叶,咳血方
艾叶,咳血方
生地黄,咳血方
熟地黄,四生丸
当归,四生丸
白芍,四生丸
川芎,四生丸
藁本,四生丸
防风,四生丸
没药,除风益损汤
乳香,除风益损汤
麻黄,除风益损汤
自然铜,除风益损汤
当归,除风益损汤
川芎,除风益损汤
土鳖虫,除风益损汤
血竭,除风益损汤
马钱子,除风益损汤
麝香,除风益损汤
山药,跌打丸
天花粉,跌打丸
知母,跌打丸
黄芪,跌打丸
三棱,跌打丸
莪术,跌打丸
鸡内金,跌打丸
党参,跌打丸
白术,跌打丸
当归,理冲汤
山楂,理冲汤
香附,理冲汤
红花,理冲汤
乌药,理冲汤
青皮,理冲汤
木香,理冲汤
泽泻,理冲汤
吴茱萸,通瘀煎
麦门冬,通瘀煎
当归,通瘀煎
川芎,通瘀煎
人参,通瘀煎
桂枝,通瘀煎
阿胶,通瘀煎
牡丹皮,通瘀煎
生姜,通瘀煎
甘草,通瘀煎
半夏,通瘀煎
丹参,温经汤
赤芍,温经汤
桃仁,温经汤
桂枝,宫外孕方
茯苓,宫外孕方
牡丹皮,宫外孕方
桃仁,宫外孕方
鳖甲,桂枝茯苓丸
赤硝,桂枝茯苓丸
蜣螂,桂枝茯苓丸
牡丹,桂枝茯苓丸
蜂巢,桂枝茯苓丸
乌扇,桂枝茯苓丸
柴胡,桂枝茯苓丸
黄芩,桂枝茯苓丸
干姜,桂枝茯苓丸
大黄,桂枝茯苓丸
桂枝,桂枝茯苓丸
厚朴,桂枝茯苓丸
石韦,桂枝茯苓丸
紫葳,桂枝茯苓丸
阿胶,桂枝茯苓丸
瞿麦,桂枝茯苓丸
桃仁,桂枝茯苓丸
半夏,桂枝茯苓丸
人参,桂枝茯苓丸
大黄,鳖甲煎丸
黄芩,鳖甲煎丸
甘草,鳖甲煎丸
桃仁,鳖甲煎丸
杏仁,鳖甲煎丸
地黄,鳖甲煎丸
干漆,鳖甲煎丸
水蛭,鳖甲煎丸
蛴螬,鳖甲煎丸
当归,大黄蛰虫丸
泽泻,大黄蛰虫丸
川芎,大黄蛰虫丸
茯苓,大黄蛰虫丸
白术,大黄蛰虫丸
当归,当归芍药散
川芎,当归芍药散
红花,当归芍药散
丹参,复方当归注射液
降香,复方当归注射液
丹参,复方丹参注射液
檀香,复方丹参注射液
砂仁,复方丹参注射液
柴胡,丹参饮
土鳖虫,丹参饮
丹参,丹参饮
半夏,丹参饮
泽兰,丹参饮
当归,丹参饮
川芎,丹参饮
细辛,丹参饮
薄荷,丹参饮
黄连,丹参饮
当归,柴胡细辛汤
丹参,柴胡细辛汤
乳香,柴胡细辛汤
没药,柴胡细辛汤
羌活,活络效灵丹
甘草,活络效灵丹
茵陈,活络效灵丹
防风,活络效灵丹
苍术,活络效灵丹
当归,活络效灵丹
知母,活络效灵丹
猪苓,活络效灵丹
泽泻,活络效灵丹
升麻,活络效灵丹
白术,活络效灵丹
黄芩,活络效灵丹
葛根,活络效灵丹
人参,活络效灵丹
苦参,活络效灵丹
五灵脂,当归拈痛汤
蒲黄,当归拈痛汤
当归,失笑散
白芍,失笑散
川芎,失笑散
生地黄,失笑散
蒺藜,失笑散
防风,失笑散
荆芥,失笑散
何首乌,失笑散
黄芪,失笑散
甘草,失笑散
黄芪,当归饮子
桃仁,当归饮子
红花,当归饮子
赤芍,当归饮子
山甲,当归饮子
桃仁,助阳止痒汤
红花,助阳止痒汤
当归,助阳止痒汤
川芎,助阳止痒汤
威灵仙,助阳止痒汤
当归,桃红饮
川芎,桃红饮
牛膝,桃红饮
车前子,桃红饮
肉桂,桃红饮
红花,桃红饮
大黄,脱花煎
桃仁,脱花煎
水蛭,下瘀血汤
桃仁,下瘀血汤
大黄,下瘀血汤
赤芍,抵当汤
川芎,抵当汤
桃仁,抵当汤
红花,抵当汤
生姜,抵当汤
麝香,抵当汤
大枣,抵当汤
桃仁,通窍活血汤
红花,通窍活血汤
生地黄,通窍活血汤
当归,通窍活血汤
赤芍,通窍活血汤
枳壳,通窍活血汤
桔梗,通窍活血汤
柴胡,通窍活血汤
玄参,通窍活血汤
甘草,通窍活血汤
小茴香,会厌逐瘀汤
干姜,会厌逐瘀汤
延胡索,会厌逐瘀汤
没药,会厌逐瘀汤
川芎,会厌逐瘀汤
赤芍,会厌逐瘀汤
五灵脂,会厌逐瘀汤
蒲黄,会厌逐瘀汤
当归,会厌逐瘀汤
白芍,少腹逐瘀汤
当归,少腹逐瘀汤
熟地黄,少腹逐瘀汤
川芎,少腹逐瘀汤
桃仁,少腹逐瘀汤
红花,少腹逐瘀汤
丁香,桃红四物汤
柿蒂,桃红四物汤
人参,桃红四物汤
生姜,桃红四物汤
橘皮,丁香柿蒂汤
竹茹,丁香柿蒂汤
大枣,丁香柿蒂汤
生姜,丁香柿蒂汤
甘草,丁香柿蒂汤
人参,丁香柿蒂汤
半夏,橘皮竹茹汤
生姜,橘皮竹茹汤
当归,小半夏汤
枸杞,小半夏汤
乌药,小半夏汤
小茴香,小半夏汤
茯苓,小半夏汤
沉香,小半夏汤
肉桂,小半夏汤
生姜,小半夏汤
橘核,暖肝煎
海藻,暖肝煎
昆布,暖肝煎
海带,暖肝煎
川楝子,暖肝煎
桃仁,暖肝煎
厚朴,暖肝煎
木通,暖肝煎
枳实,暖肝煎
延胡索,暖肝煎
肉桂,暖肝煎
木香,暖肝煎
乌药,橘核丸
木香,橘核丸
茴香,橘核丸
橘皮,橘核丸
高良姜,橘核丸
槟榔,橘核丸
川楝子,橘核丸
人参,天台乌药散
槟榔,天台乌药散
沉香,天台乌药散
天台乌药,天台乌药散
金铃子,四磨汤
玄胡索,四磨汤
干姜,金铃子散
甘草,金铃子散
麦芽,金铃子散
白茯苓,金铃子散
白术,金铃子散
半夏,金铃子散
人参,金铃子散
厚朴,金铃子散
枳实,金铃子散
黄连,金铃子散
白术,失笑丸
人参,失笑丸
甘草,失笑丸
猪苓,失笑丸
姜黄,失笑丸
白茯苓,失笑丸
干姜,失笑丸
砂仁,失笑丸
泽泻,失笑丸
橘皮,失笑丸
知母,失笑丸
黄芩,失笑丸
黄连,失笑丸
半夏,失笑丸
枳实,失笑丸
厚朴,失笑丸
黄连,中满分消丸
半夏,中满分消丸
甘草,中满分消丸
干姜,中满分消丸
桂枝,中满分消丸
人参,中满分消丸
大枣,中满分消丸
甘草,黄连汤
柴胡,芍药甘草汤
龙骨,芍药甘草汤
生姜,芍药甘草汤
人参,芍药甘草汤
桂枝,芍药甘草汤
茯苓,芍药甘草汤
半夏,芍药甘草汤
黄芩,芍药甘草汤
铅丹,芍药甘草汤
大黄,芍药甘草汤
牡蛎,芍药甘草汤
大枣,芍药甘草汤
防己,柴胡加龙骨牡蛎汤
大黄,柴胡加龙骨牡蛎汤
牵牛,己椒苈黄丸
茴香,己椒苈黄丸
泽泻,禹功散
赤小豆,禹功散
商陆,禹功散
羌活,禹功散
大腹皮,禹功散
木通,禹功散
秦艽,禹功散
槟榔,禹功散
茯苓皮,禹功散
桃仁,疏凿饮子
红花,疏凿饮子
生地黄,疏凿饮子
熟地黄,疏凿饮子
当归,疏凿饮子
甘草,疏凿饮子
升麻,疏凿饮子
当归,通幽汤
牛膝,通幽汤
肉苁蓉,通幽汤
泽泻,通幽汤
升麻,通幽汤
枳壳,通幽汤
桃仁,济川煎
杏仁,济川煎
柏子仁,济川煎
郁李仁,济川煎
陈皮,济川煎
半夏,五仁丸
硫黄,五仁丸
当归,半硫丸
生地黄,半硫丸
黄柏,半硫丸
连翘,半硫丸
薄荷,半硫丸
橘皮,半硫丸
青盐,半硫丸
石斛,半硫丸
猪苓,半硫丸
茯苓,半硫丸
玄参,半硫丸
牡丹皮,半硫丸
地骨皮,半硫丸
泽泻,半硫丸
车前子,半硫丸
知母,半硫丸
侧柏,半硫丸
木通,半硫丸
甘草,半硫丸
藕,半硫丸
甘蔗,半硫丸
韭菜,半硫丸
柴胡,柴前梅连散
鳖甲,柴前梅连散
地骨皮,柴前梅连散
秦艽,柴前梅连散
当归,柴前梅连散
知母,柴前梅连散
银柴胡,秦艽鳖甲散
胡黄连,秦艽鳖甲散
秦艽,秦艽鳖甲散
鳖甲,秦艽鳖甲散
地骨皮,秦艽鳖甲散
青蒿,秦艽鳖甲散
知母,秦艽鳖甲散
甘草,秦艽鳖甲散
知母,清骨散
黄柏,清骨散
龙骨,清骨散
牡蛎,清骨散
白芍,清骨散
山药,清骨散
乌贼骨,清骨散
茜草,清骨散
泽泻,清骨散
黄芩,蒿芩清胆汤
麦门冬,蒿芩清胆汤
地骨皮,蒿芩清胆汤
车前子,蒿芩清胆汤
莲肉,蒿芩清胆汤
茯苓,蒿芩清胆汤
黄芪,蒿芩清胆汤
人参,蒿芩清胆汤
甘草,蒿芩清胆汤
玄参,清心莲子饮
莲子心,清心莲子饮
连翘,清心莲子饮
犀角,清心莲子饮
麦门冬,清心莲子饮
升麻,清宫汤
柴胡,清宫汤
羌活,清宫汤
甘草,清宫汤
泽泻,清宫汤
龙胆,清宫汤
知母,清宫汤
黄柏,清宫汤
赤小豆,清震汤
黑豆,清震汤
绿豆,清震汤
甘草,清震汤
黄芪,三豆饮子
陈皮,三豆饮子
白术,三豆饮子
泽泻,三豆饮子
茯苓,三豆饮子
升麻,三豆饮子
甘草,三豆饮子
麦门冬,三豆饮子
当归,三豆饮子
生地,三豆饮子
神曲,三豆饮子
猪苓,三豆饮子
柴胡,三豆饮子
黄柏,三豆饮子
黄连,三豆饮子
苍术,三豆饮子
黄柏,清燥汤
苍术,清燥汤
当归,二妙散
贝母,二妙散
苦参,二妙散
青皮,当归贝母苦参丸
陈皮,当归贝母苦参丸
厚朴,当归贝母苦参丸
枳实,当归贝母苦参丸
黄芩,当归贝母苦参丸
黄连,当归贝母苦参丸
当归,当归贝母苦参丸
白芍,当归贝母苦参丸
滑石,当归贝母苦参丸
木香,当归贝母苦参丸
甘草,当归贝母苦参丸
槟榔,当归贝母苦参丸
葛根,香连化滞丸
甘草,香连化滞丸
黄芩,香连化滞丸
黄连,香连化滞丸
栀子,葛根黄芩黄连汤
甘草,葛根黄芩黄连汤
黄柏,葛根黄芩黄连汤
金银花,栀子柏皮汤
黄芩,栀子柏皮汤
生地黄,银黄片
黄连,银黄片
栀子,银黄片
桔梗,银黄片
黄芩,银黄片
知母,银黄片
赤芍,银黄片
玄参,银黄片
连翘,银黄片
甘草,银黄片
丹皮,银黄片
石膏,清瘟败毒饮
知母,清瘟败毒饮
玄参,清瘟败毒饮
犀角,清瘟败毒饮
粳米,清瘟败毒饮
犀角,化斑汤
生地黄,化斑汤
香豉,化斑汤
连翘,化斑汤
黄芩,化斑汤
板蓝根,化斑汤
金银花,化斑汤
元参,化斑汤
花粉,化斑汤
石菖蒲,化斑汤
紫草,化斑汤
葛根,神犀丹
防风,神犀丹
桔梗,神犀丹
桂枝,神犀丹
人参,神犀丹
甘草,神犀丹
附子,神犀丹
大枣,神犀丹
生姜,神犀丹
黄芩,竹叶汤
苦参,竹叶汤
地黄,竹叶汤
金银花,三物黄芩汤
西瓜,三物黄芩汤
扁豆花,三物黄芩汤
丝瓜,三物黄芩汤
川芎,清络饮
柴胡,清络饮
黄连,清络饮
防风,清络饮
羌活,清络饮
甘草,清络饮
黄芩,清络饮
黄连,清空膏
附子,清空膏
生姜,清空膏
红枣,清空膏
滑石,连附六一汤
连翘,连附六一汤
茯苓,连附六一汤
青蒿,连附六一汤
白扁豆,连附六一汤
通草,连附六一汤
西瓜,连附六一汤
石膏,清凉涤暑法
半夏,清凉涤暑法
人参,清凉涤暑法
甘草,清凉涤暑法
粳米,清凉涤暑法
麦门冬,清凉涤暑法
栀子,竹叶石膏汤
香豉,竹叶石膏汤
黄连,栀子豉汤
黄柏,栀子豉汤
黄芩,栀子豉汤
香豉,栀子豉汤
麻黄,栀子豉汤
黄连,石膏汤
黄芩,石膏汤
黄柏,石膏汤
栀子,石膏汤
大黄,石膏汤
知母,大金花丸
石膏,大金花丸
甘草,大金花丸
粳米,大金花丸
人参,大金花丸
桂枝,白虎加人参汤
生姜,白虎加人参汤
大黄,白虎加人参汤
大枣,白虎加人参汤
甘草,白虎加人参汤
麻黄,桂枝加大黄汤
防己,桂枝加大黄汤
人参,桂枝加大黄汤
黄芩,桂枝加大黄汤
甘草,桂枝加大黄汤
川芎,桂枝加大黄汤
杏仁,桂枝加大黄汤
附子,桂枝加大黄汤
防风,桂枝加大黄汤
生姜,桂枝加大黄汤
黄芪,小续命汤
人参,小续命汤
桂枝,小续命汤
甘草,小续命汤
附子,小续命汤
细辛,小续命汤
羌活,小续命汤
防风,小续命汤
川芎,小续命汤
生姜,小续命汤
人参,再造散
紫苏叶,再造散
干葛,再造散
半夏,再造散
茯苓,再造散
枳壳,再造散
桔梗,再造散
木香,再造散
陈皮,再造散
甘草,再造散
升麻,参苏饮
葛根,参苏饮
牛蒡子,参苏饮
连翘,参苏饮
杏仁,参苏饮
木通,参苏饮
防风,参苏饮
荆芥,参苏饮
桔梗,参苏饮
薄荷,参苏饮
甘草,参苏饮
西河柳,宣毒发表汤
荆芥,宣毒发表汤
蝉蜕,宣毒发表汤
知母,宣毒发表汤
玄参,宣毒发表汤
甘草,宣毒发表汤
麦门冬,宣毒发表汤
石膏,宣毒发表汤
升麻,竹叶柳蒡汤
白芍,竹叶柳蒡汤
甘草,竹叶柳蒡汤
葛根,竹叶柳蒡汤
菊花,升麻葛根汤
川芎,升麻葛根汤
荆芥,升麻葛根汤
羌活,升麻葛根汤
甘草,升麻葛根汤
白芷,升麻葛根汤
细辛,升麻葛根汤
防风,升麻葛根汤
僵蚕,升麻葛根汤
蝉蜕,升麻葛根汤
薄荷,升麻葛根汤
羌活,菊花茶调散
板蓝根,菊花茶调散
辛夷,羌蓝汤
细辛,羌蓝汤
藁本,羌蓝汤
升麻,羌蓝汤
川芎,羌蓝汤
木通,羌蓝汤
防风,羌蓝汤
羌活,羌蓝汤
甘草,羌蓝汤
白芷,羌蓝汤
白芍,清上蠲痛汤
川芎,清上蠲痛汤
郁李仁,清上蠲痛汤
柴胡,清上蠲痛汤
白芥子,清上蠲痛汤
香附,清上蠲痛汤
甘草,清上蠲痛汤
白芷,清上蠲痛汤
菊花,散偏汤
白术,散偏汤
细辛,散偏汤
茯苓,散偏汤
牡蛎,散偏汤
桔梗,散偏汤
防风,散偏汤
人参,散偏汤
矾石,散偏汤
黄芩,散偏汤
当归,散偏汤
干姜,散偏汤
川芎,散偏汤
桂枝,散偏汤
白僵蚕,侯氏黑散
蝉蜕,侯氏黑散
大黄,侯氏黑散
姜黄,侯氏黑散
桂枝,升降散
生姜,升降散
甘草,升降散
大枣,升降散
牡蛎,升降散
龙骨,升降散
防风,桂枝加龙骨牡蛎汤
防风,双解散
川芎,双解散
当归,双解散
大黄,双解散
麻黄,双解散
连翘,双解散
芒硝,双解散
石膏,双解散
黄芩,双解散
桔梗,双解散
滑石,双解散
甘草,双解散
荆芥,双解散
白术,双解散
栀子,双解散
苏叶,防风通圣散
防风,防风通圣散
杏仁,防风通圣散
羌活,防风通圣散
白芷,防风通圣散
橘红,防风通圣散
生姜,防风通圣散
茯苓皮,防风通圣散
香薷,神术散
白扁豆,神术散
厚朴,神术散
桂枝,香薷散
甘草,香薷散
生姜,香薷散
大枣,香薷散
牡蛎,香薷散
龙骨,香薷散
香附子,桂枝去芍药加蜀漆牡蛎龙骨救逆汤
紫苏叶,桂枝去芍药加蜀漆牡蛎龙骨救逆汤
甘草,桂枝去芍药加蜀漆牡蛎龙骨救逆汤
陈皮,桂枝去芍药加蜀漆牡蛎龙骨救逆汤
葱白,香苏散
淡豆豉,香苏散
苍术,葱豉汤
桔梗,葱豉汤
枳壳,葱豉汤
陈皮,葱豉汤
白芷,葱豉汤
川芎,葱豉汤
当归,葱豉汤
甘草,葱豉汤
肉桂,葱豉汤
茯苓,葱豉汤
半夏,葱豉汤
厚朴,葱豉汤
干姜,葱豉汤
麻黄,葱豉汤
茅术,五积散
陈皮,五积散
柴胡,五积散
连翘,五积散
白芷,五积散
川朴,五积散
枳实,五积散
羌活,五积散
防风,五积散
藿香,五积散
甘草,五积散
建曲,五积散
川芎,五积散
桔梗,五积散
麦芽,五积散
苏叶,五积散
葛根,午时茶
麻黄,午时茶
桂枝,午时茶
生姜,午时茶
甘草,午时茶
大枣,午时茶
羌活,葛根汤
柴胡,葛根汤
独活,葛根汤
枳壳,葛根汤
茯苓,葛根汤
荆芥,葛根汤
防风,葛根汤
桔梗,葛根汤
川芎,葛根汤
甘草,葛根汤
柴胡,荆防败毒散
干葛,荆防败毒散
甘草,荆防败毒散
黄芩,荆防败毒散
羌活,荆防败毒散
白芷,荆防败毒散
桔梗,荆防败毒散
生姜,荆防败毒散
大枣,荆防败毒散
石膏,荆防败毒散
栝楼,柴葛解肌汤
桂枝,柴葛解肌汤
甘草,柴葛解肌汤
生姜,柴葛解肌汤
大枣,柴葛解肌汤
桂枝,栝楼桂枝汤
生姜,栝楼桂枝汤
甘草,栝楼桂枝汤
大枣,栝楼桂枝汤
厚朴,栝楼桂枝汤
杏仁,栝楼桂枝汤
麻黄,桂枝加厚朴杏子汤
石膏,桂枝加厚朴杏子汤
生姜,桂枝加厚朴杏子汤
甘草,桂枝加厚朴杏子汤
大枣,桂枝加厚朴杏子汤
桂枝,越婢汤
生姜,越婢汤
甘草,越婢汤
大枣,越婢汤
葛根,越婢汤
桂枝,桂枝加葛根汤
甘草,桂枝加葛根汤
生姜,桂枝加葛根汤
大枣,桂枝加葛根汤
麻黄,桂枝加芍药汤
附子,桂枝加芍药汤
细辛,桂枝加芍药汤
仙茅,麻黄附子细辛汤
仙灵脾,麻黄附子细辛汤
巴戟天,麻黄附子细辛汤
知母,麻黄附子细辛汤
黄柏,麻黄附子细辛汤
当归,麻黄附子细辛汤
菟丝子,二仙汤
金樱子,二仙汤
女贞子,二仙汤
狗脊,二仙汤
菟丝子,补肾强身片
五味子,补肾强身片
枸杞子,补肾强身片
覆盆子,补肾强身片
车前子,补肾强身片
人参,五子补肾丸
白术,五子补肾丸
茯苓,五子补肾丸
川芎,五子补肾丸
甘草,五子补肾丸
当归,五子补肾丸
熟地黄,五子补肾丸
菟丝子,五子补肾丸
杜仲,五子补肾丸
鹿角霜,五子补肾丸
川椒,五子补肾丸
熟地黄,毓麟珠
白术,毓麟珠
当归,毓麟珠
枸杞子,毓麟珠
杜仲,毓麟珠
仙茅,毓麟珠
巴戟天,毓麟珠
山茱萸,毓麟珠
肉苁蓉,毓麟珠
韭菜子,毓麟珠
蛇床子,毓麟珠
附子,毓麟珠
肉桂,毓麟珠
菟丝子,赞育丹
鹿茸,赞育丹
肉桂,赞育丹
附子,赞育丹
石斛,赞育丹
熟地,赞育丹
茯苓,赞育丹
牛膝,赞育丹
续断,赞育丹
山茱萸,赞育丹
肉苁蓉,赞育丹
防风,赞育丹
杜仲,赞育丹
补骨脂,赞育丹
荜澄茄,赞育丹
沉香,赞育丹
巴戟天,赞育丹
茴香,赞育丹
五味子,赞育丹
桑螵蛸,赞育丹
川芎,赞育丹
覆盆子,赞育丹
泽泻,赞育丹
山药,菟丝子丸
肉苁蓉,菟丝子丸
五味子,菟丝子丸
菟丝子,菟丝子丸
杜仲,菟丝子丸
牛膝,菟丝子丸
泽泻,菟丝子丸
地黄,菟丝子丸
山茱萸,菟丝子丸
茯神,菟丝子丸
巴戟天,菟丝子丸
赤石脂,菟丝子丸
附子,无比山药丸
白茯苓,无比山药丸
泽泻,无比山药丸
山茱萸,无比山药丸
山药,无比山药丸
车前子,无比山药丸
牡丹皮,无比山药丸
川牛膝,无比山药丸
熟地黄,无比山药丸
鹿角,济生肾气丸
龟甲,济生肾气丸
人参,济生肾气丸
枸杞子,济生肾气丸
熟地,龟鹿二仙胶
山药,龟鹿二仙胶
山茱萸,龟鹿二仙胶
枸杞,龟鹿二仙胶
甘草,龟鹿二仙胶
杜仲,龟鹿二仙胶
肉桂,龟鹿二仙胶
附子,龟鹿二仙胶
熟地,右归饮
山药,右归饮
山茱萸,右归饮
枸杞,右归饮
鹿角胶,右归饮
菟丝子,右归饮
杜仲,右归饮
当归,右归饮
肉桂,右归饮
附子,右归饮
人参,右归丸
黄芪,右归丸
白术,右归丸
茯苓,右归丸
当归,右归丸
川芎,右归丸
生地黄,右归丸
熟地黄,右归丸
天门冬,右归丸
麦门冬,右归丸
陈皮,右归丸
甘草,右归丸
补骨脂,右归丸
续断,右归丸
杜仲,右归丸
川牛膝,右归丸
枸杞子,右归丸
巴戟天,右归丸
胡芦巴,右归丸
山药,右归丸
芡实,右归丸
菟丝子,右归丸
五味子,右归丸
覆盆子,右归丸
楮实子,右归丸
锁阳,右归丸
肉苁蓉,右归丸
川椒,右归丸
小茴香,右归丸
青盐,右归丸
沉香,右归丸
玄参,全鹿丸
麦门冬,全鹿丸
生地黄,全鹿丸
麦冬,增液汤
藕,增液汤
