﻿酢浆草,酸,has_flavor
醉鱼草,苦,has_flavor
醉鱼草,辛,has_flavor
走马胎,辛,has_flavor
棕榈,苦,has_flavor
棕榈,涩,has_flavor
自然铜,辛,has_flavor
紫珠叶,苦,has_flavor
紫珠叶,涩,has_flavor
紫苑,辛,has_flavor
紫苑,苦,has_flavor
紫玉簪,甘,has_flavor
紫苏子,辛,has_flavor
紫苏叶,辛,has_flavor
紫苏梗,辛,has_flavor
紫石英,甘,has_flavor
紫梢花,甘,has_flavor
紫花前胡,苦,has_flavor
紫花前胡,辛,has_flavor
紫花地丁,苦,has_flavor
紫花地丁,辛,has_flavor
紫河车,甘,has_flavor
紫河车,咸,has_flavor
紫草茸,甘,has_flavor
紫草茸,咸,has_flavor
紫草,甘,has_flavor
紫草,咸,has_flavor
紫贝齿,咸,has_flavor
梓实,甘,has_flavor
苎麻根,甘,has_flavor
竹叶椒,辛,has_flavor
竹叶椒,微苦,has_flavor
竹茹,甘,has_flavor
竹沥,甘,has_flavor
竹沥,苦,has_flavor
竹节参,甘,has_flavor
竹节参,微苦,has_flavor
猪牙皂,辛,has_flavor
猪牙皂,咸,has_flavor
猪苓,甘,has_flavor
猪胆粉,苦,has_flavor
珠子参,苦,has_flavor
珠子参,甘,has_flavor
朱砂根,苦,has_flavor
朱砂根,辛,has_flavor
朱砂,甘,has_flavor
重楼,苦,has_flavor
肿节风,苦,has_flavor
肿节风,辛,has_flavor
钟乳石,甘,has_flavor
炙黄芪,甘,has_flavor
炙甘草,甘,has_flavor
枳实,苦,has_flavor
枳实,辛,has_flavor
枳实,酸,has_flavor
枳壳,苦,has_flavor
枳壳,辛,has_flavor
枳壳,酸,has_flavor
枳椇子,甘,has_flavor
蜘蛛香,微苦,has_flavor
蜘蛛香,辛,has_flavor
栀子,苦,has_flavor
知母,苦,has_flavor
知母,甘,has_flavor
珍珠母,咸,has_flavor
珍珠,甘,has_flavor
珍珠,咸,has_flavor
浙贝母,苦,has_flavor
赭石,苦,has_flavor
掌叶半夏,苦,has_flavor
掌叶半夏,辛,has_flavor
长春花,苦,has_flavor
樟脑,辛,has_flavor
樟木,辛,has_flavor
樟柳头,辛,has_flavor
泽泻,甘,has_flavor
泽泻,淡,has_flavor
泽漆,辛,has_flavor
泽漆,苦,has_flavor
泽兰,苦,has_flavor
皂角刺,辛,has_flavor
皂角,辛,has_flavor
皂角,咸,has_flavor
芸薹子,辛,has_flavor
芸薹子,甘,has_flavor
云南草蔻,辛,has_flavor
粤丝瓜络,甘,has_flavor
月季花,甘,has_flavor
远志,苦,has_flavor
远志,辛,has_flavor
芫荽子,辛,has_flavor
芫花,苦,has_flavor
芫花,辛,has_flavor
元宝草,辛,has_flavor
元宝草,苦,has_flavor
预知子,苦,has_flavor
郁李仁,辛,has_flavor
郁李仁,苦,has_flavor
郁李仁,甘,has_flavor
郁金,辛,has_flavor
郁金,苦,has_flavor
玉竹,甘,has_flavor
玉叶金花,甘,has_flavor
玉叶金花,微苦,has_flavor
玉米须,甘,has_flavor
禹州漏芦,苦,has_flavor
禹余粮,甘,has_flavor
禹余粮,涩,has_flavor
鱼腥草,辛,has_flavor
余甘子,甘,has_flavor
余甘子,酸,has_flavor
余甘子,涩,has_flavor
油松节,苦,has_flavor
油松节,辛,has_flavor
迎春花,苦,has_flavor
迎春花,微辛,has_flavor
鹰不泊,苦,has_flavor
鹰不泊,辛,has_flavor
樱桃核,辛,has_flavor
罂粟壳,酸,has_flavor
罂粟壳,涩,has_flavor
淫羊藿,辛,has_flavor
淫羊藿,甘,has_flavor
银杏叶,甘,has_flavor
银杏叶,苦,has_flavor
银杏叶,涩,has_flavor
银耳,甘,has_flavor
银柴胡,甘,has_flavor
茵陈,苦,has_flavor
茵陈,辛,has_flavor
阴香皮,辛,has_flavor
阴香皮,甘,has_flavor
阴香根,辛,has_flavor
阴香根,微甘,has_flavor
翼首草,苦,has_flavor
薏苡仁,甘,has_flavor
薏苡仁,淡,has_flavor
益智,辛,has_flavor
益母草,苦,has_flavor
益母草,辛,has_flavor
伊贝母,苦,has_flavor
伊贝母,甘,has_flavor
一枝黄花,辛,has_flavor
一枝黄花,苦,has_flavor
一支箭,苦,has_flavor
一支箭,甘,has_flavor
一点血,甘,has_flavor
一点血,苦,has_flavor
叶象花,苦,has_flavor
叶象花,涩,has_flavor
叶下珠,微苦,has_flavor
野棉花,苦,has_flavor
野马追,苦,has_flavor
野菊花,苦,has_flavor
野菊花,辛,has_flavor
洋金花,辛,has_flavor
阳起石,咸,has_flavor
羊蹄草,微苦,has_flavor
羊蹄,苦,has_flavor
羊耳菊,辛,has_flavor
羊耳菊,甘,has_flavor
羊耳菊,微苦,has_flavor
燕窝,甘,has_flavor
盐蛇干,咸,has_flavor
岩椒草,辛,has_flavor
岩椒草,苦,has_flavor
岩参,辛,has_flavor
延胡索,辛,has_flavor
延胡索,苦,has_flavor
亚麻子,甘,has_flavor
鸭跖草,甘,has_flavor
鸭跖草,淡,has_flavor
鸭脚木皮,苦,has_flavor
鸦胆子,苦,has_flavor
荨麻,苦,has_flavor
荨麻,辛,has_flavor
寻骨风,辛,has_flavor
寻骨风,苦,has_flavor
血余炭,苦,has_flavor
血竭,甘,has_flavor
血竭,咸,has_flavor
雪上一枝蒿,苦,has_flavor
雪上一枝蒿,辛,has_flavor
旋覆花,苦,has_flavor
旋覆花,辛,has_flavor
旋覆花,咸,has_flavor
玄明粉,辛,has_flavor
玄明粉,咸,has_flavor
玄参,甘,has_flavor
玄参,苦,has_flavor
玄参,咸,has_flavor
萱草根,甘,has_flavor
续断,苦,has_flavor
续断,辛,has_flavor
徐长卿,辛,has_flavor
熊胆,苦,has_flavor
雄黄,辛,has_flavor
辛夷,辛,has_flavor
薤白,辛,has_flavor
薤白,苦,has_flavor
缬草,苦,has_flavor
缬草,微甘,has_flavor
小叶莲,甘,has_flavor
小通草,甘,has_flavor
小通草,淡,has_flavor
小蓟,甘,has_flavor
小蓟,苦,has_flavor
小茴香,辛,has_flavor
小飞扬草,酸,has_flavor
小飞扬草,涩,has_flavor
小檗皮,苦,has_flavor
小驳骨,辛,has_flavor
香橼,辛,has_flavor
香橼,苦,has_flavor
香橼,酸,has_flavor
香加皮,辛,has_flavor
香加皮,苦,has_flavor
香附,辛,has_flavor
香附,微苦,has_flavor
香附,微甘,has_flavor
相思子,苦,has_flavor
仙人掌,苦,has_flavor
仙茅,辛,has_flavor
仙鹤草,苦,has_flavor
仙鹤草,涩,has_flavor
夏天无,苦,has_flavor
夏天无,微辛,has_flavor
夏枯草,辛,has_flavor
夏枯草,苦,has_flavor
霞草,甘,has_flavor
霞草,辛,has_flavor
细辛,辛,has_flavor
喜树果,苦,has_flavor
喜树果,涩,has_flavor
豨莶草,辛,has_flavor
豨莶草,苦,has_flavor
溪黄草,苦,has_flavor
菥蓂,辛,has_flavor
西洋参,甘,has_flavor
西洋参,微苦,has_flavor
西青果,苦,has_flavor
西青果,微甘,has_flavor
西青果,涩,has_flavor
西红花,甘,has_flavor
西河柳,甘,has_flavor
西河柳,辛,has_flavor
西瓜皮,甘,has_flavor
西番莲,苦,has_flavor
五指毛,甘,has_flavor
五味子,酸,has_flavor
五味子,甘,has_flavor
五灵脂,咸,has_flavor
五灵脂,甘,has_flavor
五加皮,辛,has_flavor
五加皮,苦,has_flavor
五倍子,酸,has_flavor
五倍子,涩,has_flavor
蜈蚣,辛,has_flavor
梧桐子,甘,has_flavor
吴茱萸,辛,has_flavor
吴茱萸,苦,has_flavor
无患子,苦,has_flavor
无患子,微辛,has_flavor
无花果,甘,has_flavor
无根藤,淡,has_flavor
巫山淫羊藿,辛,has_flavor
巫山淫羊藿,甘,has_flavor
乌药,辛,has_flavor
乌梢蛇,甘,has_flavor
乌梅,酸,has_flavor
乌梅,涩,has_flavor
乌蔹莓,苦,has_flavor
乌蔹莓,酸,has_flavor
乌桕子,甘,has_flavor
问荆,苦,has_flavor
委陵菜,苦,has_flavor
威灵仙,辛,has_flavor
威灵仙,咸,has_flavor
王不留行,苦,has_flavor
瓦松,酸,has_flavor
瓦松,苦,has_flavor
瓦楞子,咸,has_flavor
菟丝子,辛,has_flavor
菟丝子,甘,has_flavor
兔儿伞,辛,has_flavor
土三七,甘,has_flavor
土三七,苦,has_flavor
土人参,甘,has_flavor
土人参,淡,has_flavor
土牛膝,苦,has_flavor
土牛膝,酸,has_flavor
土木香,辛,has_flavor
土木香,苦,has_flavor
土荆皮,辛,has_flavor
土荆芥,苦,has_flavor
土荆芥,辛,has_flavor
土茯苓,甘,has_flavor
土茯苓,淡,has_flavor
土党参,甘,has_flavor
土大黄,苦,has_flavor
土大黄,辛,has_flavor
土鳖虫,咸,has_flavor
土贝母,苦,has_flavor
透骨香,辛,has_flavor
透骨草,辛,has_flavor
通草,甘,has_flavor
通草,淡,has_flavor
葶苈子,辛,has_flavor
葶苈子,苦,has_flavor
铁皮石斛,甘,has_flavor
铁包金,甘,has_flavor
铁包金,淡,has_flavor
铁包金,涩,has_flavor
甜瓜子,甘,has_flavor
甜瓜蒂,苦,has_flavor
甜地丁,甘,has_flavor
甜地丁,苦,has_flavor
天竺黄,甘,has_flavor
天仙子,苦,has_flavor
天仙子,辛,has_flavor
天仙藤,苦,has_flavor
天山雪莲,微苦,has_flavor
天南星,苦,has_flavor
天南星,辛,has_flavor
天麻,甘,has_flavor
天葵子,甘,has_flavor
天葵子,苦,has_flavor
天花粉,甘,has_flavor
天花粉,微苦,has_flavor
天胡荽,苦,has_flavor
天胡荽,辛,has_flavor
天冬,甘,has_flavor
天冬,苦,has_flavor
桃枝,苦,has_flavor
桃仁,苦,has_flavor
桃仁,甘,has_flavor
檀香,辛,has_flavor
太子参,甘,has_flavor
太子参,微苦,has_flavor
太白米,辛,has_flavor
太白米,苦,has_flavor
太白参,甘,has_flavor
太白参,微苦,has_flavor
锁阳,甘,has_flavor
娑罗子,甘,has_flavor
酸枣仁,甘,has_flavor
酸枣仁,酸,has_flavor
苏木,甘,has_flavor
苏木,咸,has_flavor
苏合香,辛,has_flavor
松香,苦,has_flavor
松香,甘,has_flavor
松花粉,甘,has_flavor
四叶参,甘,has_flavor
四块瓦,辛,has_flavor
四季青,苦,has_flavor
四季青,涩,has_flavor
丝瓜络,甘,has_flavor
水蛭,咸,has_flavor
水蛭,苦,has_flavor
水翁花,苦,has_flavor
水牛角,苦,has_flavor
水茴香,辛,has_flavor
水茴香,甘,has_flavor
水红花子,咸,has_flavor
水河剑,微苦,has_flavor
水河剑,涩,has_flavor
水飞蓟,苦,has_flavor
水朝阳,苦,has_flavor
水朝阳,咸,has_flavor
水半夏,辛,has_flavor
双参,苦,has_flavor
鼠曲草,甘,has_flavor
鼠李,甘,has_flavor
鼠李,微苦,has_flavor
熟地黄,甘,has_flavor
首乌藤,甘,has_flavor
柿蒂,苦,has_flavor
柿蒂,涩,has_flavor
使君子,甘,has_flavor
石韦,苦,has_flavor
石韦,甘,has_flavor
石蒜,辛,has_flavor
石蒜,苦,has_flavor
石上柏,甘,has_flavor
石上柏,微苦,has_flavor
石上柏,涩,has_flavor
石楠叶,辛,has_flavor
石楠叶,苦,has_flavor
石南藤,辛,has_flavor
石榴皮,酸,has_flavor
石榴皮,涩,has_flavor
石决明,咸,has_flavor
石斛,甘,has_flavor
石膏,甘,has_flavor
石膏,辛,has_flavor
石吊兰,苦,has_flavor
石菖蒲,辛,has_flavor
石菖蒲,苦,has_flavor
石蝉草,淡,has_flavor
石蝉草,微苦,has_flavor
十萼茄,涩,has_flavor
蓍草,酸,has_flavor
蓍草,苦,has_flavor
生姜皮,辛,has_flavor
生姜,辛,has_flavor
升麻,辛,has_flavor
升麻,微甘,has_flavor
肾茶,微苦,has_flavor
伸筋草,微苦,has_flavor
伸筋草,辛,has_flavor
麝香,辛,has_flavor
射干,苦,has_flavor
蛇蜕,咸,has_flavor
蛇蜕,甘,has_flavor
蛇莓,甘,has_flavor
蛇莓,苦,has_flavor
蛇床子,辛,has_flavor
蛇床子,苦,has_flavor
商陆,苦,has_flavor
山茱萸,酸,has_flavor
山茱萸,涩,has_flavor
山芝麻,苦,has_flavor
山楂叶,酸,has_flavor
山楂,酸,has_flavor
山楂,甘,has_flavor
山萸肉,酸,has_flavor
山萸肉,涩,has_flavor
山银花,甘,has_flavor
山药,甘,has_flavor
山柰,辛,has_flavor
山木通,辛,has_flavor
山木通,苦,has_flavor
山麦冬,甘,has_flavor
山麦冬,微苦,has_flavor
山菅兰,辛,has_flavor
山豆根,苦,has_flavor
山大颜,苦,has_flavor
山慈菇,甘,has_flavor
山慈菇,微辛,has_flavor
砂仁,辛,has_flavor
沙苑子,甘,has_flavor
沙棘,酸,has_flavor
沙棘,涩,has_flavor
桑枝,苦,has_flavor
桑叶,甘,has_flavor
桑叶,苦,has_flavor
桑椹,甘,has_flavor
桑椹,酸,has_flavor
桑螵蛸,甘,has_flavor
桑螵蛸,咸,has_flavor
桑寄生,苦,has_flavor
桑寄生,甘,has_flavor
桑白皮,甘,has_flavor
三丫苦,苦,has_flavor
三七,甘,has_flavor
三七,微苦,has_flavor
三棱,辛,has_flavor
三棱,苦,has_flavor
三棵针,苦,has_flavor
三分三,苦,has_flavor
三分三,辛,has_flavor
三白草,甘,has_flavor
三白草,辛,has_flavor
蕤仁,暂无,has_flavor
乳香,辛,has_flavor
乳香,苦,has_flavor
肉桂,辛,has_flavor
肉桂,甘,has_flavor
肉豆蔻,辛,has_flavor
肉苁蓉,甘,has_flavor
肉苁蓉,咸,has_flavor
榕树叶,微苦,has_flavor
榕树叶,涩,has_flavor
日草根,甘,has_flavor
忍冬藤,甘,has_flavor
人参叶,苦,has_flavor
人参叶,甘,has_flavor
人参,甘,has_flavor
人参,微苦,has_flavor
拳参,苦,has_flavor
拳参,涩,has_flavor
全蝎,辛,has_flavor
瞿麦,苦,has_flavor
苘麻子,苦,has_flavor
青叶胆,苦,has_flavor
青叶胆,甘,has_flavor
青羊参,甘,has_flavor
青羊参,辛,has_flavor
青葙子,苦,has_flavor
青天葵,甘,has_flavor
青皮,苦,has_flavor
青皮,辛,has_flavor
青牛胆,苦,has_flavor
青木香,辛,has_flavor
青木香,苦,has_flavor
青礞石,暂无,has_flavor
青蒿,苦,has_flavor
青蒿,辛,has_flavor
青果,甘,has_flavor
青果,酸,has_flavor
青风藤,苦,has_flavor
青风藤,辛,has_flavor
青黛,咸,has_flavor
秦皮,苦,has_flavor
秦皮,涩,has_flavor
秦艽,苦,has_flavor
秦艽,辛,has_flavor
羌活,辛,has_flavor
羌活,苦,has_flavor
茜草,苦,has_flavor
芡实,甘,has_flavor
芡实,涩,has_flavor
前胡,苦,has_flavor
前胡,辛,has_flavor
牵牛子,苦,has_flavor
千日红,甘,has_flavor
千年健,苦,has_flavor
千年健,辛,has_flavor
千里光,苦,has_flavor
千金子,辛,has_flavor
千斤拔,甘,has_flavor
千斤拔,微涩,has_flavor
荠苨,甘,has_flavor
荠菜,甘,has_flavor
荠菜,淡,has_flavor
七叶一枝花,苦,has_flavor
七叶莲,辛,has_flavor
七叶莲,微苦,has_flavor
蒲黄,甘,has_flavor
蒲公英,苦,has_flavor
蒲公英,甘,has_flavor
平贝母,苦,has_flavor
平贝母,甘,has_flavor
片姜黄,辛,has_flavor
片姜黄,苦,has_flavor
辟汗草,辛,has_flavor
辟汗草,苦,has_flavor
啤酒花,苦,has_flavor
枇杷叶,苦,has_flavor
硼砂,甘,has_flavor
硼砂,咸,has_flavor
佩兰,辛,has_flavor
胖大海,甘,has_flavor
盘龙七,涩,has_flavor
盘龙七,微苦,has_flavor
盘龙参,甘,has_flavor
盘龙参,苦,has_flavor
爬山虎,辛,has_flavor
爬山虎,微涩,has_flavor
藕节,甘,has_flavor
藕节,涩,has_flavor
女贞子,甘,has_flavor
女贞子,苦,has_flavor
糯稻根,甘,has_flavor
扭肚藤,微苦,has_flavor
牛至,辛,has_flavor
牛至,微苦,has_flavor
牛膝,苦,has_flavor
牛膝,酸,has_flavor
牛黄,甘,has_flavor
牛耳枫,辛,has_flavor
牛耳枫,甘,has_flavor
牛大力,甘,has_flavor
牛蒡子,辛,has_flavor
牛蒡子,苦,has_flavor
闹羊花,辛,has_flavor
硇砂,咸,has_flavor
硇砂,苦,has_flavor
硇砂,辛,has_flavor
南五味子,酸,has_flavor
南五味子,甘,has_flavor
南天竹叶,苦,has_flavor
南山楂,酸,has_flavor
南山楂,甘,has_flavor
南沙参,甘,has_flavor
南鹤虱,辛,has_flavor
南鹤虱,微苦,has_flavor
南瓜子,甘,has_flavor
南板蓝根,苦,has_flavor
木贼,甘,has_flavor
木贼,苦,has_flavor
木香,辛,has_flavor
木香,苦,has_flavor
木通,苦,has_flavor
木棉花,甘,has_flavor
木棉花,淡,has_flavor
木槿皮,甘,has_flavor
木槿皮,苦,has_flavor
木槿花,甘,has_flavor
木槿花,苦,has_flavor
木蝴蝶,苦,has_flavor
木蝴蝶,甘,has_flavor
木瓜,酸,has_flavor
木芙蓉叶,微辛,has_flavor
木芙蓉叶,苦,has_flavor
木防己,苦,has_flavor
木防己,辛,has_flavor
木耳,甘,has_flavor
木鳖子,苦,has_flavor
木鳖子,微甘,has_flavor
牡蛎,咸,has_flavor
牡荆叶,微苦,has_flavor
牡荆叶,辛,has_flavor
牡蒿,苦,has_flavor
牡蒿,微甘,has_flavor
牡丹皮,苦,has_flavor
牡丹皮,辛,has_flavor
母丁香,辛,has_flavor
墨旱莲,甘,has_flavor
墨旱莲,酸,has_flavor
茉莉花,辛,has_flavor
茉莉花,微甘,has_flavor
明党参,甘,has_flavor
明党参,微苦,has_flavor
绵马贯众,苦,has_flavor
绵萆薢,苦,has_flavor
密蒙花,甘,has_flavor
猕猴桃,酸,has_flavor
猕猴桃,甘,has_flavor
虻虫,苦,has_flavor
梅花,微酸,has_flavor
玫瑰花,甘,has_flavor
玫瑰花,微苦,has_flavor
没药,辛,has_flavor
没药,苦,has_flavor
毛诃子,甘,has_flavor
毛诃子,涩,has_flavor
毛草龙,微苦,has_flavor
猫爪草,甘,has_flavor
猫爪草,辛,has_flavor
芒硝,咸,has_flavor
芒硝,苦,has_flavor
蔓荆子,辛,has_flavor
蔓荆子,苦,has_flavor
满山红,辛,has_flavor
满山红,苦,has_flavor
麦芽,甘,has_flavor
麦冬,甘,has_flavor
麦冬,微苦,has_flavor
马尾连,苦,has_flavor
马蹄金,辛,has_flavor
马蹄金,苦,has_flavor
马桑根,苦,has_flavor
马桑根,酸,has_flavor
马钱子,苦,has_flavor
马蔺子,甘,has_flavor
马兰,辛,has_flavor
马兜铃,苦,has_flavor
马齿苋,酸,has_flavor
马勃,辛,has_flavor
马鞭草,苦,has_flavor
马宝,甘,has_flavor
马宝,咸,has_flavor
麻油,甘,has_flavor
麻黄根,甘,has_flavor
麻黄根,涩,has_flavor
麻黄,辛,has_flavor
麻黄,微苦,has_flavor
葎草,甘,has_flavor
葎草,苦,has_flavor
绿豆,甘,has_flavor
落地生根,微酸,has_flavor
落地生根,涩,has_flavor
络石藤,苦,has_flavor
萝芙木,苦,has_flavor
罗勒,辛,has_flavor
罗汉果,甘,has_flavor
罗布麻叶,甘,has_flavor
罗布麻叶,苦,has_flavor
路路通,苦,has_flavor
鹿药,甘,has_flavor
鹿药,苦,has_flavor
鹿衔草,甘,has_flavor
鹿衔草,苦,has_flavor
鹿茸,甘,has_flavor
鹿茸,咸,has_flavor
陆英,甘,has_flavor
陆英,微苦,has_flavor
炉甘石,甘,has_flavor
芦荟,苦,has_flavor
芦根,甘,has_flavor
漏芦,苦,has_flavor
龙眼肉,甘,has_flavor
龙涎香,甘,has_flavor
龙涎香,酸,has_flavor
龙涎香,涩,has_flavor
龙脷叶,甘,has_flavor
龙脷叶,淡,has_flavor
龙葵,苦,has_flavor
龙骨,涩,has_flavor
龙骨,甘,has_flavor
龙胆,苦,has_flavor
龙齿,甘,has_flavor
龙齿,涩,has_flavor
六月寒,辛,has_flavor
六月寒,微苦,has_flavor
六神曲,甘,has_flavor
六神曲,辛,has_flavor
六棱菊,辛,has_flavor
六棱菊,苦,has_flavor
柳枝,苦,has_flavor
硫黄,酸,has_flavor
刘寄奴,辛,has_flavor
刘寄奴,微苦,has_flavor
羚羊角,咸,has_flavor
凌霄花,甘,has_flavor
凌霄花,酸,has_flavor
灵芝,甘,has_flavor
灵香草,辛,has_flavor
灵香草,甘,has_flavor
蓼大青叶,苦,has_flavor
两头尖,辛,has_flavor
两面针,苦,has_flavor
两面针,辛,has_flavor
凉粉草,甘,has_flavor
凉粉草,淡,has_flavor
莨菪叶,苦,has_flavor
莲子心,苦,has_flavor
莲子,甘,has_flavor
莲子,涩,has_flavor
莲房,苦,has_flavor
莲房,涩,has_flavor
连翘,苦,has_flavor
连钱草,辛,has_flavor
连钱草,微苦,has_flavor
荔枝核,甘,has_flavor
荔枝核,微苦,has_flavor
藜芦,辛,has_flavor
藜芦,苦,has_flavor
藜,甘,has_flavor
雷丸,微苦,has_flavor
雷公藤,苦,has_flavor
雷公藤,辛,has_flavor
了哥王,苦,has_flavor
了哥王,辛,has_flavor
老鹳草,苦,has_flavor
老鹳草,辛,has_flavor
榔榆皮,苦,has_flavor
狼毒,辛,has_flavor
蓝布正,甘,has_flavor
蓝布正,微苦,has_flavor
莱菔子,辛,has_flavor
莱菔子,甘,has_flavor
辣蓼,辛,has_flavor
辣椒,辛,has_flavor
昆布,咸,has_flavor
款冬花,辛,has_flavor
款冬花,微苦,has_flavor
宽筋藤,微苦,has_flavor
苦玄参,苦,has_flavor
苦杏仁,苦,has_flavor
苦石莲,苦,has_flavor
苦木,苦,has_flavor
苦荬菜,苦,has_flavor
苦楝皮,甘,has_flavor
苦瓜,苦,has_flavor
苦丁茶,苦,has_flavor
苦丁茶,甘,has_flavor
苦地丁,苦,has_flavor
苦地胆,苦,has_flavor
苦地胆,微辛,has_flavor
苦参,苦,has_flavor
榼藤子,微甘,has_flavor
榼藤子,涩,has_flavor
决明子,苦,has_flavor
决明子,甘,has_flavor
卷柏,辛,has_flavor
橘核,苦,has_flavor
菊苣,微苦,has_flavor
菊苣,咸,has_flavor
菊花,甘,has_flavor
菊花,苦,has_flavor
桔梗,苦,has_flavor
桔梗,辛,has_flavor
救必应,苦,has_flavor
韭菜子,辛,has_flavor
韭菜子,甘,has_flavor
九香虫,辛,has_flavor
九香虫,咸,has_flavor
九龙藤,甘,has_flavor
九龙藤,微苦,has_flavor
九里香,辛,has_flavor
九里香,微苦,has_flavor
九层塔,辛,has_flavor
景天三七,甘,has_flavor
景天三七,微酸,has_flavor
荆芥,辛,has_flavor
锦灯笼,苦,has_flavor
筋骨草,苦,has_flavor
金樱子,酸,has_flavor
金樱子,甘,has_flavor
金樱子,涩,has_flavor
金银花,甘,has_flavor
金铁锁,苦,has_flavor
金铁锁,辛,has_flavor
金丝草,甘,has_flavor
金荞麦,涩,has_flavor
金荞麦,微辛,has_flavor
金钱草,甘,has_flavor
金钱草,咸,has_flavor
金钱白花蛇,甘,has_flavor
金钱白花蛇,咸,has_flavor
金礞石,甘,has_flavor
金礞石,咸,has_flavor
金莲花,苦,has_flavor
金果榄,苦,has_flavor
金沸草,苦,has_flavor
金沸草,辛,has_flavor
金沸草,咸,has_flavor
芥子,辛,has_flavor
绞股蓝,苦,has_flavor
椒目,苦,has_flavor
椒目,辛,has_flavor
降香,辛,has_flavor
僵蚕,咸,has_flavor
僵蚕,辛,has_flavor
姜黄,苦,has_flavor
姜黄,辛,has_flavor
剑花,甘,has_flavor
假芫茜,辛,has_flavor
假芫茜,微苦,has_flavor
檵木叶,苦,has_flavor
檵木叶,涩,has_flavor
寄生黄,苦,has_flavor
寄生黄,涩,has_flavor
蒺藜,辛,has_flavor
蒺藜,苦,has_flavor
急性子,微苦,has_flavor
急性子,辛,has_flavor
吉祥草,甘,has_flavor
积雪草,苦,has_flavor
积雪草,辛,has_flavor
鸡爪大黄,苦,has_flavor
鸡眼草,苦,has_flavor
鸡血藤,苦,has_flavor
鸡血藤,甘,has_flavor
鸡矢藤,甘,has_flavor
鸡矢藤,苦,has_flavor
鸡内金,甘,has_flavor
鸡冠花,甘,has_flavor
鸡冠花,涩,has_flavor
鸡骨香,辛,has_flavor
鸡骨香,苦,has_flavor
鸡骨草,甘,has_flavor
鸡骨草,微苦,has_flavor
鸡蛋花,甘,has_flavor
鸡蛋花,微苦,has_flavor
藿香,辛,has_flavor
火炭母,微酸,has_flavor
火炭母,涩,has_flavor
火麻仁,甘,has_flavor
回回蒜,辛,has_flavor
回回蒜,淡,has_flavor
黄药子,苦,has_flavor
黄藤,苦,has_flavor
黄蜀葵,甘,has_flavor
黄芩,苦,has_flavor
黄芪,甘,has_flavor
黄皮核,辛,has_flavor
黄皮核,苦,has_flavor
黄连,苦,has_flavor
黄精,甘,has_flavor
黄荆子,辛,has_flavor
黄荆子,苦,has_flavor
黄花倒水莲,甘,has_flavor
黄花倒水莲,微苦,has_flavor
黄柏,苦,has_flavor
槐枝,苦,has_flavor
槐角,苦,has_flavor
槐花,苦,has_flavor
化橘红,辛,has_flavor
化橘红,苦,has_flavor
滑石,甘,has_flavor
滑石,淡,has_flavor
华山参,甘,has_flavor
华山参,微苦,has_flavor
花蕊石,酸,has_flavor
花蕊石,涩,has_flavor
花椒,辛,has_flavor
琥珀,甘,has_flavor
虎杖,微苦,has_flavor
虎耳草,微苦,has_flavor
槲寄生,苦,has_flavor
湖北贝母,微苦,has_flavor
葫芦茶,苦,has_flavor
葫芦茶,涩,has_flavor
葫芦,甘,has_flavor
葫芦,淡,has_flavor
胡颓子叶,酸,has_flavor
胡荽,辛,has_flavor
胡芦巴,苦,has_flavor
胡椒,辛,has_flavor
胡黄连,苦,has_flavor
厚朴花,苦,has_flavor
厚朴,苦,has_flavor
厚朴,辛,has_flavor
猴耳环,微苦,has_flavor
猴耳环,涩,has_flavor
红鱼眼,微涩,has_flavor
红药子,微苦,has_flavor
红药子,涩,has_flavor
红天葵,甘,has_flavor
红天葵,淡,has_flavor
红丝线,辛,has_flavor
红丝线,苦,has_flavor
红曲,甘,has_flavor
红芪,甘,has_flavor
红景天,甘,has_flavor
红景天,苦,has_flavor
红花,辛,has_flavor
红粉,辛,has_flavor
红豆蔻,辛,has_flavor
红大戟,苦,has_flavor
红参,甘,has_flavor
红参,微苦,has_flavor
黑种草子,甘,has_flavor
黑种草子,辛,has_flavor
黑芝麻,甘,has_flavor
黑豆,甘,has_flavor
鹤虱,辛,has_flavor
鹤虱,苦,has_flavor
鹤草芽,苦,has_flavor
鹤草芽,涩,has_flavor
核桃仁,甘,has_flavor
荷叶,苦,has_flavor
何首乌,苦,has_flavor
何首乌,甘,has_flavor
何首乌,涩,has_flavor
合欢皮,甘,has_flavor
合欢花,甘,has_flavor
诃子,苦,has_flavor
诃子,酸,has_flavor
诃子,涩,has_flavor
汉桃叶,微苦,has_flavor
汉桃叶,涩,has_flavor
蔊菜,辛,has_flavor
蔊菜,苦,has_flavor
海藻,苦,has_flavor
海藻,咸,has_flavor
海芋,辛,has_flavor
海桐皮,苦,has_flavor
海桐皮,辛,has_flavor
海螵蛸,咸,has_flavor
海螵蛸,涩,has_flavor
海马,甘,has_flavor
海马,咸,has_flavor
海龙,甘,has_flavor
海龙,咸,has_flavor
海金沙,甘,has_flavor
海蛤壳,咸,has_flavor
海浮石,咸,has_flavor
海风藤,辛,has_flavor
海参,甘,has_flavor
海参,咸,has_flavor
蛤蚧,咸,has_flavor
桂枝,辛,has_flavor
桂枝,甘,has_flavor
桂皮,辛,has_flavor
桂皮,甘,has_flavor
桂花,辛,has_flavor
鬼针草,苦,has_flavor
鬼箭羽,苦,has_flavor
龟甲,咸,has_flavor
龟甲,甘,has_flavor
广枣,甘,has_flavor
广枣,酸,has_flavor
广升麻,辛,has_flavor
广升麻,微甘,has_flavor
广山药,甘,has_flavor
广昆布,咸,has_flavor
广金钱草,甘,has_flavor
广金钱草,淡,has_flavor
广藿香,辛,has_flavor
广东紫荆皮,甘,has_flavor
广东紫荆皮,涩,has_flavor
广东王不留行,甘,has_flavor
广东王不留行,微涩,has_flavor
广东土牛膝,苦,has_flavor
广东土牛膝,甘,has_flavor
广东络石藤,苦,has_flavor
广东刘寄奴,苦,has_flavor
广东狼毒,辛,has_flavor
广东合欢花,甘,has_flavor
广东海桐皮,辛,has_flavor
广东海桐皮,微苦,has_flavor
广东海风藤,苦,has_flavor
广东海风藤,辛,has_flavor
贯众,苦,has_flavor
贯叶金丝桃,辛,has_flavor
关黄柏,苦,has_flavor
瓜子金,辛,has_flavor
瓜子金,苦,has_flavor
瓜蒌,甘,has_flavor
瓜蒌,微苦,has_flavor
骨碎补,苦,has_flavor
谷芽,甘,has_flavor
谷精草,辛,has_flavor
谷精草,甘,has_flavor
枸杞子,甘,has_flavor
枸骨叶,苦,has_flavor
狗肾,咸,has_flavor
狗脊,苦,has_flavor
狗脊,甘,has_flavor
狗肝菜,甘,has_flavor
狗肝菜,微苦,has_flavor
钩藤,甘,has_flavor
功劳木,苦,has_flavor
葛根,甘,has_flavor
葛根,辛,has_flavor
藁本,辛,has_flavor
高良姜,辛,has_flavor
杠板归,酸,has_flavor
岗稔根,甘,has_flavor
岗稔根,微涩,has_flavor
岗梅根,苦,has_flavor
岗梅根,甘,has_flavor
干漆,辛,has_flavor
干姜,辛,has_flavor
甘遂,苦,has_flavor
甘肃丹参,苦,has_flavor
甘松,辛,has_flavor
甘松,甘,has_flavor
甘草,甘,has_flavor
覆盆子,甘,has_flavor
覆盆子,酸,has_flavor
附子,辛,has_flavor
附子,甘,has_flavor
浮小麦,甘,has_flavor
浮萍,辛,has_flavor
茯神,甘,has_flavor
茯神,淡,has_flavor
茯苓,甘,has_flavor
茯苓,淡,has_flavor
扶桑花,甘,has_flavor
扶芳藤,微苦,has_flavor
伏龙肝,辛,has_flavor
佛手,辛,has_flavor
佛手,苦,has_flavor
佛手,酸,has_flavor
佛甲草,甘,has_flavor
凤眼果,甘,has_flavor
凤尾草,微苦,has_flavor
凤凰衣,甘,has_flavor
凤凰衣,淡,has_flavor
蜂房,甘,has_flavor
枫香脂,辛,has_flavor
枫香脂,微苦,has_flavor
粉葛,甘,has_flavor
粉葛,辛,has_flavor
粉萆薢,苦,has_flavor
榧子,甘,has_flavor
飞天蠄蟧,苦,has_flavor
飞天蠄蟧,涩,has_flavor
飞龙掌血,辛,has_flavor
飞龙掌血,苦,has_flavor
防己,苦,has_flavor
防风草,辛,has_flavor
防风草,苦,has_flavor
防风,甘,has_flavor
防风,辛,has_flavor
方解石,苦,has_flavor
方解石,辛,has_flavor
翻白草,甘,has_flavor
翻白草,微苦,has_flavor
番泻叶,甘,has_flavor
番泻叶,苦,has_flavor
番石榴叶,甘,has_flavor
番石榴叶,涩,has_flavor
儿茶,苦,has_flavor
儿茶,涩,has_flavor
鹅不食草,辛,has_flavor
峨参,甘,has_flavor
峨参,辛,has_flavor
莪术,辛,has_flavor
莪术,苦,has_flavor
断血流,苦,has_flavor
断血流,涩,has_flavor
杜仲叶,微辛,has_flavor
杜仲,甘,has_flavor
独一味,甘,has_flavor
独一味,苦,has_flavor
独脚金,甘,has_flavor
独脚金,淡,has_flavor
独活,辛,has_flavor
独活,苦,has_flavor
豆蔻,辛,has_flavor
豆豉姜,辛,has_flavor
豆豉姜,苦,has_flavor
冬凌草,苦,has_flavor
冬凌草,甘,has_flavor
冬葵子,甘,has_flavor
冬葵果,甘,has_flavor
冬葵果,涩,has_flavor
冬瓜皮,甘,has_flavor
冬虫夏草,甘,has_flavor
东风橘,辛,has_flavor
东风橘,苦,has_flavor
丁香罗勒油,暂无,has_flavor
丁香,辛,has_flavor
丁公藤,辛,has_flavor
颠茄草,微苦,has_flavor
颠茄草,辛,has_flavor
地榆,苦,has_flavor
地榆,酸,has_flavor
地榆,涩,has_flavor
地桃花,甘,has_flavor
地桃花,淡,has_flavor
地稔根,微酸,has_flavor
地稔根,涩,has_flavor
地龙,咸,has_flavor
地锦草,苦,has_flavor
地锦草,辛,has_flavor
鲜地黄,甘,has_flavor
鲜地黄,苦,has_flavor
生地黄,甘,has_flavor
地骨皮,甘,has_flavor
地肤子,甘,has_flavor
地肤子,苦,has_flavor
地枫皮,涩,has_flavor
地枫皮,微辛,has_flavor
地耳草,甘,has_flavor
地耳草,微苦,has_flavor
地不容,苦,has_flavor
灯盏细辛,辛,has_flavor
灯盏细辛,微苦,has_flavor
灯心草,甘,has_flavor
灯心草,淡,has_flavor
稻芽,甘,has_flavor
倒扣草,甘,has_flavor
倒扣草,淡,has_flavor
刀豆,甘,has_flavor
党参,甘,has_flavor
当药,苦,has_flavor
当归,甘,has_flavor
当归,辛,has_flavor
淡竹叶,甘,has_flavor
淡竹叶,淡,has_flavor
淡豆豉,苦,has_flavor
淡豆豉,辛,has_flavor
胆南星,苦,has_flavor
胆南星,微辛,has_flavor
胆矾,酸,has_flavor
胆矾,辛,has_flavor
单叶蔓荆子,辛,has_flavor
单叶蔓荆子,苦,has_flavor
丹参,苦,has_flavor
玳瑁,甘,has_flavor
玳瑁,咸,has_flavor
大枣,甘,has_flavor
大叶紫珠,辛,has_flavor
大叶紫珠,苦,has_flavor
大叶桉叶,苦,has_flavor
大叶桉叶,辛,has_flavor
大血藤,苦,has_flavor
大蒜,辛,has_flavor
大青叶,苦,has_flavor
大青盐,咸,has_flavor
大蓟,甘,has_flavor
大蓟,苦,has_flavor
大戟,苦,has_flavor
大黄,苦,has_flavor
大腹皮,辛,has_flavor
大风子,辛,has_flavor
大风艾,辛,has_flavor
大风艾,苦,has_flavor
大飞扬草,辛,has_flavor
大飞扬草,酸,has_flavor
大豆黄卷,甘,has_flavor
大驳骨,辛,has_flavor
大驳骨,苦,has_flavor
翠云草,甘,has_flavor
翠云草,淡,has_flavor
楤木,甘,has_flavor
楤木,微苦,has_flavor
葱子,辛,has_flavor
葱白,辛,has_flavor
刺苋菜,甘,has_flavor
刺苋菜,淡,has_flavor
刺五加,暂无,has_flavor
刺猬皮,苦,has_flavor
磁石,咸,has_flavor
椿皮,苦,has_flavor
椿皮,涩,has_flavor
春不见,甘,has_flavor
春不见,苦,has_flavor
垂盆草,甘,has_flavor
垂盆草,淡,has_flavor
穿心莲,苦,has_flavor
穿山龙,甘,has_flavor
穿山龙,苦,has_flavor
穿山甲,咸,has_flavor
穿破石,淡,has_flavor
穿破石,微苦,has_flavor
川续断,苦,has_flavor
川续断,辛,has_flavor
川芎,辛,has_flavor
川乌,辛,has_flavor
川乌,苦,has_flavor
川射干,苦,has_flavor
川牛膝,甘,has_flavor
川牛膝,微苦,has_flavor
川木香,辛,has_flavor
川木香,苦,has_flavor
川木通,苦,has_flavor
川楝子,苦,has_flavor
川贝母,苦,has_flavor
川贝母,甘,has_flavor
楮实子,甘,has_flavor
臭梧桐,苦,has_flavor
臭梧桐,甘,has_flavor
臭牡丹,苦,has_flavor
臭牡丹,辛,has_flavor
臭灵丹草,辛,has_flavor
臭灵丹草,苦,has_flavor
虫牙药,苦,has_flavor
虫牙药,微辛,has_flavor
虫白蜡,甘,has_flavor
虫白蜡,淡,has_flavor
茺蔚子,辛,has_flavor
茺蔚子,甘,has_flavor
赤小豆,甘,has_flavor
赤小豆,酸,has_flavor
赤石脂,甘,has_flavor
赤石脂,酸,has_flavor
赤石脂,涩,has_flavor
赤芍,苦,has_flavor
陈皮,辛,has_flavor
陈皮,苦,has_flavor
沉香,辛,has_flavor
沉香,苦,has_flavor
车前草,甘,has_flavor
常山,苦,has_flavor
常山,辛,has_flavor
蟾酥,辛,has_flavor
蝉蜕,甘,has_flavor
蝉花,甘,has_flavor
柴胡,苦,has_flavor
侧柏叶,苦,has_flavor
侧柏叶,涩,has_flavor
草乌叶,辛,has_flavor
草乌叶,涩,has_flavor
草乌,辛,has_flavor
草乌,苦,has_flavor
草果,辛,has_flavor
草豆蔻,辛,has_flavor
藏菖蒲,苦,has_flavor
藏菖蒲,辛,has_flavor
苍术,辛,has_flavor
苍术,苦,has_flavor
苍耳子,辛,has_flavor
苍耳子,苦,has_flavor
蚕沙,甘,has_flavor
蚕沙,辛,has_flavor
布渣叶,甘,has_flavor
布渣叶,淡,has_flavor
补骨脂,辛,has_flavor
补骨脂,苦,has_flavor
卜芥,微苦,has_flavor
博落回,辛,has_flavor
博落回,苦,has_flavor
冰片,辛,has_flavor
冰片,苦,has_flavor
槟榔,苦,has_flavor
槟榔,辛,has_flavor
鳖甲,咸,has_flavor
扁蓄,苦,has_flavor
蓖麻子,甘,has_flavor
蓖麻子,辛,has_flavor
荜澄茄,辛,has_flavor
荜茇,辛,has_flavor
北沙参,甘,has_flavor
北沙参,微苦,has_flavor
北刘寄奴,苦,has_flavor
北豆根,苦,has_flavor
暴马丁香,苦,has_flavor
薄荷,辛,has_flavor
半枝莲,辛,has_flavor
半枝莲,苦,has_flavor
半夏,辛,has_flavor
半枫荷,甘,has_flavor
半边莲,辛,has_flavor
板蓝根,苦,has_flavor
斑蝥,辛,has_flavor
败酱草,辛,has_flavor
败酱草,苦,has_flavor
柏子仁,甘,has_flavor
百合,甘,has_flavor
百部,甘,has_flavor
百部,苦,has_flavor
白芷,辛,has_flavor
白英,甘,has_flavor
白英,苦,has_flavor
白药子,苦,has_flavor
白药子,辛,has_flavor
白鲜皮,苦,has_flavor
白薇,苦,has_flavor
白薇,咸,has_flavor
白头翁,苦,has_flavor
白苏子,辛,has_flavor
白术,甘,has_flavor
白术,苦,has_flavor
白首乌,甘,has_flavor
白首乌,微苦,has_flavor
白石英,甘,has_flavor
白石英,辛,has_flavor
白石花,甘,has_flavor
白芍,苦,has_flavor
白芍,酸,has_flavor
白屈菜,辛,has_flavor
白屈菜,苦,has_flavor
白前,辛,has_flavor
白前,苦,has_flavor
白茅根,甘,has_flavor
白马骨,苦,has_flavor
白马骨,微辛,has_flavor
白蔹,苦,has_flavor
白兰花,苦,has_flavor
白兰花,辛,has_flavor
白芥子,辛,has_flavor
白及,苦,has_flavor
白及,甘,has_flavor
白及,涩,has_flavor
白花银背藤,微涩,has_flavor
白花蛇舌草,微苦,has_flavor
白花蛇舌草,微甘,has_flavor
白花丹,辛,has_flavor
白花丹,苦,has_flavor
白花丹,涩,has_flavor
白鹤灵芝,甘,has_flavor
白鹤灵芝,淡,has_flavor
白果,甘,has_flavor
白果,苦,has_flavor
白果,涩,has_flavor
白附子,辛,has_flavor
白矾,涩,has_flavor
白矾,酸,has_flavor
白扁豆,甘,has_flavor
白背叶根,微涩,has_flavor
白背叶根,微苦,has_flavor
菝葜,甘,has_flavor
菝葜,酸,has_flavor
巴戟天,甘,has_flavor
巴戟天,辛,has_flavor
巴豆,辛,has_flavor
八楞木,苦,has_flavor
八楞木,辛,has_flavor
八角莲,苦,has_flavor
八角莲,辛,has_flavor
八角茴香,辛,has_flavor
八角枫,辛,has_flavor
八角枫,苦,has_flavor
桉叶油,辛,has_flavor
桉叶油,苦,has_flavor
安息香,辛,has_flavor
安息香,苦,has_flavor
艾叶,苦,has_flavor
艾叶,辛,has_flavor
矮地茶,苦,has_flavor
矮地茶,辛,has_flavor
阿魏,苦,has_flavor
阿魏,辛,has_flavor
阿胶,甘,has_flavor
