﻿酢浆草,寒,has_property
醉鱼草,温,has_property
走马胎,温,has_property
棕榈,平,has_property
自然铜,平,has_property
紫珠叶,凉,has_property
紫苑,温,has_property
紫玉簪,平,has_property
紫苏子,温,has_property
紫苏叶,温,has_property
紫苏梗,温,has_property
紫石英,温,has_property
紫梢花,温,has_property
紫花前胡,寒,has_property
紫花地丁,寒,has_property
紫河车,温,has_property
紫草茸,平,has_property
紫草,寒,has_property
紫贝齿,平,has_property
梓实,平,has_property
苎麻根,寒,has_property
竹叶椒,温,has_property
竹茹,微寒,has_property
竹沥,寒,has_property
竹节参,温,has_property
猪牙皂,温,has_property
猪苓,平,has_property
猪胆粉,寒,has_property
珠子参,寒,has_property
朱砂根,凉,has_property
朱砂,微寒,has_property
重楼,微寒,has_property
肿节风,平,has_property
钟乳石,温,has_property
炙黄芪,温,has_property
炙甘草,温,has_property
枳实,微寒,has_property
枳壳,温,has_property
枳椇子,平,has_property
蜘蛛香,温,has_property
栀子,寒,has_property
知母,寒,has_property
珍珠母,寒,has_property
珍珠,寒,has_property
浙贝母,寒,has_property
赭石,寒,has_property
掌叶半夏,温,has_property
长春花,寒,has_property
樟脑,热,has_property
樟木,温,has_property
樟柳头,寒,has_property
泽泻,寒,has_property
泽漆,微寒,has_property
泽兰,微温,has_property
皂角刺,温,has_property
皂角,温,has_property
芸薹子,平,has_property
云南草蔻,温,has_property
粤丝瓜络,平,has_property
月季花,温,has_property
远志,温,has_property
芫荽子,平,has_property
芫花,温,has_property
元宝草,寒,has_property
预知子,寒,has_property
郁李仁,平,has_property
郁金,寒,has_property
玉竹,微寒,has_property
玉叶金花,凉,has_property
玉米须,平,has_property
禹州漏芦,寒,has_property
禹余粮,微寒,has_property
鱼腥草,微寒,has_property
余甘子,凉,has_property
油松节,温,has_property
迎春花,平,has_property
鹰不泊,微温,has_property
樱桃核,温,has_property
罂粟壳,平,has_property
淫羊藿,温,has_property
银杏叶,平,has_property
银耳,平,has_property
银柴胡,微寒,has_property
茵陈,微寒,has_property
阴香皮,温,has_property
阴香根,温,has_property
翼首草,寒,has_property
薏苡仁,凉,has_property
益智,温,has_property
益母草,微寒,has_property
伊贝母,微寒,has_property
一枝黄花,凉,has_property
一支箭,微寒,has_property
一点血,微寒,has_property
叶象花,寒,has_property
叶下珠,寒,has_property
野棉花,寒,has_property
野马追,平,has_property
野菊花,微寒,has_property
洋金花,温,has_property
阳起石,温,has_property
羊蹄草,凉,has_property
羊蹄,寒,has_property
羊耳菊,温,has_property
燕窝,平,has_property
盐蛇干,寒,has_property
岩椒草,凉,has_property
岩参,平,has_property
延胡索,温,has_property
亚麻子,平,has_property
鸭跖草,寒,has_property
鸭脚木皮,凉,has_property
鸦胆子,寒,has_property
荨麻,温,has_property
寻骨风,平,has_property
血余炭,平,has_property
血竭,平,has_property
雪上一枝蒿,温,has_property
旋覆花,微温,has_property
玄明粉,寒,has_property
玄参,微寒,has_property
萱草根,凉,has_property
续断,微温,has_property
徐长卿,温,has_property
熊胆,寒,has_property
雄黄,温,has_property
辛夷,温,has_property
薤白,温,has_property
缬草,平,has_property
小叶莲,平,has_property
小通草,寒,has_property
小蓟,凉,has_property
小茴香,温,has_property
小飞扬草,凉,has_property
小檗皮,寒,has_property
小驳骨,温,has_property
香橼,温,has_property
香加皮,温,has_property
香附,平,has_property
相思子,平,has_property
仙人掌,寒,has_property
仙茅,热,has_property
仙鹤草,平,has_property
夏天无,温,has_property
夏枯草,寒,has_property
霞草,微寒,has_property
细辛,温,has_property
喜树果,寒,has_property
豨莶草,寒,has_property
溪黄草,寒,has_property
菥蓂,微寒,has_property
西洋参,凉,has_property
西青果,平,has_property
西红花,平,has_property
西河柳,平,has_property
西瓜皮,凉,has_property
西番莲,温,has_property
五指毛,微温,has_property
五味子,温,has_property
五灵脂,温,has_property
五加皮,温,has_property
五倍子,寒,has_property
蜈蚣,温,has_property
梧桐子,平,has_property
吴茱萸,热,has_property
无患子,凉,has_property
无花果,平,has_property
无根藤,凉,has_property
巫山淫羊藿,温,has_property
乌药,温,has_property
乌梢蛇,平,has_property
乌梅,平,has_property
乌蔹莓,寒,has_property
乌桕子,凉,has_property
问荆,平,has_property
委陵菜,寒,has_property
威灵仙,温,has_property
王不留行,平,has_property
瓦松,凉,has_property
瓦楞子,平,has_property
菟丝子,平,has_property
兔儿伞,微温,has_property
土三七,温,has_property
土人参,平,has_property
土牛膝,微寒,has_property
土木香,温,has_property
土荆皮,温,has_property
土荆芥,微温,has_property
土茯苓,平,has_property
土党参,平,has_property
土大黄,凉,has_property
土鳖虫,寒,has_property
土贝母,微寒,has_property
透骨香,温,has_property
透骨草,温,has_property
通草,微寒,has_property
葶苈子,大寒,has_property
铁皮石斛,微寒,has_property
铁包金,平,has_property
甜瓜子,寒,has_property
甜瓜蒂,寒,has_property
甜地丁,寒,has_property
天竺黄,寒,has_property
天仙子,温,has_property
天仙藤,温,has_property
天山雪莲,温,has_property
天南星,温,has_property
天麻,平,has_property
天葵子,寒,has_property
天花粉,微寒,has_property
天胡荽,寒,has_property
天冬,寒,has_property
桃枝,平,has_property
桃仁,平,has_property
檀香,温,has_property
太子参,平,has_property
太白米,微温,has_property
太白参,温,has_property
锁阳,温,has_property
娑罗子,温,has_property
酸枣仁,平,has_property
苏木,平,has_property
苏合香,温,has_property
松香,温,has_property
松花粉,温,has_property
四叶参,温,has_property
四块瓦,温,has_property
四季青,凉,has_property
丝瓜络,平,has_property
水蛭,平,has_property
水翁花,寒,has_property
水牛角,寒,has_property
水茴香,温,has_property
水红花子,微寒,has_property
水河剑,寒,has_property
水飞蓟,寒,has_property
水朝阳,微温,has_property
水半夏,温,has_property
双参,温,has_property
鼠曲草,平,has_property
鼠李,平,has_property
熟地黄,微温,has_property
首乌藤,平,has_property
柿蒂,平,has_property
使君子,温,has_property
石韦,微寒,has_property
石蒜,温,has_property
石上柏,凉,has_property
石楠叶,平,has_property
石南藤,温,has_property
石榴皮,温,has_property
石决明,寒,has_property
石斛,微寒,has_property
石膏,大寒,has_property
石吊兰,温,has_property
石菖蒲,微温,has_property
石蝉草,凉,has_property
十萼茄,凉,has_property
蓍草,平,has_property
生姜皮,凉,has_property
生姜,微温,has_property
升麻,微寒,has_property
肾茶,凉,has_property
伸筋草,温,has_property
麝香,温,has_property
射干,寒,has_property
蛇蜕,平,has_property
蛇莓,寒,has_property
蛇床子,温,has_property
商陆,寒,has_property
山茱萸,微温,has_property
山芝麻,寒,has_property
山楂叶,平,has_property
山楂,微温,has_property
山萸肉,微温,has_property
山银花,寒,has_property
山药,平,has_property
山柰,温,has_property
山木通,平,has_property
山麦冬,微寒,has_property
山菅兰,温,has_property
山豆根,寒,has_property
山大颜,凉,has_property
山慈菇,凉,has_property
砂仁,温,has_property
沙苑子,温,has_property
沙棘,温,has_property
桑枝,平,has_property
桑叶,寒,has_property
桑椹,寒,has_property
桑螵蛸,平,has_property
桑寄生,平,has_property
桑白皮,寒,has_property
三丫苦,寒,has_property
三七,温,has_property
三棱,平,has_property
三棵针,寒,has_property
三分三,温,has_property
三白草,寒,has_property
蕤仁,暂无,has_property
乳香,温,has_property
肉桂,大热,has_property
肉豆蔻,温,has_property
肉苁蓉,温,has_property
榕树叶,微寒,has_property
日草根,凉,has_property
忍冬藤,寒,has_property
人参叶,寒,has_property
人参,温,has_property
拳参,微寒,has_property
全蝎,平,has_property
瞿麦,寒,has_property
苘麻子,凉,has_property
青叶胆,寒,has_property
青羊参,温,has_property
青葙子,微寒,has_property
青天葵,凉,has_property
青皮,温,has_property
青牛胆,寒,has_property
青木香,寒,has_property
青礞石,暂无,has_property
青蒿,寒,has_property
青果,平,has_property
青风藤,平,has_property
青黛,寒,has_property
秦皮,寒,has_property
秦艽,平,has_property
羌活,温,has_property
茜草,寒,has_property
芡实,平,has_property
前胡,微寒,has_property
牵牛子,寒,has_property
千日红,平,has_property
千年健,温,has_property
千里光,寒,has_property
千金子,温,has_property
千斤拔,平,has_property
荠苨,寒,has_property
荠菜,凉,has_property
七叶一枝花,微寒,has_property
七叶莲,温,has_property
蒲黄,平,has_property
蒲公英,寒,has_property
平贝母,微寒,has_property
片姜黄,温,has_property
辟汗草,凉,has_property
啤酒花,微凉,has_property
枇杷叶,微寒,has_property
硼砂,凉,has_property
佩兰,平,has_property
胖大海,寒,has_property
盘龙七,平,has_property
盘龙参,平,has_property
爬山虎,温,has_property
藕节,平,has_property
女贞子,凉,has_property
糯稻根,平,has_property
扭肚藤,凉,has_property
牛至,凉,has_property
牛膝,平,has_property
牛黄,凉,has_property
牛耳枫,凉,has_property
牛大力,平,has_property
牛蒡子,寒,has_property
闹羊花,温,has_property
硇砂,温,has_property
南五味子,温,has_property
南天竹叶,寒,has_property
南山楂,微温,has_property
南沙参,微寒,has_property
南鹤虱,平,has_property
南瓜子,平,has_property
南板蓝根,寒,has_property
木贼,平,has_property
木香,温,has_property
木通,寒,has_property
木棉花,凉,has_property
木槿皮,微寒,has_property
木槿花,凉,has_property
木蝴蝶,凉,has_property
木瓜,温,has_property
木芙蓉叶,凉,has_property
木防己,寒,has_property
木耳,平,has_property
木鳖子,凉,has_property
牡蛎,微寒,has_property
牡荆叶,平,has_property
牡蒿,凉,has_property
牡丹皮,微寒,has_property
母丁香,温,has_property
墨旱莲,寒,has_property
茉莉花,温,has_property
明党参,微寒,has_property
绵马贯众,微寒,has_property
绵萆薢,平,has_property
密蒙花,微寒,has_property
猕猴桃,寒,has_property
虻虫,凉,has_property
梅花,平,has_property
玫瑰花,温,has_property
没药,平,has_property
毛诃子,平,has_property
毛草龙,凉,has_property
猫爪草,温,has_property
芒硝,寒,has_property
蔓荆子,微寒,has_property
满山红,温,has_property
麦芽,平,has_property
麦冬,微寒,has_property
马尾连,寒,has_property
马蹄金,凉,has_property
马桑根,凉,has_property
马钱子,温,has_property
马蔺子,平,has_property
马兰,凉,has_property
马兜铃,微寒,has_property
马齿苋,寒,has_property
马勃,平,has_property
马鞭草,凉,has_property
马宝,凉,has_property
麻油,凉,has_property
麻黄根,平,has_property
麻黄,温,has_property
葎草,寒,has_property
绿豆,寒,has_property
落地生根,寒,has_property
络石藤,微寒,has_property
萝芙木,寒,has_property
罗勒,温,has_property
罗汉果,凉,has_property
罗布麻叶,凉,has_property
路路通,平,has_property
鹿药,温,has_property
鹿衔草,温,has_property
鹿茸,温,has_property
陆英,平,has_property
炉甘石,平,has_property
芦荟,寒,has_property
芦根,寒,has_property
漏芦,寒,has_property
龙眼肉,温,has_property
龙涎香,温,has_property
龙脷叶,平,has_property
龙葵,寒,has_property
龙骨,平,has_property
龙胆,寒,has_property
龙齿,凉,has_property
六月寒,平,has_property
六神曲,温,has_property
六棱菊,微温,has_property
柳枝,寒,has_property
硫黄,温,has_property
刘寄奴,温,has_property
羚羊角,寒,has_property
凌霄花,寒,has_property
灵芝,平,has_property
灵香草,平,has_property
蓼大青叶,寒,has_property
两头尖,热,has_property
两面针,平,has_property
凉粉草,寒,has_property
莨菪叶,寒,has_property
莲子心,寒,has_property
莲子,平,has_property
莲房,温,has_property
连翘,微寒,has_property
连钱草,微寒,has_property
荔枝核,温,has_property
藜芦,寒,has_property
藜,平,has_property
雷丸,寒,has_property
雷公藤,凉,has_property
了哥王,寒,has_property
老鹳草,平,has_property
榔榆皮,寒,has_property
狼毒,平,has_property
蓝布正,凉,has_property
莱菔子,平,has_property
辣蓼,温,has_property
辣椒,热,has_property
昆布,寒,has_property
款冬花,温,has_property
宽筋藤,凉,has_property
苦玄参,寒,has_property
苦杏仁,微温,has_property
苦石莲,寒,has_property
苦木,寒,has_property
苦荬菜,微寒,has_property
苦楝皮,寒,has_property
苦瓜,寒,has_property
苦丁茶,寒,has_property
苦地丁,寒,has_property
苦地胆,寒,has_property
苦参,寒,has_property
榼藤子,平,has_property
决明子,微寒,has_property
卷柏,平,has_property
橘核,平,has_property
菊苣,凉,has_property
菊花,微寒,has_property
桔梗,平,has_property
救必应,寒,has_property
韭菜子,温,has_property
九香虫,温,has_property
九龙藤,温,has_property
九里香,温,has_property
九层塔,温,has_property
景天三七,平,has_property
荆芥,微温,has_property
锦灯笼,寒,has_property
筋骨草,寒,has_property
金樱子,平,has_property
金银花,寒,has_property
金铁锁,温,has_property
金丝草,凉,has_property
金荞麦,凉,has_property
金钱草,微寒,has_property
金钱白花蛇,温,has_property
金礞石,平,has_property
金莲花,微寒,has_property
金果榄,寒,has_property
金沸草,温,has_property
芥子,温,has_property
绞股蓝,寒,has_property
椒目,温,has_property
降香,温,has_property
僵蚕,平,has_property
姜黄,温,has_property
剑花,微寒,has_property
假芫茜,温,has_property
檵木叶,凉,has_property
寄生黄,寒,has_property
蒺藜,微温,has_property
急性子,温,has_property
吉祥草,凉,has_property
积雪草,寒,has_property
鸡爪大黄,寒,has_property
鸡眼草,凉,has_property
鸡血藤,温,has_property
鸡矢藤,平,has_property
鸡内金,平,has_property
鸡冠花,凉,has_property
鸡骨香,温,has_property
鸡骨草,凉,has_property
鸡蛋花,平,has_property
藿香,微温,has_property
火炭母,微寒,has_property
火麻仁,平,has_property
回回蒜,微温,has_property
黄药子,平,has_property
黄藤,寒,has_property
黄蜀葵,凉,has_property
黄芩,寒,has_property
黄芪,微温,has_property
黄皮核,微温,has_property
黄连,寒,has_property
黄精,平,has_property
黄荆子,温,has_property
黄花倒水莲,平,has_property
黄柏,寒,has_property
槐枝,平,has_property
槐角,寒,has_property
槐花,微寒,has_property
化橘红,温,has_property
滑石,寒,has_property
华山参,热,has_property
花蕊石,平,has_property
花椒,温,has_property
琥珀,平,has_property
虎杖,微寒,has_property
虎耳草,寒,has_property
槲寄生,平,has_property
湖北贝母,凉,has_property
葫芦茶,凉,has_property
葫芦,平,has_property
胡颓子叶,平,has_property
胡荽,温,has_property
胡芦巴,温,has_property
胡椒,热,has_property
胡黄连,寒,has_property
厚朴花,温,has_property
厚朴,温,has_property
猴耳环,微寒,has_property
红鱼眼,平,has_property
红药子,微寒,has_property
红天葵,凉,has_property
红丝线,寒,has_property
红曲,温,has_property
红芪,温,has_property
红景天,平,has_property
红花,温,has_property
红粉,热,has_property
红豆蔻,温,has_property
红大戟,寒,has_property
红参,温,has_property
黑种草子,温,has_property
黑芝麻,平,has_property
黑豆,平,has_property
鹤虱,平,has_property
鹤草芽,凉,has_property
核桃仁,温,has_property
荷叶,平,has_property
何首乌,温,has_property
合欢皮,平,has_property
合欢花,平,has_property
诃子,平,has_property
汉桃叶,温,has_property
蔊菜,微温,has_property
海藻,寒,has_property
海芋,凉,has_property
海桐皮,平,has_property
海螵蛸,温,has_property
海马,温,has_property
海龙,温,has_property
海金沙,寒,has_property
海蛤壳,微寒,has_property
海浮石,寒,has_property
海风藤,微温,has_property
海参,平,has_property
蛤蚧,平,has_property
桂枝,温,has_property
桂皮,温,has_property
桂花,温,has_property
鬼针草,寒,has_property
鬼箭羽,寒,has_property
龟甲,微寒,has_property
广枣,平,has_property
广升麻,微寒,has_property
广山药,平,has_property
广昆布,寒,has_property
广金钱草,凉,has_property
广藿香,微温,has_property
广东紫荆皮,微寒,has_property
广东王不留行,平,has_property
广东土牛膝,寒,has_property
广东络石藤,微寒,has_property
广东刘寄奴,温,has_property
广东狼毒,寒,has_property
广东合欢花,平,has_property
广东海桐皮,微寒,has_property
广东海风藤,温,has_property
贯众,微寒,has_property
贯叶金丝桃,寒,has_property
关黄柏,寒,has_property
瓜子金,平,has_property
瓜蒌,寒,has_property
骨碎补,温,has_property
谷芽,温,has_property
谷精草,平,has_property
枸杞子,平,has_property
枸骨叶,凉,has_property
狗肾,温,has_property
狗脊,温,has_property
狗肝菜,凉,has_property
钩藤,凉,has_property
功劳木,寒,has_property
葛根,凉,has_property
藁本,温,has_property
高良姜,热,has_property
杠板归,寒,has_property
岗稔根,平,has_property
岗梅根,凉,has_property
干漆,温,has_property
干姜,热,has_property
甘遂,寒,has_property
甘肃丹参,微寒,has_property
甘松,温,has_property
甘草,平,has_property
覆盆子,温,has_property
附子,热,has_property
浮小麦,凉,has_property
浮萍,寒,has_property
茯神,平,has_property
茯苓,平,has_property
扶桑花,寒,has_property
扶芳藤,微温,has_property
伏龙肝,温,has_property
佛手,温,has_property
佛甲草,寒,has_property
凤眼果,平,has_property
凤尾草,寒,has_property
凤凰衣,平,has_property
蜂房,平,has_property
枫香脂,平,has_property
粉葛,凉,has_property
粉萆薢,平,has_property
榧子,平,has_property
飞天蠄蟧,平,has_property
飞龙掌血,温,has_property
防己,寒,has_property
防风草,温,has_property
防风,温,has_property
方解石,寒,has_property
翻白草,平,has_property
番泻叶,寒,has_property
番石榴叶,平,has_property
儿茶,微寒,has_property
鹅不食草,温,has_property
峨参,微温,has_property
莪术,温,has_property
断血流,凉,has_property
杜仲叶,温,has_property
杜仲,温,has_property
独一味,平,has_property
独脚金,平,has_property
独活,微温,has_property
豆蔻,温,has_property
豆豉姜,温,has_property
冬凌草,微寒,has_property
冬葵子,寒,has_property
冬葵果,凉,has_property
冬瓜皮,凉,has_property
冬虫夏草,平,has_property
东风橘,微温,has_property
丁香罗勒油,暂无,has_property
丁香,温,has_property
丁公藤,温,has_property
颠茄草,气微,has_property
地榆,微寒,has_property
地桃花,微寒,has_property
地稔根,平,has_property
地龙,寒,has_property
地锦草,平,has_property
鲜地黄,寒,has_property
生地黄,寒,has_property
地骨皮,寒,has_property
地肤子,寒,has_property
地枫皮,温,has_property
地耳草,凉,has_property
地不容,寒,has_property
灯盏细辛,温,has_property
灯心草,微寒,has_property
稻芽,温,has_property
倒扣草,寒,has_property
刀豆,温,has_property
党参,平,has_property
当药,寒,has_property
当归,温,has_property
淡竹叶,寒,has_property
淡豆豉,凉,has_property
胆南星,凉,has_property
胆矾,寒,has_property
单叶蔓荆子,微寒,has_property
丹参,微寒,has_property
玳瑁,寒,has_property
大枣,温,has_property
大叶紫珠,平,has_property
大叶桉叶,平,has_property
大血藤,平,has_property
大蒜,温,has_property
大青叶,寒,has_property
大青盐,寒,has_property
大蓟,凉,has_property
大戟,寒,has_property
大黄,寒,has_property
大腹皮,微温,has_property
大风子,热,has_property
大风艾,温,has_property
大飞扬草,寒,has_property
大豆黄卷,平,has_property
大驳骨,平,has_property
翠云草,凉,has_property
楤木,平,has_property
葱子,温,has_property
葱白,温,has_property
刺苋菜,凉,has_property
刺五加,暂无,has_property
刺猬皮,平,has_property
磁石,寒,has_property
椿皮,寒,has_property
春不见,微寒,has_property
垂盆草,凉,has_property
穿心莲,寒,has_property
穿山龙,温,has_property
穿山甲,微寒,has_property
穿破石,凉,has_property
川续断,微温,has_property
川芎,温,has_property
川乌,热,has_property
川射干,寒,has_property
川牛膝,平,has_property
川木香,温,has_property
川木通,寒,has_property
川楝子,寒,has_property
川贝母,微寒,has_property
楮实子,寒,has_property
臭梧桐,平,has_property
臭牡丹,平,has_property
臭灵丹草,凉,has_property
虫牙药,凉,has_property
虫白蜡,温,has_property
茺蔚子,微寒,has_property
赤小豆,平,has_property
赤石脂,温,has_property
赤芍,微寒,has_property
陈皮,温,has_property
沉香,微温,has_property
车前草,寒,has_property
常山,寒,has_property
蟾酥,温,has_property
蝉蜕,寒,has_property
蝉花,寒,has_property
柴胡,微寒,has_property
侧柏叶,寒,has_property
草乌叶,平,has_property
草乌,热,has_property
草果,温,has_property
草豆蔻,温,has_property
藏菖蒲,温,has_property
苍术,温,has_property
苍耳子,温,has_property
蚕沙,温,has_property
布渣叶,微寒,has_property
补骨脂,温,has_property
卜芥,寒,has_property
博落回,温,has_property
冰片,寒,has_property
槟榔,温,has_property
鳖甲,微寒,has_property
扁蓄,微寒,has_property
蓖麻子,平,has_property
荜澄茄,温,has_property
荜茇,热,has_property
北沙参,微寒,has_property
北刘寄奴,寒,has_property
北豆根,寒,has_property
暴马丁香,微寒,has_property
薄荷,凉,has_property
半枝莲,寒,has_property
半夏,温,has_property
半枫荷,温,has_property
半边莲,平,has_property
板蓝根,寒,has_property
斑蝥,热,has_property
败酱草,凉,has_property
柏子仁,平,has_property
百合,寒,has_property
百部,微温,has_property
白芷,温,has_property
白英,寒,has_property
白药子,凉,has_property
白鲜皮,寒,has_property
白薇,寒,has_property
白头翁,寒,has_property
白苏子,温,has_property
白术,温,has_property
白首乌,平,has_property
白石英,微温,has_property
白石花,凉,has_property
白芍,微寒,has_property
白屈菜,温,has_property
白前,微温,has_property
白茅根,寒,has_property
白马骨,凉,has_property
白蔹,微寒,has_property
白兰花,温,has_property
白芥子,温,has_property
白及,微寒,has_property
白花银背藤,温,has_property
白花蛇舌草,凉,has_property
白花丹,温,has_property
白鹤灵芝,平,has_property
白果,平,has_property
白附子,温,has_property
白矾,寒,has_property
白扁豆,微温,has_property
白背叶根,平,has_property
菝葜,平,has_property
巴戟天,微温,has_property
巴豆,热,has_property
八楞木,平,has_property
八角莲,凉,has_property
八角茴香,温,has_property
八角枫,温,has_property
桉叶油,平,has_property
安息香,平,has_property
艾叶,温,has_property
矮地茶,平,has_property
阿魏,温,has_property
阿胶,平,has_property
