﻿急性胰腺炎,厚朴七物汤
肠梗阻,厚朴七物汤
哮喘,厚朴七物汤
胃扭转,厚朴七物汤
慢性胰腺炎,厚朴七物汤
腹痛,厚朴七物汤
功能性消化不良,厚朴七物汤
中风,桂枝人参汤
感冒,桂枝人参汤
慢性胃炎,桂枝人参汤
慢性胰腺炎,桂枝人参汤
中风,乌头桂枝汤
头痛,乌头桂枝汤
腹痛,乌头桂枝汤
感冒,乌头桂枝汤
十二指肠溃疡,乌头桂枝汤
胆囊炎,乌头桂枝汤
溃疡性结肠炎,乌头桂枝汤
风湿性关节炎,乌头桂枝汤
类风湿关节炎,乌头桂枝汤
强直性脊柱炎,乌头桂枝汤
伤寒,麻黄连翘赤小豆汤
急性胆囊炎,麻黄连翘赤小豆汤
肾盂肾炎,麻黄连翘赤小豆汤
肾小球肾炎,麻黄连翘赤小豆汤
肾病综合征,麻黄连翘赤小豆汤
皮炎,麻黄连翘赤小豆汤
神经性皮炎,麻黄连翘赤小豆汤
伤寒,文蛤汤
头痛,文蛤汤
感冒,文蛤汤
哮喘,文蛤汤
荨麻疹,文蛤汤
风疹,文蛤汤
风湿性关节炎,文蛤汤
慢性输尿管炎,文蛤汤
肾小球肾炎,文蛤汤
水肿,文蛤汤
中风,柴胡桂枝汤
感冒,柴胡桂枝汤
脂肪肝,柴胡桂枝汤
慢性胰腺炎,柴胡桂枝汤
精神分裂症,柴胡桂枝汤
心律失常,柴胡桂枝汤
高血压,柴胡桂枝汤
更年期综合征,柴胡桂枝汤
皮炎,柴胡桂枝汤
神经性皮炎,柴胡桂枝汤
中暑,一物瓜蒂散
风湿热,一物瓜蒂散
胆囊炎,一物瓜蒂散
慢性咽炎,一物瓜蒂散
口腔溃疡,一物瓜蒂散
慢性胃炎,文蛤散
慢性胰腺炎,文蛤散
甲状腺功能亢进症,文蛤散
痈,黄芪芍药桂枝苦酒汤
多汗症,黄芪芍药桂枝苦酒汤
神经性皮炎,黄芪芍药桂枝苦酒汤
头痛,黄芪芍药桂枝苦酒汤
瘙痒症,黄芪芍药桂枝苦酒汤
头痛,白虎加桂枝汤
风湿热,白虎加桂枝汤
风湿性关节炎,白虎加桂枝汤
类风湿关节炎,白虎加桂枝汤
甲状腺功能亢进症,白虎加桂枝汤
糖尿病酮症酸中毒,白虎加桂枝汤
视网膜病变,白虎加桂枝汤
咳嗽,麻黄杏仁薏苡甘草汤
风湿热,麻黄杏仁薏苡甘草汤
感冒,麻黄加术汤
慢性阻塞性肺疾病,麻黄加术汤
风湿性关节炎,麻黄加术汤
强直性脊柱炎,麻黄加术汤
头痛,桂枝二越婢一汤
感冒,桂枝二越婢一汤
荨麻疹,桂枝二越婢一汤
皮炎,桂枝二越婢一汤
伤寒,桂枝麻黄各半汤
感冒,桂枝麻黄各半汤
荨麻疹,桂枝麻黄各半汤
风疹,桂枝麻黄各半汤
干燥综合征,桂枝麻黄各半汤
头痛,桂枝麻黄各半汤
中风,桂枝二麻黄一汤
头痛,桂枝二麻黄一汤
感冒,桂枝二麻黄一汤
偏头痛,逍遥散
肠易激综合征,逍遥散
功能性消化不良,逍遥散
子宫肌瘤,逍遥散
乳腺增生,逍遥散
经前期综合征,逍遥散
抑郁症,逍遥散
失眠,逍遥散
腹痛,逍遥散
腰痛,逍遥散
急性胰腺炎,膈下逐瘀汤
子宫内膜异位症,膈下逐瘀汤
腰痛,金锁固精丸
耳鸣,金锁固精丸
早泄,金锁固精丸
乳糜尿,金锁固精丸
重症肌无力,金锁固精丸
慢性前列腺炎,金锁固精丸
肾虚,金锁固精丸
滑精,金锁固精丸
糖尿病肾病,金锁固精丸
尿失禁,金锁固精丸
头痛,茯苓杏仁甘草汤
哮喘,茯苓杏仁甘草汤
肺气肿,茯苓杏仁甘草汤
前列腺炎,茯苓杏仁甘草汤
头痛,枳实薤白桂枝汤
慢性阻塞性肺疾病,枳实薤白桂枝汤
肺脓肿,三物白散
哮喘,三物白散
腹膜炎,三物白散
肝硬化腹水,三物白散
肾小球肾炎,三物白散
肾病综合征,三物白散
水肿,葶苈丸
咳嗽,葶苈丸
心悸,葶苈丸
高血压,葶苈丸
慢性支气管炎,葶苈丸
哮喘,葶苈丸
咳嗽,杏子汤
水肿,杏子汤
慢性阻塞性肺疾病,杏子汤
便秘,杏子汤
咳嗽,泽漆汤
哮喘,泽漆汤
病毒性肺炎,泽漆汤
百日咳,泽漆汤
肾病综合征,泽漆汤
水肿,泽漆汤
肾小球肾炎,泽漆汤
湿疹,泽漆汤
荨麻疹,泽漆汤
神经性皮炎,泽漆汤
心肌梗死,四逆汤
心力衰竭,四逆汤
风湿性关节炎,四逆汤
心病心绞痛,四逆汤
腹泻,四逆汤
水肿,四逆汤
心律失常,四逆汤
病毒性心肌炎,四逆汤
缺血性脑卒中,四逆汤
失眠,四逆汤
乳腺增生,四逆汤
慢性支气管炎,四逆汤
慢性胃炎,四逆汤
便秘,四逆汤
精神分裂症,四逆汤
心病心绞痛,生脉散
慢性心力衰竭,生脉散
扩张型心肌病,生脉散
中风,生脉散
肺癌,生脉散
心力衰竭,生脉散
2型糖尿病,生脉散
腹泻,六神散
慢性胃炎,六神散
小儿泄泻,六神散
小儿厌食,六神散
腹泻,七味白术散
小儿厌食,七味白术散
2型糖尿病,七味白术散
功能性消化不良,资生丸
慢性胃炎,资生丸
溃疡性结肠炎,资生丸
小儿厌食,资生丸
贫血,资生丸
腰酸,资生丸
自汗,玉屏风散
上呼吸道感染,玉屏风散
肾小球肾炎,玉屏风散
荨麻疹,玉屏风散
哮喘,玉屏风散
慢性支气管炎,玉屏风散
咳嗽,玉屏风散
感冒,玉屏风散
盗汗,玉屏风散
面瘫,玉屏风散
荨麻疹,升阳益胃汤
腹泻,升阳益胃汤
胆囊炎,升阳益胃汤
重症肌无力,补中益气汤
乳糜尿,补中益气汤
子宫脱垂,补中益气汤
月经过多,补中益气汤
眼睑下垂,补中益气汤
斜视,补中益气汤
慢性胃炎,补中益气汤
口腔溃疡,补中益气汤
骨质疏松,补中益气汤
便秘,补中益气汤
心律失常,炙甘草汤
期前收缩,炙甘草汤
心悸,炙甘草汤
失眠,炙甘草汤
心力衰竭,炙甘草汤
扩张型心肌病,炙甘草汤
便秘,炙甘草汤
病毒性心肌炎,炙甘草汤
窦性心动过缓,拯阳理劳汤
重症肌无力,拯阳理劳汤
心力衰竭,保元汤
瘢痕疙瘩,黑布药膏
产后出血,独参汤
心肌梗死,独参汤
胃溃疡,香砂六君子汤
腹泻,香砂六君子汤
萎缩性胃炎,香砂六君子汤
肠易激综合征,香砂六君子汤
小儿厌食,异功散
腹泻,异功散
慢性胃炎,异功散
萎缩性胃炎,异功散
功能性消化不良,六君子汤
慢性阻塞性肺气肿,六君子汤
梅核气,六君子汤
腹痛,六君子汤
慢性阻塞性肺疾病,六君子汤
慢性胃炎,六君子汤
贫血,六君子汤
缺铁性贫血,六君子汤
类风湿关节炎,六君子汤
萎缩性胃炎,六君子汤
高血压,六君子汤
慢性胃炎,四君子汤
十二指肠溃疡,四君子汤
乙型肝炎,四君子汤
功能性消化不良,四君子汤
慢性支气管炎,四君子汤
咳嗽,四君子汤
感冒,大青龙汤
哮喘,大青龙汤
慢性支气管炎,小青龙汤
哮喘,小青龙汤
肺气肿,小青龙汤
肺水肿,小青龙汤
肺心病,小青龙汤
麻疹,泻白散
百日咳,泻白散
咳嗽,泻白散
慢性胃炎,旋覆代赭汤
胃扩张,旋覆代赭汤
十二指肠溃疡,旋覆代赭汤
心病心绞痛,血府逐瘀汤
脑震荡,血府逐瘀汤
泌尿系结石,小蓟饮子
肾小球肾炎,小蓟饮子
精囊炎,小蓟饮子
风疹,消风散
湿疹,消风散
荨麻疹,消风散
皮炎,消风散
神经性皮炎,消风散
疥疮,消风散
风湿,消风散
伤寒,小柴胡汤
感冒,小柴胡汤
疟疾,小柴胡汤
肝硬化,小柴胡汤
胆囊炎,小柴胡汤
胆结石,小柴胡汤
急性胰腺炎,小柴胡汤
乳腺炎,小柴胡汤
睾丸炎,小柴胡汤
胃溃疡,小柴胡汤
慢性胃炎,小陷胸汤
骨膜炎,阳和汤
风湿性关节炎,阳和汤
血栓闭塞性脉管炎,阳和汤
咳嗽,杏苏散
感冒,杏苏散
慢性支气管炎,杏苏散
肺气肿,杏苏散
咳嗽,桑杏汤
上呼吸道感染,桑杏汤
慢性支气管炎,桑杏汤
咯血,桑杏汤
百日咳,桑杏汤
头痛,桑杏汤
舌炎,玉女煎
哮喘,金匮肾气丸
前列腺增生,金匮肾气丸
感冒,银翘散
扁桃体炎,银翘散
麻疹,银翘散
咽炎,银翘散
咳嗽,银翘散
胆囊炎,茵陈蒿汤
钩端螺旋体病,茵陈蒿汤
高热,紫雪
便秘,紫雪
流行性脑脊髓膜炎,紫雪
猩红热,紫雪
心悸,紫雪
失眠,朱砂安神丸
神经衰弱,朱砂安神丸
心悸,朱砂安神丸
抑郁症,朱砂安神丸
汞中毒,朱砂安神丸
尿毒症,至宝丹
高热,至宝丹
感冒,白虎汤
高热,白虎汤
老年性痴呆,白虎汤
感冒,桂枝汤
盗汗,桂枝汤
心律失常,桂枝汤
荨麻疹,桂枝汤
瘙痒症,桂枝汤
冻疮,桂枝汤
头痛,桂枝汤
腹痛,桂枝汤
慢性肾功能衰竭,桂枝汤
更年期综合征,桂枝汤
梅尼埃病,桂枝汤
哮喘,桂枝汤
面神经麻痹,桂枝汤
口腔溃疡,桂枝汤
银屑病,桂枝汤
白癜风,桂枝汤
颈椎病,桂枝汤
类风湿关节炎,桂枝汤
上消化道出血,泻心汤
咳嗽,止嗽散
哮喘,止嗽散
上呼吸道感染,止嗽散
慢性支气管炎,止嗽散
百日咳,止嗽散
感冒,止嗽散
高血压,镇肝熄风汤
帕金森病,镇肝熄风汤
慢性胃炎,镇肝熄风汤
失眠,镇肝熄风汤
肾炎,镇肝熄风汤
哮喘,镇肝熄风汤
中风,镇肝熄风汤
眩晕,镇肝熄风汤
头痛,镇肝熄风汤
脱水,镇肝熄风汤
颈椎病,羌活胜湿汤
面神经麻痹,羌活胜湿汤
偏头痛,羌活胜湿汤
过敏性紫癜,羌活胜湿汤
耳聋,羌活胜湿汤
水肿,羌活胜湿汤
风湿,羌活胜湿汤
头痛,羌活胜湿汤
感冒,羌活胜湿汤
风湿性关节炎,羌活胜湿汤
肾炎,羌活胜湿汤
脱水,羌活胜湿汤
慢性心力衰竭,真武汤
2型糖尿病,真武汤
视网膜病变,真武汤
糖尿病肾病,真武汤
慢性肾功能衰竭,真武汤
肾小球肾炎,真武汤
水肿,真武汤
慢性支气管炎,真武汤
梅尼埃病,真武汤
心力衰竭,真武汤
糖尿病视网膜病变,真武汤
肝癌,真武汤
肝硬化,真武汤
腹水,真武汤
宫颈糜烂,生肌散
溃疡性结肠炎,生肌散
糖尿病足,生肌散
血栓闭塞性脉管炎,黑虎丹
腋臭,密陀僧散
痔疮,三品一条枪
肛瘘,三品一条枪
化脓性骨髓炎,三品一条枪
痔,三品一条枪
颈部淋巴结结核,三品一条枪
水肿,五倍子汤
痔疮,枯痔散
鼻息肉,枯痔散
子宫脱垂,枯痔散
腋臭,枯痔散
痔,枯痔散
宫颈糜烂,紫草油
静脉炎,紫草油
皮炎,紫草油
皮肤念珠菌病,三黄洗剂
湿疹,三黄洗剂
带状疱疹,三黄洗剂
脓疱疮,三黄洗剂
尖锐湿疣,三黄洗剂
头癣,一扫光
疥疮,一扫光
神经性皮炎,一扫光
湿疹,一扫光
银屑病,一扫光
带状疱疹,一扫光
阴茎溃烂,鹅黄散
药物过敏,鹅黄散
痤疮,颠倒散
脂溢性皮炎,颠倒散
蜂窝织炎,立马回疔丹
乳腺增生,阳和解凝膏
月经过多,先期汤
乳腺炎,鲫鱼膏
痔疮,鲫鱼膏
肺癌,鲫鱼膏
颈部淋巴结结核,黑退消
乳腺癌,黑退消
风湿,黑退消
流行性腮腺炎,太乙膏
乳腺炎,太乙膏
风湿,回阳玉龙膏
风湿性关节炎,回阳玉龙膏
乳腺增生,桂麝散
肝硬化,大黄甘遂汤
静脉炎,大黄甘遂汤
流产,大黄甘遂汤
横位,大黄甘遂汤
肠梗阻,肠粘连缓解汤
肠梗阻,大承气汤
急性胆囊炎,大承气汤
急性胰腺炎,大承气汤
高热,大承气汤
腹痛,大承气汤
食管癌,大承气汤
中风,大承气汤
便秘,大承气汤
感冒,桂枝加黄芪汤
心律失常,桂枝加黄芪汤
高热,水解散
哮喘,大造丸
勃起功能障碍,大造丸
肛门直肠周围脓肿,九一丹
肛瘘,九一丹
水肿,九一丹
尖锐湿疣,九一丹
疣,九一丹
慢性支气管炎,易筒地黄饮子
肺结核,易筒地黄饮子
耳鸣,耳聋左慈丸
耳聋,耳聋左慈丸
月经过多,升阳举经汤
贫血,升阳举经汤
便血,升阳举经汤
血尿,升阳举经汤
功能性消化不良,丁桂散
肠梗阻,丁桂散
前列腺炎,丁桂散
小儿泄泻,丁桂散
腹泻,丁桂散
痛风性关节炎,丁桂散
面瘫,丁桂散
慢性前列腺炎,丁桂散
扁桃体炎,千捶膏
流行性腮腺炎,千捶膏
骨折,千捶膏
开放性骨折,千捶膏
风湿,坎离砂
背痛,坎离砂
慢性腰肌劳损,坎离砂
颈椎病,坎离砂
蜂窝织炎,铁箍散
静脉炎,铁箍散
丹毒,铁箍散
蜂窝织炎,玉露散
丹毒,玉露散
附睾炎,玉露散
带状疱疹,玉露散
静脉炎,金黄散
丹毒,金黄散
乳腺炎,金黄散
蜂窝织炎,金黄散
血栓闭塞性脉管炎,金黄散
足癣,金黄散
痔疮,金黄散
水肿,金黄散
功能性消化不良,越鞠丸
乳癌,阿魏膏
小儿泄泻,阿魏膏
慢性肝病,阿魏膏
腹泻,阿魏膏
失眠,阿魏膏
卵巢囊肿,神仙化痞膏
肝硬化,神仙化痞膏
尿潴留,通关散
意识障碍,通关散
咽炎,苦酒汤
喉源性咳嗽,苦酒汤
慢性咽炎,苦酒汤
咳嗽,苦酒汤
口腔溃疡,滋阴降火汤
感冒,金果饮
咳嗽,金果饮
慢性咽炎,铁笛丸
慢性咽炎,清音丸
喉源性咳嗽,清咽宁嗽汤
手足口病,银翘马勃散
喉源性咳嗽,银翘马勃散
扁桃体炎,银翘马勃散
咳嗽,银翘马勃散
急性咽喉炎,玉屑无忧散
咳嗽,玉屑无忧散
口腔溃疡,清热泻脾散
手足口病,清热泻脾散
脂溢性皮炎,泻黄散
口腔溃疡,泻黄散
过敏性紫癜,泻黄散
手足口病,泻黄散
小儿厌食,泻黄散
腹痛,泻黄散
便血,泻黄散
过敏性紫癜,凉血四物汤
结节性红斑,凉血四物汤
皮炎,凉血四物汤
疱疹性角膜炎,泻青丸
化脓性骨髓炎,内补黄芪汤
失眠,内补黄芪汤
痈,托里透脓汤
痤疮,代刀散
扁桃体炎,透脓散
乳腺炎,透脓散
慢性肾衰竭,回阳三建汤
乳腺增生,小金丹
肺癌,小金丹
智齿冠周炎,六应丸
淋巴结肿大,六应丸
肺癌,犀黄丸
乳腺癌,犀黄丸
食管癌,犀黄丸
痛风,萆薢渗湿汤
湿疹,萆薢渗湿汤
结节性红斑,萆薢渗湿汤
丹毒,萆薢渗湿汤
血栓闭塞性脉管炎,顾步汤
动脉粥样硬化,四妙勇安汤
心肌梗死,四妙勇安汤
水肿,四妙勇安汤
血栓性静脉炎,五香流气饮
静脉炎,五香流气饮
肛窦炎,五神汤
丹毒,五神汤
乳腺炎,瓜蒌牛蒡汤
痤疮,枇杷清肺饮
脂溢性皮炎,枇杷清肺饮
流行性腮腺炎,牛蒡解肌汤
急性咽炎,牛蒡解肌汤
丹毒,七星剑
痈,七星剑
近视,当归活血汤
血栓性静脉炎,当归活血汤
肛窦炎,内疏黄连汤
流行性腮腺炎,银花解毒汤
药疹,银花甘草汤
痤疮,五味消毒饮
痛风性关节炎,五味消毒饮
前列腺炎,五味消毒饮
银屑病,五味消毒饮
胃溃疡,五味消毒饮
慢性前列腺炎,五味消毒饮
幽门螺杆菌感染,五味消毒饮
尿路感染,赤小豆当归散
口腔溃疡,赤小豆当归散
小儿鼻窦炎,银苇合剂
慢性前列腺炎,薏苡附子败酱散
肛窦炎,薏苡附子败酱散
溃疡性结肠炎,薏苡附子败酱散
湿疹,薏苡附子败酱散
慢性支气管炎,参芦散
脑外伤致癫,急救稀涎散
头痛,瓜蒂散
癫狂,瓜蒂散
肠梗阻,甘草粉蜜汤
绦虫病,驱绦汤
上呼吸道感染,肥儿丸
小儿厌食,肥儿丸
荨麻疹,肥儿丸
滴虫性阴道炎,化虫丸
胆道蛔虫病,安蛔汤
咳嗽,安蛔汤
哮喘,安蛔汤
腹痛,使君子丸
胆道蛔虫病,胆道蛔虫汤
溃疡性结肠炎,椒梅汤
过敏性紫癜,椒梅汤
细菌性阴道病,易黄汤
宫颈糜烂,止带丸
慢性前列腺炎,清带汤
肠易激综合征,完带汤
滴虫性阴道炎,完带汤
腹痛,完带汤
乳糜尿,威喜丸
早泄,秘精丸
慢性前列腺炎,秘元煎
乳糜尿,秘元煎
严重创伤反应症侯群,十四味建中汤
早泄,固真丸
腰酸,固真丸
眩晕,固真丸
早泄,三才封髓丹
脊髓空洞症,三才封髓丹
痤疮,三才封髓丹
慢性乙型肝炎,三才封髓丹
乳糜尿,茯菟丸
遗尿,桑螵蛸散
尿频,桑螵蛸散
糖尿病肾病,桑螵蛸散
便秘,桑螵蛸散
尿失禁,桑螵蛸散
糖尿病肾病,水陆二仙丹
神经衰弱,水陆二仙丹
前列腺炎,水陆二仙丹
精囊炎,水陆二仙丹
耳鸣,水陆二仙丹
腰酸,水陆二仙丹
早泄,水陆二仙丹
乳糜尿,膏淋汤
腰酸,膏淋汤
肾炎,治浊固本丸
尿失禁,巩堤丸
遗尿,巩堤丸
尿失禁,固脬丸
遗尿,固脬丸
肠易激综合征,固肠汤
放射性直肠炎,固肠汤
腹泻,诃子皮散
腹痛,诃子皮散
腹泻,脾肾双补丸
贫血,脾肾双补丸
血症,脾肾双补丸
再生障碍性贫血,脾肾双补丸
腹泻,真人养脏汤
溃疡性结肠炎,真人养脏汤
水肿,真人养脏汤
溃疡性结肠炎,桃花汤
腹泻,桃花汤
腹泻,赤石脂禹余粮汤
滑精自汗,赤石脂禹余粮汤
食管炎,黄芪建中汤
萎缩性胃炎,黄芪建中汤
胃溃疡,黄芪建中汤
水肿,黄芪建中汤
失眠,桂枝甘草龙骨牡蛎汤
心悸,桂枝甘草龙骨牡蛎汤
自汗,桂枝甘草龙骨牡蛎汤
盗汗,桂枝甘草龙骨牡蛎汤
心律失常,桂枝甘草龙骨牡蛎汤
失眠,交泰丸
心律失常,交泰丸
血管性痴呆,交泰丸
更年期综合征,生铁落饮
瘙痒症,百合地黄汤
抑郁症,百合地黄汤
失眠症,百合地黄汤
更年期综合征,百合地黄汤
焦虑症,百合地黄汤
失眠,百合地黄汤
更年期综合征,甘草小麦大枣汤
抑郁症,甘草小麦大枣汤
失眠,甘草小麦大枣汤
失眠症,甘草小麦大枣汤
失眠,孔圣枕中丹
老年性痴呆,孔圣枕中丹
神经衰弱,孔圣枕中丹
心律失常,安神定志丸
抑郁症,安神定志丸
窦性心动过缓,安神定志丸
便秘,安神定志丸
头痛,安神定志丸
失眠,珍珠母丸
老年性痴呆,珍珠母丸
头痛,珍珠母丸
眩晕,珍珠母丸
心力衰竭,养心汤
心律失常,养心汤
产后抑郁症,养心汤
产后抑郁,养心汤
失眠,酸枣仁汤
紧张性头痛,酸枣仁汤
心悸,酸枣仁汤
失眠,黄连阿胶汤
抑郁症,黄连阿胶汤
焦虑症,黄连阿胶汤
阳痿,黄连阿胶汤
早泄,黄连阿胶汤
嗜睡,黄连阿胶汤
药物依赖,黄连阿胶汤
三叉神经痛,五虎追风散
破伤风,五虎追风散
头痛,五虎追风散
类风湿关节炎,五虎追风散
中风,五虎追风散
破伤风,撮风散
高热,撮风散
三叉神经痛,撮风散
新生儿破伤风,撮风散
破伤风,止痉散
面神经麻痹,止痉散
三叉神经痛,止痉散
腰椎间盘突出症,止痉散
高热,止痉散
面神经麻痹,牵正散
三叉神经痛,牵正散
中风,牵正散
头痛,牵正散
偏头痛,牵正散
面瘫,牵正散
帕金森病,玉真散
面神经麻痹,玉真散
狂犬病,玉真散
头痛,玉真散
高血压,建瓴汤
脑梗死,建瓴汤
期前收缩,建瓴汤
偏头痛,建瓴汤
顽固性呃逆,建瓴汤
流行性脑脊髓膜炎,阿胶鸡子黄汤
便秘,大建中汤
胃溃疡,大建中汤
阳痿,大建中汤
心律失常,三甲复脉汤
高血压,三甲复脉汤
血管性痴呆,三甲复脉汤
骨质疏松,三甲复脉汤
瘙痒症,三甲复脉汤
头痛,钩藤散
中风,钩藤散
血管性痴呆,钩藤散
阿尔茨海默病,钩藤散
高血压,钩藤散
中风后失语,资寿解语汤
中风,羚角钩藤汤
视网膜病变,羚角钩藤汤
高热,羚角钩藤汤
子痫,羚角钩藤汤
偏头痛,羚角钩藤汤
高血压,羚角钩藤汤
眩晕,羚角钩藤汤
头痛,羚角钩藤汤
失眠,羚角钩藤汤
顽固性呃逆,卫生防疫宝丹
梅核气,卫生防疫宝丹
一氧化碳中毒,菖蒲郁金汤
失眠症,菖蒲郁金汤
抑郁症,菖蒲郁金汤
中风,菖蒲郁金汤
意识障碍,菖蒲郁金汤
咳嗽,甘草干姜汤
遗尿,甘草干姜汤
血症,甘草干姜汤
腰痛,甘草干姜汤
肺癌,甘草干姜汤
腹泻,胃关煎
细菌性痢疾,胃关煎
腹泻,益黄散
小儿厌食,益黄散
小儿馒惊风,逐寒荡惊汤
痫证,逐寒荡惊汤
功能性消化不良,厚朴温中汤
腹痛,厚朴温中汤
慢性胃炎,厚朴温中汤
萎缩性胃炎,小建中汤
肠易激综合征,小建中汤
水肿,小建中汤
腹痛,小建中汤
心力衰竭,茯苓四逆汤
血栓闭塞性脉管炎,茯苓四逆汤
咳嗽,茯苓四逆汤
水肿,茯苓四逆汤
心病心绞痛,六味回阳饮
心源性休克,回阳救急汤
心病心绞痛,回阳救急汤
慢性心力衰竭,回阳救急汤
慢性心力衰竭,参附汤
新生儿硬肿症,参附汤
哮喘,参附汤
心力衰竭,参附汤
小儿泄泻,黑锡丹
哮喘,黑锡丹
肺纤维化,五味子汤
小儿肺炎,五味子汤
喉源性咳嗽,九仙散
慢性支气管炎,九仙散
咳嗽,九仙散
哮喘,人参蛤蚧散
慢性阻塞性肺疾病,人参蛤蚧散
慢性支气管炎,补肺汤
肺结核,补肺汤
肺纤维化,补肺汤
肺心病,补肺汤
咳嗽,补肺汤
哮喘,补肺汤
慢性支气管炎,金水六君煎
咳嗽,金水六君煎
支原体肺炎,补肺阿胶散
咳嗽,补肺阿胶散
心力衰竭,木防己汤
咳嗽,皂荚丸
呼吸困难,皂荚丸
食管炎,桔梗汤
咳嗽,桔梗汤
哮喘,定喘汤
慢性阻塞性肺疾病,定喘汤
慢性支气管炎,定喘汤
呼吸困难,定喘汤
咳嗽,射干麻黄汤
哮喘,射干麻黄汤
喉源性咳嗽,射干麻黄汤
咯血,黛蛤散
肺心病,黛蛤散
慢性支气管炎,二母散
咳嗽,二母散
支原体肺炎,贝母瓜蒌散
慢性支气管炎,贝母瓜蒌散
乳腺增生,贝母瓜蒌散
咳嗽,贝母瓜蒌散
慢性支气管炎,清燥救肺汤
干燥综合征,清燥救肺汤
咳嗽,清燥救肺汤
病毒性肺炎,葶苈大枣泻肺汤
肺心病,葶苈大枣泻肺汤
腹水,葶苈大枣泻肺汤
小儿肺炎,五虎汤
痰热型肺系疾病,五虎汤
咳嗽,五虎汤
社区获得性肺炎,麻黄杏仁甘草石膏汤
感冒,麻黄杏仁甘草石膏汤
哮喘,麻黄杏仁甘草石膏汤
咳嗽,麻黄杏仁甘草石膏汤
感冒,金沸草散
咳嗽,金沸草散
哮喘,金沸草散
喉源性咳嗽,金沸草散
慢性阻塞性肺疾病,金沸草散
呼吸困难,金沸草散
乙肝,柴胡达原饮
手足口病,柴胡达原饮
感冒,柴胡达原饮
流涎,柴胡达原饮
头痛,柴胡达原饮
心病心绞痛,十味温胆汤
抑郁症,十味温胆汤
失眠,十味温胆汤
咳嗽,华盖散
哮喘,华盖散
慢性阻塞性肺疾病,华盖散
哮喘,三拗汤
咳嗽,三拗汤
水肿,三拗汤
甲状腺腺瘤,四海舒郁丸
甲状腺腺瘤,海藻玉壶汤
痤疮,海藻玉壶汤
乳腺增生,海藻玉壶汤
甲状腺功能亢进症,海藻玉壶汤
乳腺增生,消瘰丸
甲状腺结节,消瘰丸
颅内结核瘤,内消瘰疬丸
肛瘘,内消瘰疬丸
乳腺增生,夏枯草膏
血尿,夏枯草膏
腹痛,指迷茯苓丸
中风,指迷茯苓丸
慢性咽炎,半夏散
白血病,半夏散
上呼吸道感染,达原饮
感冒,达原饮
疟疾,常山饮
失眠,黄连温胆汤
酒精性脂肪肝,黄连温胆汤
高血压,黄连温胆汤
斜视,正容汤
面神经麻痹,正容汤
复视,正容汤
脂肪肝,白金丸
类风湿关节炎,三生饮
顽固性呃逆,温胆汤
更年期综合征,温胆汤
血症,温胆汤
胆囊炎,温胆汤
失眠,温胆汤
精神分裂症,温胆汤
失眠,半夏秫米汤
眩晕,半夏秫米汤
肝硬化腹水,甘遂半夏汤
腹水,甘遂半夏汤
头痛,甘遂半夏汤
梅尼埃病,泽泻汤
眩晕,泽泻汤
脱水,泽泻汤
高血压,泽泻汤
食管癌,控涎丹
腹泻,控涎丹
心力衰竭,茯苓桂枝白术甘草汤
脂肪肝,茯苓桂枝白术甘草汤
心病心绞痛,茯苓桂枝白术甘草汤
肥胖症,茯苓桂枝白术甘草汤
抑郁症,导痰汤
慢性胃炎,导痰汤
出血性脑卒中,导痰汤
心病心绞痛,导痰汤
眩晕,升阳除湿防风汤
溃疡性结肠炎,升阳除湿防风汤
心力衰竭,鸡鸣散
水肿,鸡鸣散
慢性乙型肝炎,甘露消毒丹
血症,甘露消毒丹
扁桃体炎,甘露消毒丹
传染性单核细胞增多症,甘露消毒丹
湿疹,甘露消毒丹
动脉粥样硬化,连朴饮
水肿,连朴饮
腹泻,藿朴夏苓汤
慢性胃炎,藿朴夏苓汤
手足口病,藿朴夏苓汤
脱水,藿朴夏苓汤
功能性消化不良,藿朴夏苓汤
慢性前列腺炎,萆薢分清饮
前列腺增生,萆薢分清饮
血症,萆薢分清饮
尿频,栝楼瞿麦丸
前列腺增生,化阴煎
白血病,化阴煎
泌尿系结石,石韦散
肾结石,石韦散
急性膀胱炎,石韦散
尿急,石韦散
尿频,石韦散
热淋,五淋散
尿路感染,五淋散
尿频,五淋散
尿急,五淋散
血尿,五淋散
羊水过多,千金鲤鱼汤
水肿,千金鲤鱼汤
腹水,千金鲤鱼汤
早产,千金鲤鱼汤
新生儿黄疸,茵陈五苓散
甲型肝炎,茵陈五苓散
痛风,茵陈五苓散
前列腺增生,通关丸
肝硬化腹水,通关丸
神经源性膀胱,通关丸
腹水,通关丸
水肿,五皮散
肝硬化,五皮散
腹水,五皮散
骨折,五皮散
肾病综合征,五皮散
腹泻,五皮散
肝硬化腹水,导水茯苓汤
肺心病,导水茯苓汤
心力衰竭,导水茯苓汤
水肿,导水茯苓汤
腹水,导水茯苓汤
腰痛,甘草干姜茯苓白术汤
尿频,甘草干姜茯苓白术汤
腹泻,钱氏白术散
轮状病毒肠炎,钱氏白术散
肠易激综合征,钱氏白术散
幽门螺杆菌感染,钱氏白术散
腹痛,钱氏白术散
肺心病,实脾散
水肿,实脾散
慢性支气管炎,实脾散
腹水,实脾散
肝硬化,实脾散
肝癌,实脾散
痛风,防己茯苓汤
类风湿关节炎,防己茯苓汤
脂肪肝,胃苓汤
血症,胃苓汤
肾病综合征,胃苓汤
水肿,胃苓汤
带状疱疹,胃苓汤
腹泻,胃苓汤
痤疮,胃苓汤
湿疹,胃苓汤
尿路感染,猪苓汤
肾病综合征,猪苓汤
乙肝,猪苓汤
肝硬化腹水,猪苓汤
乙型肝炎,猪苓汤
腹水,猪苓汤
肝硬化,四苓散
腹泻,四苓散
水肿,四苓散
中风,回生再造丸
风湿,回生再造丸
类风湿关节炎,回生再造丸
风湿,小活络丹
骨折,小活络丹
中风,小活络丹
膝骨关节炎,小活络丹
脑梗死,小活络丹
类风湿关节炎,大活络丹
强直性脊柱炎,大活络丹
骨关节炎,大活络丹
中风,大活络丹
血尿,大活络丹
痛风,大秦艽汤
风湿,大秦艽汤
面神经麻痹,大秦艽汤
脑梗死,大秦艽汤
痛风,宣痹汤
强直性脊柱炎,宣痹汤
风湿,桑枝虎杖汤
骨关节炎,桑枝虎杖汤
酒精性心肌病,桑枝虎杖汤
类风湿关节炎,豨桐丸
骨关节炎,豨桐丸
膝骨关节炎,豨桐丸
坐骨神经痛,身痛逐瘀汤
骨关节炎,身痛逐瘀汤
腰椎间盘突出症,身痛逐瘀汤
面神经麻痹,身痛逐瘀汤
三叉神经痛,身痛逐瘀汤
腰痛,身痛逐瘀汤
强直性脊柱炎,除湿蠲痹汤
风湿,除湿蠲痹汤
类风湿关节炎,除湿蠲痹汤
风湿,薏苡仁汤
类风湿关节炎,薏苡仁汤
纤维肌痛,薏苡仁汤
痛风,薏苡仁汤
腰椎间盘突出症,薏苡仁汤
风湿,防风汤
类风湿关节炎,防风汤
腰椎间盘突出症,防风汤
神经性皮炎,防风汤
类风湿关节炎,桂枝芍药知母汤
风湿,桂枝芍药知母汤
纤维肌痛,桂枝芍药知母汤
坐骨神经痛,桂枝芍药知母汤
股骨头坏死,桂枝芍药知母汤
麻疹,桂枝芍药知母汤
心力衰竭,桂枝芍药知母汤
痛风,桂枝附子汤
类风湿关节炎,桂枝附子汤
病窦综合征,桂枝附子汤
痛风性关节炎,桂枝附子汤
风湿性关节炎,白术附子汤
类风湿关节炎,白术附子汤
便秘,白术附子汤
颈椎病,黄芪桂枝五物汤
失眠,黄芪桂枝五物汤
耳鸣,黄芪桂枝五物汤
耳聋,黄芪桂枝五物汤
腰酸,黄芪桂枝五物汤
血尿,黄芪桂枝五物汤
类风湿关节炎,五痹汤
类风湿关节炎,蠲痹汤
膝骨关节炎,蠲痹汤
强直性脊柱炎,蠲痹汤
颈椎病,蠲痹汤
类风湿,蠲痹汤
头痛,蠲痹汤
类风湿关节炎,乌头汤
类风湿,乌头汤
膝骨关节炎,附子汤
慢性心力衰竭,附子汤
流产,苎根汤
腹痛,苎根汤
腰酸,苎根汤
流产,胶艾汤
黄体功能不全,胶艾汤
胃溃疡,柏叶汤
功能失调性子宫出血,崩证极验方
月经过多,清经散
黄体功能不全,清经散
痔,地榆散
功能失调性子宫出血,荆芩四物汤
腹痛,知柏四物汤
功能失调性子宫出血,知柏四物汤
经前期综合征,知柏四物汤
血尿,知柏四物汤
肺结核,三鲜饮
十二指肠溃疡,三鲜饮
过敏性紫癜,三鲜饮
再生障碍性贫血,三鲜饮
子宫肌瘤,三鲜饮
功能失调性子宫出血,三鲜饮
肺结核,咳血方
咯血,咳血方
特发性血小板减少性紫癜,四生丸
干眼病,除风益损汤
青光眼,除风益损汤
静脉炎,跌打丸
水肿,跌打丸
子宫肌瘤,理冲汤
早衰,理冲汤
功能失调性子宫出血,理冲汤
脂肪肝,通瘀煎
子宫内膜异位症,通瘀煎
心病心绞痛,通瘀煎
乳腺增生,温经汤
产后出血,宫外孕方
流产,宫外孕方
输卵管炎,桂枝茯苓丸
多囊卵巢综合征,桂枝茯苓丸
子宫肌瘤,桂枝茯苓丸
血精症,桂枝茯苓丸
慢性乙型肝炎,鳖甲煎丸
肝癌,鳖甲煎丸
血管性痴呆,鳖甲煎丸
肝硬化,大黄蛰虫丸
乳腺增生,大黄蛰虫丸
子宫肌瘤,大黄蛰虫丸
慢性乙型肝炎,大黄蛰虫丸
乙肝,大黄蛰虫丸
多囊卵巢综合征,当归芍药散
卵巢囊肿,当归芍药散
梅尼埃病,当归芍药散
失眠,当归芍药散
类风湿关节炎,复方当归注射液
眩晕,复方当归注射液
类风湿关节炎,复方丹参注射液
病毒性心肌炎,复方丹参注射液
过敏性紫癜性肾炎,复方丹参注射液
心病心绞痛,复方丹参注射液
偏头痛,丹参饮
慢性胃炎,丹参饮
心病心绞痛,丹参饮
脑震荡,柴胡细辛汤
偏头痛,柴胡细辛汤
头痛,柴胡细辛汤
原发性痛经,活络效灵丹
类风湿关节炎,当归拈痛汤
痤疮,当归拈痛汤
静脉炎,当归拈痛汤
心病心绞痛,失笑散
萎缩性胃炎,失笑散
上消化道出血,失笑散
食管炎,失笑散
原发性痛经,失笑散
瘙痒症,当归饮子
湿疹,当归饮子
荨麻疹,当归饮子
神经性皮炎,当归饮子
荨麻疹,助阳止痒汤
痛风性关节炎,桃红饮
流产,脱花煎
肝硬化,下瘀血汤
卵巢囊肿,下瘀血汤
心病心绞痛,下瘀血汤
静脉血栓形成,下瘀血汤
肝硬化腹水,下瘀血汤
血栓形成后综合征,下瘀血汤
血症,抵当汤
慢性肾衰竭,抵当汤
水肿,抵当汤
便秘,抵当汤
偏头痛,通窍活血汤
眩晕,通窍活血汤
颈椎病,通窍活血汤
缺血性脑卒中,通窍活血汤
慢性咽炎,会厌逐瘀汤
声带小结,会厌逐瘀汤
咳嗽,会厌逐瘀汤
中风,会厌逐瘀汤
原发性痛经,少腹逐瘀汤
子宫内膜异位症,少腹逐瘀汤
子宫肌瘤,少腹逐瘀汤
便秘,桃红四物汤
慢性肾功能衰竭,桃红四物汤
顽固性呃逆,丁香柿蒂汤
食管炎,丁香柿蒂汤
食管炎,橘皮竹茹汤
妊娠剧吐,橘皮竹茹汤
食管炎,小半夏汤
梅尼埃病,小半夏汤
便秘,小半夏汤
头痛,小半夏汤
眩晕,小半夏汤
耳鸣,小半夏汤
耳聋,小半夏汤
精索静脉曲张,暖肝煎
慢性阑尾炎,暖肝煎
原发性痛经,暖肝煎
子宫内膜异位症,橘核丸
腹痛,橘核丸
慢性前列腺炎,天台乌药散
慢性阑尾炎,天台乌药散
前列腺炎,天台乌药散
便秘,四磨汤
肺心病,四磨汤
心力衰竭,四磨汤
功能性消化不良,四磨汤
心悸,四磨汤
带状疱疹,金铃子散
食管炎,金铃子散
胆囊炎,金铃子散
萎缩性胃炎,失笑丸
功能性消化不良,失笑丸
胆囊炎,失笑丸
肝硬化腹水,中满分消丸
腹水,中满分消丸
慢性胃炎,黄连汤
食管炎,黄连汤
萎缩性胃炎,黄连汤
胃扭转,芍药甘草汤
腹痛,芍药甘草汤
哮喘,芍药甘草汤
百日咳,芍药甘草汤
坐骨神经痛,芍药甘草汤
血栓性静脉炎,芍药甘草汤
不安腿综合征,芍药甘草汤
萎缩性胃炎,芍药甘草汤
尿毒症,芍药甘草汤
焦虑症,柴胡加龙骨牡蛎汤
抑郁症,柴胡加龙骨牡蛎汤
失眠,柴胡加龙骨牡蛎汤
心悸,柴胡加龙骨牡蛎汤
高血压,柴胡加龙骨牡蛎汤
失眠症,柴胡加龙骨牡蛎汤
心病心绞痛,柴胡加龙骨牡蛎汤
肝硬化腹水,己椒苈黄丸
腹水,己椒苈黄丸
乙型肝炎,禹功散
肝硬化腹水,禹功散
腹水,禹功散
睾丸鞘膜积液,禹功散
痛风性关节炎,疏凿饮子
肾病综合征,疏凿饮子
腰椎间盘突出症,疏凿饮子
萎缩性胃炎,通幽汤
便秘,通幽汤
食管癌,通幽汤
便秘,济川煎
便秘,五仁丸
肠易激综合征,五仁丸
小儿厌食,五仁丸
便秘,半硫丸
咳嗽,柴前梅连散
肺结核,秦艽鳖甲散
咳嗽,秦艽鳖甲散
盗汗,秦艽鳖甲散
肺结核,清骨散
感冒,蒿芩清胆汤
系统性红斑狼疮,蒿芩清胆汤
急性阑尾炎,蒿芩清胆汤
胆囊炎,蒿芩清胆汤
慢性乙型肝炎,蒿芩清胆汤
咳嗽,蒿芩清胆汤
功能性消化不良,蒿芩清胆汤
便秘,蒿芩清胆汤
带状疱疹,蒿芩清胆汤
更年期综合征,蒿芩清胆汤
眩晕,蒿芩清胆汤
失眠,蒿芩清胆汤
心悸,蒿芩清胆汤
遗尿,清心莲子饮
肾盂肾炎,清心莲子饮
肾小球肾炎,清心莲子饮
病毒性心肌炎,清宫汤
头痛,清震汤
肾病综合征,三豆饮子
皮炎,三豆饮子
黄褐斑,三豆饮子
干燥综合征,清燥汤
痛风性关节炎,二妙散
非淋菌性尿道炎,二妙散
湿疹,二妙散
脓疱疮,二妙散
慢性前列腺炎,当归贝母苦参丸
前列腺增生,当归贝母苦参丸
便秘,当归贝母苦参丸
溃疡性结肠炎,香连化滞丸
细菌性痢疾,香连化滞丸
放射性直肠炎,葛根黄芩黄连汤
腹泻,葛根黄芩黄连汤
痤疮,栀子柏皮汤
上呼吸道感染,银黄片
咳嗽,银黄片
手足口病,清瘟败毒饮
脓毒症,清瘟败毒饮
肾综合征出血热,清瘟败毒饮
银屑病,清瘟败毒饮
玫瑰糠疹,化斑汤
过敏性紫癜,化斑汤
痛风,神犀丹
头痛,竹叶汤
咳嗽,竹叶汤
便秘,竹叶汤
自汗,竹叶汤
贫血,竹叶汤
心悸,竹叶汤
失眠,三物黄芩汤
盗汗,三物黄芩汤
类风湿关节炎,清络饮
乙肝,清络饮
偏头痛,清空膏
头痛,清空膏
蛔虫病,连附六一汤
哮喘,连附六一汤
上呼吸道感染,连附六一汤
小儿泄泻,连附六一汤
上呼吸道感染,清凉涤暑法
感冒,清凉涤暑法
食管炎,竹叶石膏汤
病毒性心肌炎,竹叶石膏汤
口腔溃疡,竹叶石膏汤
心悸,竹叶石膏汤
2型糖尿病,竹叶石膏汤
血尿,竹叶石膏汤
抑郁症,栀子豉汤
焦虑症,栀子豉汤
失眠,栀子豉汤
食管炎,栀子豉汤
失眠症,栀子豉汤
感冒,石膏汤
高热,石膏汤
输尿管结石,大金花丸
2型糖尿病,白虎加人参汤
高热,白虎加人参汤
感冒,桂枝加大黄汤
荨麻疹,桂枝加大黄汤
风疹,桂枝加大黄汤
慢性阑尾炎,桂枝加大黄汤
胃扭转,桂枝加大黄汤
肠梗阻,桂枝加大黄汤
腹痛,桂枝加大黄汤
便秘,桂枝加大黄汤
脑梗死,小续命汤
高血压,小续命汤
面神经麻痹,小续命汤
中风,小续命汤
感冒,再造散
上呼吸道感染,参苏饮
麻疹,宣毒发表汤
高热,宣毒发表汤
手足口病,竹叶柳蒡汤
肾小球肾炎,竹叶柳蒡汤
口腔溃疡,竹叶柳蒡汤
麻疹,升麻葛根汤
荨麻疹,升麻葛根汤
腹泻,升麻葛根汤
高热,升麻葛根汤
脱水,升麻葛根汤
头痛,菊花茶调散
偏头痛,菊花茶调散
眩晕,菊花茶调散
痄腮,羌蓝汤
三叉神经痛,清上蠲痛汤
头痛,清上蠲痛汤
头痛,散偏汤
偏头痛,散偏汤
多囊卵巢综合征,散偏汤
闭经,散偏汤
高血压,侯氏黑散
脑梗死,侯氏黑散
中风,侯氏黑散
扁桃体炎,升降散
细菌性肺炎,升降散
脓毒症,升降散
更年期综合征,桂枝加龙骨牡蛎汤
窦性心动过缓,桂枝加龙骨牡蛎汤
房室传导阻滞,桂枝加龙骨牡蛎汤
感冒,双解散
荨麻疹,双解散
生殖器疱疹,双解散
哮喘,防风通圣散
肥胖症,防风通圣散
荨麻疹,防风通圣散
痤疮,防风通圣散
医院获得性肺炎,防风通圣散
上呼吸道感染,神术散
腹泻,神术散
咳嗽,神术散
咽炎,香薷散
腹泻,香薷散
心悸,桂枝去芍药加蜀漆牡蛎龙骨救逆汤
感冒,香苏散
腹痛,香苏散
感冒,葱豉汤
高热,葱豉汤
类风湿关节炎,五积散
多囊卵巢综合征,五积散
荨麻疹,五积散
上呼吸道感染,午时茶
弱视,午时茶
功能性消化不良,午时茶
胃溃疡,午时茶
十二指肠溃疡,午时茶
腹痛,午时茶
感冒,葛根汤
腹泻,葛根汤
颈椎病,葛根汤
面瘫,葛根汤
脱水,葛根汤
上呼吸道感染,荆防败毒散
流行性腮腺炎,荆防败毒散
水痘,荆防败毒散
感冒,荆防败毒散
疱疹性角膜炎,荆防败毒散
感冒,柴葛解肌汤
头痛,柴葛解肌汤
单纯疱疹,柴葛解肌汤
头痛,栝楼桂枝汤
颈椎病,栝楼桂枝汤
中风,栝楼桂枝汤
哮喘,桂枝加厚朴杏子汤
心力衰竭,桂枝加厚朴杏子汤
咳嗽,桂枝加厚朴杏子汤
类风湿关节炎,越婢汤
水肿,越婢汤
头痛,桂枝加葛根汤
颈椎病,桂枝加葛根汤
帕金森病,桂枝加葛根汤
腹痛,桂枝加芍药汤
十二指肠溃疡,桂枝加芍药汤
不安腿综合征,桂枝加芍药汤
咳嗽,麻黄附子细辛汤
哮喘,麻黄附子细辛汤
荨麻疹,麻黄附子细辛汤
风湿,麻黄附子细辛汤
老年人支气管哮喘,麻黄附子细辛汤
高血压,麻黄附子细辛汤
风湿性关节炎,麻黄附子细辛汤
早衰,二仙汤
肾小球肾炎,二仙汤
尿频,补肾强身片
前列腺肥大症,补肾强身片
性功能障碍,补肾强身片
不孕不育,补肾强身片
弱精子症,五子补肾丸
阳痿,五子补肾丸
肾虚,五子补肾丸
不孕不育,五子补肾丸
早泄,五子补肾丸
精液异常,五子补肾丸
闭经,五子补肾丸
功能失调性子宫出血,五子补肾丸
更年期综合征,五子补肾丸
肾病综合征,五子补肾丸
遗尿,五子补肾丸
口腔溃疡,五子补肾丸
闭经,毓麟珠
阳痿,赞育丹
遗尿,菟丝子丸
闭经,菟丝子丸
肾病综合征,无比山药丸
尿频,无比山药丸
尿急,无比山药丸
水肿,无比山药丸
前列腺增生,济生肾气丸
肾小球肾炎,济生肾气丸
神经源性膀胱,济生肾气丸
水肿,济生肾气丸
老年性痴呆,龟鹿二仙胶
精液异常,龟鹿二仙胶
再生障碍性贫血,龟鹿二仙胶
贫血,龟鹿二仙胶
不孕不育,右归饮
多囊卵巢综合征,右归饮
强直性脊柱炎,右归饮
股骨头坏死,右归饮
哮喘,右归饮
眩晕,右归饮
类风湿关节炎,右归饮
类风湿,右归饮
更年期综合征,右归丸
多囊卵巢综合征,右归丸
勃起功能障碍,右归丸
阿尔茨海默病,右归丸
骨质疏松,右归丸
再生障碍性贫血,右归丸
慢性支气管炎,右归丸
甲状腺功能减退症,右归丸
腹痛,右归丸
阳痿,右归丸
肾虚,右归丸
性功能障碍,全鹿丸
子宫脱垂,全鹿丸
尿频,全鹿丸
遗尿,全鹿丸
慢性肾衰竭,全鹿丸
十二指肠溃疡,全鹿丸
萎缩性胃炎,全鹿丸
心悸,全鹿丸
便秘,增液汤
咳嗽,增液汤
慢性咽炎,增液汤
口腔溃疡,增液汤
慢性牙周炎,增液汤
萎缩性胃炎,增液汤
高血压,增液汤
干燥综合征,增液汤
瘙痒症,增液汤
