﻿酢浆草,清热燥湿药,herb_belong_to
醉鱼草,驱虫药,herb_belong_to
走马胎,祛风湿强筋药,herb_belong_to
棕榈,收敛止血药,herb_belong_to
自然铜,活血止痛药,herb_belong_to
紫珠叶,收敛止血药,herb_belong_to
紫苑,止咳平喘药,herb_belong_to
紫玉簪,拔毒生肌药,herb_belong_to
紫苏子,润下药,herb_belong_to
紫苏叶,辛温解表药,herb_belong_to
紫苏梗,理气药,herb_belong_to
紫石英,重镇安神药,herb_belong_to
紫梢花,补阳药,herb_belong_to
紫花前胡,辛凉解表药,herb_belong_to
紫花地丁,清热解毒药,herb_belong_to
紫河车,补气药,herb_belong_to
紫草茸,清热解毒药,herb_belong_to
紫草,清热凉血药,herb_belong_to
紫贝齿,平抑肝阳药,herb_belong_to
梓实,利水消肿药,herb_belong_to
苎麻根,凉血止血药,herb_belong_to
竹叶椒,温里药,herb_belong_to
竹茹,清化热痰药,herb_belong_to
竹沥,清热泻火药,herb_belong_to
竹节参,补气药,herb_belong_to
猪牙皂,温化寒痰药,herb_belong_to
猪苓,利尿通淋药,herb_belong_to
猪胆粉,止咳平喘药,herb_belong_to
珠子参,化瘀止血药,herb_belong_to
朱砂根,清热解毒药,herb_belong_to
朱砂,重镇安神药,herb_belong_to
重楼,清热解毒药,herb_belong_to
肿节风,清热凉血药,herb_belong_to
钟乳石,补阳药,herb_belong_to
炙黄芪,补气药,herb_belong_to
炙甘草,补气药,herb_belong_to
枳实,理气药,herb_belong_to
枳壳,理气药,herb_belong_to
枳椇子,利尿通淋药,herb_belong_to
蜘蛛香,理气药,herb_belong_to
栀子,清热泻火药,herb_belong_to
知母,清热泻火药,herb_belong_to
珍珠母,平抑肝阳药,herb_belong_to
珍珠,重镇安神药,herb_belong_to
浙贝母,清化热痰药,herb_belong_to
赭石,平抑肝阳药,herb_belong_to
掌叶半夏,温化寒痰药,herb_belong_to
长春花,清热解毒药,herb_belong_to
樟脑,开窍药,herb_belong_to
樟木,温里药,herb_belong_to
樟柳头,利水消肿药,herb_belong_to
泽泻,利尿通淋药,herb_belong_to
泽漆,利水消肿药,herb_belong_to
泽兰,活血调经药,herb_belong_to
皂角刺,杀虫止痒药,herb_belong_to
皂角,涌吐药,herb_belong_to
芸薹子,活血调经药,herb_belong_to
云南草蔻,暂无,herb_belong_to
粤丝瓜络,清热凉血药,herb_belong_to
月季花,活血调经药,herb_belong_to
远志,养心安神药,herb_belong_to
芫荽子,辛温解表药,herb_belong_to
芫花,峻下逐水药,herb_belong_to
元宝草,暂无,herb_belong_to
预知子,活血止痛药,herb_belong_to
郁李仁,润下药,herb_belong_to
郁金,活血止痛药,herb_belong_to
玉竹,补阴药,herb_belong_to
玉叶金花,清热解毒药,herb_belong_to
玉米须,利水消肿药,herb_belong_to
禹州漏芦,清热解毒药,herb_belong_to
禹余粮,敛肺涩肠药,herb_belong_to
鱼腥草,清热解毒药,herb_belong_to
余甘子,消食药,herb_belong_to
油松节,祛风湿强筋药,herb_belong_to
迎春花,清热解毒药,herb_belong_to
鹰不泊,利水消肿药,herb_belong_to
樱桃核,辛温解表药,herb_belong_to
罂粟壳,敛肺涩肠药,herb_belong_to
淫羊藿,补阳药,herb_belong_to
银杏叶,敛肺涩肠药,herb_belong_to
银耳,补阴药,herb_belong_to
银柴胡,敛肺涩肠药,herb_belong_to
茵陈,利湿退黄药,herb_belong_to
阴香皮,温里药,herb_belong_to
阴香根,暂无,herb_belong_to
翼首草,清热解毒药,herb_belong_to
薏苡仁,利尿通淋药,herb_belong_to
益智,固精缩尿止带药,herb_belong_to
益母草,活血调经药,herb_belong_to
伊贝母,止咳平喘药,herb_belong_to
一枝黄花,辛凉解表药,herb_belong_to
一支箭,清热解毒药,herb_belong_to
一点血,化瘀止血药,herb_belong_to
叶象花,温经止血药,herb_belong_to
叶下珠,清热解毒药,herb_belong_to
野棉花,暂无,herb_belong_to
野马追,止咳平喘药,herb_belong_to
野菊花,清热泻火药,herb_belong_to
洋金花,止咳平喘药,herb_belong_to
阳起石,补阳药,herb_belong_to
羊蹄草,清热解毒药,herb_belong_to
羊蹄,凉血止血药,herb_belong_to
羊耳菊,利水消肿药,herb_belong_to
燕窝,补阴药,herb_belong_to
盐蛇干,息风止痉药,herb_belong_to
岩椒草,辛凉解表药,herb_belong_to
岩参,理气药,herb_belong_to
延胡索,活血止痛药,herb_belong_to
亚麻子,润下药,herb_belong_to
鸭跖草,清热解毒药,herb_belong_to
鸭脚木皮,辛凉解表药,herb_belong_to
鸦胆子,清热解毒药,herb_belong_to
荨麻,息风止痉药,herb_belong_to
寻骨风,祛风湿强筋药,herb_belong_to
血余炭,收敛止血药,herb_belong_to
血竭,化瘀止血药,herb_belong_to
雪上一枝蒿,活血疗伤药,herb_belong_to
旋覆花,温化寒痰药,herb_belong_to
玄明粉,攻下药,herb_belong_to
玄参,清热凉血药,herb_belong_to
萱草根,凉血止血药,herb_belong_to
续断,补阳药,herb_belong_to
徐长卿,祛风湿强筋药,herb_belong_to
熊胆,清热解毒药,herb_belong_to
雄黄,杀虫止痒药,herb_belong_to
辛夷,辛温解表药,herb_belong_to
薤白,理气药,herb_belong_to
缬草,养心安神药,herb_belong_to
小叶莲,活血调经药,herb_belong_to
小通草,利尿通淋药,herb_belong_to
小蓟,凉血止血药,herb_belong_to
小茴香,温里药,herb_belong_to
小飞扬草,清热解毒药,herb_belong_to
小檗皮,暂无,herb_belong_to
小驳骨,祛风湿强筋药,herb_belong_to
香橼,理气药,herb_belong_to
香加皮,祛风湿强筋药,herb_belong_to
香附,理气药,herb_belong_to
相思子,杀虫止痒药,herb_belong_to
仙人掌,清热解毒药,herb_belong_to
仙茅,补阳药,herb_belong_to
仙鹤草,收敛止血药,herb_belong_to
夏天无,活血止痛药,herb_belong_to
夏枯草,清热泻火药,herb_belong_to
霞草,清热凉血药,herb_belong_to
细辛,辛温解表药,herb_belong_to
喜树果,破血消癥药,herb_belong_to
豨莶草,祛风湿强筋药,herb_belong_to
溪黄草,清热燥湿药,herb_belong_to
菥蓂,利水消肿药,herb_belong_to
西洋参,补气药,herb_belong_to
西青果,清热解毒药,herb_belong_to
西红花,活血调经药,herb_belong_to
西河柳,辛温解表药,herb_belong_to
西瓜皮,清热泻火药,herb_belong_to
西番莲,活血止痛药,herb_belong_to
五指毛,补气药,herb_belong_to
五味子,敛肺涩肠药,herb_belong_to
五灵脂,活血止痛药,herb_belong_to
五加皮,祛风湿强筋药,herb_belong_to
五倍子,敛肺涩肠药,herb_belong_to
蜈蚣,息风止痉药,herb_belong_to
梧桐子,消食药,herb_belong_to
吴茱萸,温里药,herb_belong_to
无患子,清热解毒药,herb_belong_to
无花果,清热解毒药,herb_belong_to
无根藤,清热解毒药,herb_belong_to
巫山淫羊藿,补阳药,herb_belong_to
乌药,理气药,herb_belong_to
乌梢蛇,祛风湿强筋药,herb_belong_to
乌梅,敛肺涩肠药,herb_belong_to
乌蔹莓,清热燥湿药,herb_belong_to
乌桕子,暂无,herb_belong_to
问荆,清热凉血药,herb_belong_to
委陵菜,清热解毒药,herb_belong_to
威灵仙,祛风湿散寒药,herb_belong_to
王不留行,活血调经药,herb_belong_to
瓦松,清热解毒药,herb_belong_to
瓦楞子,清化热痰药,herb_belong_to
菟丝子,补阳药,herb_belong_to
兔儿伞,暂无,herb_belong_to
土三七,暂无,herb_belong_to
土人参,补气药,herb_belong_to
土牛膝,活血调经药,herb_belong_to
土木香,理气药,herb_belong_to
土荆皮,杀虫止痒药,herb_belong_to
土荆芥,杀虫止痒药,herb_belong_to
土茯苓,清热燥湿药,herb_belong_to
土党参,补气药,herb_belong_to
土大黄,清热解毒药,herb_belong_to
土鳖虫,活血疗伤药,herb_belong_to
土贝母,拔毒生肌药,herb_belong_to
透骨香,祛风湿散寒药,herb_belong_to
透骨草,祛风湿强筋药,herb_belong_to
通草,利尿通淋药,herb_belong_to
葶苈子,止咳平喘药,herb_belong_to
铁皮石斛,补阴药,herb_belong_to
铁包金,活血止痛药,herb_belong_to
甜瓜子,活血止痛药,herb_belong_to
甜瓜蒂,涌吐药,herb_belong_to
甜地丁,清热解毒药,herb_belong_to
天竺黄,清化热痰药,herb_belong_to
天仙子,养心安神药,herb_belong_to
天仙藤,活血止痛药,herb_belong_to
天山雪莲,补阳药,herb_belong_to
天南星,温化寒痰药,herb_belong_to
天麻,息风止痉药,herb_belong_to
天葵子,清热解毒药,herb_belong_to
天花粉,清热泻火药,herb_belong_to
天胡荽,清热解毒药,herb_belong_to
天冬,补阴药,herb_belong_to
桃枝,活血调经药,herb_belong_to
桃仁,活血调经药,herb_belong_to
檀香,理气药,herb_belong_to
太子参,补气药,herb_belong_to
太白米,理气药,herb_belong_to
太白参,补阴药,herb_belong_to
锁阳,补阳药,herb_belong_to
娑罗子,理气药,herb_belong_to
酸枣仁,养心安神药,herb_belong_to
苏木,活血止痛药,herb_belong_to
苏合香,开窍药,herb_belong_to
松香,清热泻火药,herb_belong_to
松花粉,收敛止血药,herb_belong_to
四叶参,清热解毒药,herb_belong_to
四块瓦,祛风湿散寒药,herb_belong_to
四季青,清热解毒药,herb_belong_to
丝瓜络,活血止痛药,herb_belong_to
水蛭,活血调经药,herb_belong_to
水翁花,清热泻火药,herb_belong_to
水牛角,息风止痉药,herb_belong_to
水茴香,理气药,herb_belong_to
水红花子,破血消癥药,herb_belong_to
水河剑,凉血止血药,herb_belong_to
水飞蓟,清热解毒药,herb_belong_to
水朝阳,辛温解表药,herb_belong_to
水半夏,温化寒痰药,herb_belong_to
双参,活血调经药,herb_belong_to
鼠曲草,止咳平喘药,herb_belong_to
鼠李,清热燥湿药,herb_belong_to
熟地黄,补血药,herb_belong_to
首乌藤,养心安神药,herb_belong_to
柿蒂,理气药,herb_belong_to
使君子,驱虫药,herb_belong_to
石韦,利尿通淋药,herb_belong_to
石蒜,杀虫止痒药,herb_belong_to
石上柏,清热解毒药,herb_belong_to
石楠叶,祛风湿强筋药,herb_belong_to
石南藤,祛风湿强筋药,herb_belong_to
石榴皮,敛肺涩肠药,herb_belong_to
石决明,平抑肝阳药,herb_belong_to
石斛,补阴药,herb_belong_to
石膏,清热泻火药,herb_belong_to
石吊兰,温化寒痰药,herb_belong_to
石菖蒲,开窍药,herb_belong_to
石蝉草,清热解毒药,herb_belong_to
十萼茄,清热解毒药,herb_belong_to
蓍草,活血止痛药,herb_belong_to
生姜皮,利水消肿药,herb_belong_to
生姜,辛温解表药,herb_belong_to
升麻,辛凉解表药,herb_belong_to
肾茶,利尿通淋药,herb_belong_to
伸筋草,祛风湿强筋药,herb_belong_to
麝香,开窍药,herb_belong_to
射干,清热解毒药,herb_belong_to
蛇蜕,息风止痉药,herb_belong_to
蛇莓,清热解毒药,herb_belong_to
蛇床子,补阳药,herb_belong_to
商陆,峻下逐水药,herb_belong_to
山茱萸,固精缩尿止带药,herb_belong_to
山芝麻,清热解毒药,herb_belong_to
山楂叶,活血止痛药,herb_belong_to
山楂,消食药,herb_belong_to
山萸肉,暂无,herb_belong_to
山银花,清热解毒药,herb_belong_to
山药,补气药,herb_belong_to
山柰,温里药,herb_belong_to
山木通,利尿通淋药,herb_belong_to
山麦冬,补阴药,herb_belong_to
山菅兰,拔毒生肌药,herb_belong_to
山豆根,清热解毒药,herb_belong_to
山大颜,拔毒生肌药,herb_belong_to
山慈菇,清热解毒药,herb_belong_to
砂仁,化湿药,herb_belong_to
沙苑子,补阳药,herb_belong_to
沙棘,消食药,herb_belong_to
桑枝,理气药,herb_belong_to
桑叶,辛凉解表药,herb_belong_to
桑椹,补血药,herb_belong_to
桑螵蛸,固精缩尿止带药,herb_belong_to
桑寄生,祛风湿强筋药,herb_belong_to
桑白皮,利水消肿药,herb_belong_to
三丫苦,清热燥湿药,herb_belong_to
三七,化瘀止血药,herb_belong_to
三棱,破血消癥药,herb_belong_to
三棵针,清热燥湿药,herb_belong_to
三分三,祛风湿强筋药,herb_belong_to
三白草,清热解毒药,herb_belong_to
蕤仁,养心安神药,herb_belong_to
乳香,活血止痛药,herb_belong_to
肉桂,温里药,herb_belong_to
肉豆蔻,敛肺涩肠药,herb_belong_to
肉苁蓉,补阳药,herb_belong_to
榕树叶,辛凉解表药,herb_belong_to
日草根,暂无,herb_belong_to
忍冬藤,清热解毒药,herb_belong_to
人参叶,补气药,herb_belong_to
人参,补气药,herb_belong_to
拳参,清热解毒药,herb_belong_to
全蝎,息风止痉药,herb_belong_to
瞿麦,利尿通淋药,herb_belong_to
苘麻子,利水消肿药,herb_belong_to
青叶胆,清热燥湿药,herb_belong_to
青羊参,祛风湿强筋药,herb_belong_to
青葙子,清热泻火药,herb_belong_to
青天葵,清热解毒药,herb_belong_to
青皮,理气药,herb_belong_to
青牛胆,清热解毒药,herb_belong_to
青木香,理气药,herb_belong_to
青礞石,重镇安神药,herb_belong_to
青蒿,清虚热药,herb_belong_to
青果,清热解毒药,herb_belong_to
青风藤,祛风湿强筋药,herb_belong_to
青黛,清热凉血药,herb_belong_to
秦皮,清热燥湿药,herb_belong_to
秦艽,祛风湿清热药,herb_belong_to
羌活,辛温解表药,herb_belong_to
茜草,凉血止血药,herb_belong_to
芡实,固精缩尿止带药,herb_belong_to
前胡,辛凉解表药,herb_belong_to
牵牛子,润下药,herb_belong_to
千日红,止咳平喘药,herb_belong_to
千年健,祛风湿强筋药,herb_belong_to
千里光,清热解毒药,herb_belong_to
千金子,峻下逐水药,herb_belong_to
千斤拔,祛风湿强筋药,herb_belong_to
荠苨,清热解毒药,herb_belong_to
荠菜,凉血止血药,herb_belong_to
七叶一枝花,清热解毒药,herb_belong_to
七叶莲,活血止痛药,herb_belong_to
蒲黄,化瘀止血药,herb_belong_to
蒲公英,清热解毒药,herb_belong_to
平贝母,清化热痰药,herb_belong_to
片姜黄,活血调经药,herb_belong_to
辟汗草,化湿药,herb_belong_to
啤酒花,消食药,herb_belong_to
枇杷叶,止咳平喘药,herb_belong_to
硼砂,拔毒生肌药,herb_belong_to
佩兰,化湿药,herb_belong_to
胖大海,清化热痰药,herb_belong_to
盘龙七,敛肺涩肠药,herb_belong_to
盘龙参,补气药,herb_belong_to
爬山虎,祛风湿强筋药,herb_belong_to
藕节,收敛止血药,herb_belong_to
女贞子,补阴药,herb_belong_to
糯稻根,固表止汗药,herb_belong_to
扭肚藤,清热燥湿药,herb_belong_to
牛至,辛凉解表药,herb_belong_to
牛膝,活血调经药,herb_belong_to
牛黄,息风止痉药,herb_belong_to
牛耳枫,暂无,herb_belong_to
牛大力,祛风湿强筋药,herb_belong_to
牛蒡子,辛凉解表药,herb_belong_to
闹羊花,祛风湿强筋药,herb_belong_to
硇砂,拔毒生肌药,herb_belong_to
南五味子,敛肺涩肠药,herb_belong_to
南天竹叶,清热泻火药,herb_belong_to
南山楂,理气药,herb_belong_to
南沙参,补阴药,herb_belong_to
南鹤虱,驱虫药,herb_belong_to
南瓜子,利水消肿药,herb_belong_to
南板蓝根,暂无,herb_belong_to
木贼,辛凉解表药,herb_belong_to
木香,理气药,herb_belong_to
木通,利尿通淋药,herb_belong_to
木棉花,清热解毒药,herb_belong_to
木槿皮,杀虫止痒药,herb_belong_to
木槿花,清热凉血药,herb_belong_to
木蝴蝶,清化热痰药,herb_belong_to
木瓜,祛风湿强筋药,herb_belong_to
木芙蓉叶,清热凉血药,herb_belong_to
木防己,祛风湿强筋药,herb_belong_to
木耳,凉血止血药,herb_belong_to
木鳖子,清热解毒药,herb_belong_to
牡蛎,平抑肝阳药,herb_belong_to
牡荆叶,止咳平喘药,herb_belong_to
牡蒿,清热凉血药,herb_belong_to
牡丹皮,清热凉血药,herb_belong_to
母丁香,温里药,herb_belong_to
墨旱莲,凉血止血药,herb_belong_to
茉莉花,理气药,herb_belong_to
明党参,平抑肝阳药,herb_belong_to
绵马贯众,驱虫药,herb_belong_to
绵萆薢,利尿通淋药,herb_belong_to
密蒙花,清热泻火药,herb_belong_to
猕猴桃,利水消肿药,herb_belong_to
虻虫,破血消癥药,herb_belong_to
梅花,理气药,herb_belong_to
玫瑰花,理气药,herb_belong_to
没药,活血止痛药,herb_belong_to
毛诃子,清热解毒药,herb_belong_to
毛草龙,清热燥湿药,herb_belong_to
猫爪草,温化寒痰药,herb_belong_to
芒硝,攻下药,herb_belong_to
蔓荆子,辛凉解表药,herb_belong_to
满山红,止咳平喘药,herb_belong_to
麦芽,消食药,herb_belong_to
麦冬,补阴药,herb_belong_to
马尾连,暂无,herb_belong_to
马蹄金,清热燥湿药,herb_belong_to
马桑根,祛风湿强筋药,herb_belong_to
马钱子,活血疗伤药,herb_belong_to
马蔺子,凉血止血药,herb_belong_to
马兰,凉血止血药,herb_belong_to
马兜铃,止咳平喘药,herb_belong_to
马齿苋,清热解毒药,herb_belong_to
马勃,清热解毒药,herb_belong_to
马鞭草,活血调经药,herb_belong_to
马宝,重镇安神药,herb_belong_to
麻油,润下药,herb_belong_to
麻黄根,固表止汗药,herb_belong_to
麻黄,辛温解表药,herb_belong_to
葎草,利尿通淋药,herb_belong_to
绿豆,清热解毒药,herb_belong_to
落地生根,凉血止血药,herb_belong_to
络石藤,祛风湿强筋药,herb_belong_to
萝芙木,清热泻火药,herb_belong_to
罗勒,暂无,herb_belong_to
罗汉果,清热解毒药,herb_belong_to
罗布麻叶,平抑肝阳药,herb_belong_to
路路通,祛风湿强筋药,herb_belong_to
鹿药,补阳药,herb_belong_to
鹿衔草,祛风湿强筋药,herb_belong_to
鹿茸,补阳药,herb_belong_to
陆英,活血止痛药,herb_belong_to
炉甘石,拔毒生肌药,herb_belong_to
芦荟,攻下药,herb_belong_to
芦根,清热泻火药,herb_belong_to
漏芦,清热解毒药,herb_belong_to
龙眼肉,补气药,herb_belong_to
龙涎香,理气药,herb_belong_to
龙脷叶,止咳平喘药,herb_belong_to
龙葵,清热解毒药,herb_belong_to
龙骨,平抑肝阳药,herb_belong_to
龙胆,清热泻火药,herb_belong_to
龙齿,重镇安神药,herb_belong_to
六月寒,辛温解表药,herb_belong_to
六神曲,消食药,herb_belong_to
六棱菊,祛风湿散寒药,herb_belong_to
柳枝,利水消肿药,herb_belong_to
硫黄,补阳药,herb_belong_to
刘寄奴,活血调经药,herb_belong_to
羚羊角,息风止痉药,herb_belong_to
凌霄花,活血调经药,herb_belong_to
灵芝,补气药,herb_belong_to
灵香草,驱虫药,herb_belong_to
蓼大青叶,清热解毒药,herb_belong_to
两头尖,祛风湿强筋药,herb_belong_to
两面针,活血止痛药,herb_belong_to
凉粉草,清热凉血药,herb_belong_to
莨菪叶,暂无,herb_belong_to
莲子心,养心安神药,herb_belong_to
莲子,固精缩尿止带药,herb_belong_to
莲房,化瘀止血药,herb_belong_to
连翘,清热解毒药,herb_belong_to
连钱草,利尿通淋药,herb_belong_to
荔枝核,理气药,herb_belong_to
藜芦,涌吐药,herb_belong_to
藜,清热燥湿药,herb_belong_to
雷丸,驱虫药,herb_belong_to
雷公藤,祛风湿强筋药,herb_belong_to
了哥王,清热解毒药,herb_belong_to
老鹳草,祛风湿强筋药,herb_belong_to
榔榆皮,清热解毒药,herb_belong_to
狼毒,杀虫止痒药,herb_belong_to
蓝布正,补阴药,herb_belong_to
莱菔子,消食药,herb_belong_to
辣蓼,化湿药,herb_belong_to
辣椒,温里药,herb_belong_to
昆布,止咳平喘药,herb_belong_to
款冬花,止咳平喘药,herb_belong_to
宽筋藤,祛风湿强筋药,herb_belong_to
苦玄参,清热解毒药,herb_belong_to
苦杏仁,止咳平喘药,herb_belong_to
苦石莲,活血止痛药,herb_belong_to
苦木,清热解毒药,herb_belong_to
苦荬菜,暂无,herb_belong_to
苦楝皮,驱虫药,herb_belong_to
苦瓜,清热泻火药,herb_belong_to
苦丁茶,清热凉血药,herb_belong_to
苦地丁,清热解毒药,herb_belong_to
苦地胆,清热解毒药,herb_belong_to
苦参,清热燥湿药,herb_belong_to
榼藤子,敛肺涩肠药,herb_belong_to
决明子,清虚热药,herb_belong_to
卷柏,活血调经药,herb_belong_to
橘核,敛肺涩肠药,herb_belong_to
菊苣,利水消肿药,herb_belong_to
菊花,辛凉解表药,herb_belong_to
桔梗,清化热痰药,herb_belong_to
救必应,清热燥湿药,herb_belong_to
韭菜子,补阳药,herb_belong_to
九香虫,理气药,herb_belong_to
九龙藤,活血止痛药,herb_belong_to
九里香,理气药,herb_belong_to
九层塔,辛温解表药,herb_belong_to
景天三七,化瘀止血药,herb_belong_to
荆芥,辛温解表药,herb_belong_to
锦灯笼,清热解毒药,herb_belong_to
筋骨草,清热解毒药,herb_belong_to
金樱子,固精缩尿止带药,herb_belong_to
金银花,清热解毒药,herb_belong_to
金铁锁,祛风湿强筋药,herb_belong_to
金丝草,利水消肿药,herb_belong_to
金荞麦,清热解毒药,herb_belong_to
金钱草,利尿通淋药,herb_belong_to
金钱白花蛇,祛风湿强筋药,herb_belong_to
金礞石,重镇安神药,herb_belong_to
金莲花,清热解毒药,herb_belong_to
金果榄,清热解毒药,herb_belong_to
金沸草,温化寒痰药,herb_belong_to
芥子,温化寒痰药,herb_belong_to
绞股蓝,补气药,herb_belong_to
椒目,利水消肿药,herb_belong_to
降香,理气药,herb_belong_to
僵蚕,息风止痉药,herb_belong_to
姜黄,活血止痛药,herb_belong_to
剑花,清化热痰药,herb_belong_to
假芫茜,辛温解表药,herb_belong_to
檵木叶,收敛止血药,herb_belong_to
寄生黄,理气药,herb_belong_to
蒺藜,息风止痉药,herb_belong_to
急性子,破血消癥药,herb_belong_to
吉祥草,清热解毒药,herb_belong_to
积雪草,清热燥湿药,herb_belong_to
鸡爪大黄,攻下药,herb_belong_to
鸡眼草,清热解毒药,herb_belong_to
鸡血藤,活血调经药,herb_belong_to
鸡矢藤,祛风湿强筋药,herb_belong_to
鸡内金,消食药,herb_belong_to
鸡冠花,收敛止血药,herb_belong_to
鸡骨香,暂无,herb_belong_to
鸡骨草,利湿退黄药,herb_belong_to
鸡蛋花,清热泻火药,herb_belong_to
藿香,理气药,herb_belong_to
火炭母,清热燥湿药,herb_belong_to
火麻仁,攻下药,herb_belong_to
回回蒜,暂无,herb_belong_to
黄药子,清热解毒药,herb_belong_to
黄藤,清热解毒药,herb_belong_to
黄蜀葵,利水消肿药,herb_belong_to
黄芩,清热燥湿药,herb_belong_to
黄芪,补气药,herb_belong_to
黄皮核,理气药,herb_belong_to
黄连,清热燥湿药,herb_belong_to
黄精,补阴药,herb_belong_to
黄荆子,辛温解表药,herb_belong_to
黄花倒水莲,活血调经药,herb_belong_to
黄柏,清热燥湿药,herb_belong_to
槐枝,清热燥湿药,herb_belong_to
槐角,凉血止血药,herb_belong_to
槐花,凉血止血药,herb_belong_to
化橘红,理气药,herb_belong_to
滑石,利尿通淋药,herb_belong_to
华山参,温化寒痰药,herb_belong_to
花蕊石,化瘀止血药,herb_belong_to
花椒,温里药,herb_belong_to
琥珀,重镇安神药,herb_belong_to
虎杖,利湿退黄药,herb_belong_to
虎耳草,清热凉血药,herb_belong_to
槲寄生,祛风湿强筋药,herb_belong_to
湖北贝母,清化热痰药,herb_belong_to
葫芦茶,清热解毒药,herb_belong_to
葫芦,利水消肿药,herb_belong_to
胡颓子叶,止咳平喘药,herb_belong_to
胡荽,辛温解表药,herb_belong_to
胡芦巴,补阳药,herb_belong_to
胡椒,温里药,herb_belong_to
胡黄连,清虚热药,herb_belong_to
厚朴花,化湿药,herb_belong_to
厚朴,化湿药,herb_belong_to
猴耳环,清热解毒药,herb_belong_to
红鱼眼,活血止痛药,herb_belong_to
红药子,收敛止血药,herb_belong_to
红天葵,清热凉血药,herb_belong_to
红丝线,清热凉血药,herb_belong_to
红曲,消食药,herb_belong_to
红芪,固表止汗药,herb_belong_to
红景天,补气药,herb_belong_to
红花,活血调经药,herb_belong_to
红粉,拔毒生肌药,herb_belong_to
红豆蔻,温里药,herb_belong_to
红大戟,峻下逐水药,herb_belong_to
红参,补气药,herb_belong_to
黑种草子,利尿通淋药,herb_belong_to
黑芝麻,补血药,herb_belong_to
黑豆,利水消肿药,herb_belong_to
鹤虱,驱虫药,herb_belong_to
鹤草芽,活血止痛药,herb_belong_to
核桃仁,补阳药,herb_belong_to
荷叶,清热凉血药,herb_belong_to
何首乌,润下药,herb_belong_to
合欢皮,养心安神药,herb_belong_to
合欢花,养心安神药,herb_belong_to
诃子,敛肺涩肠药,herb_belong_to
汉桃叶,活血止痛药,herb_belong_to
蔊菜,辛温解表药,herb_belong_to
海藻,清化热痰药,herb_belong_to
海芋,清热解毒药,herb_belong_to
海桐皮,祛风湿强筋药,herb_belong_to
海螵蛸,固精缩尿止带药,herb_belong_to
海马,补阳药,herb_belong_to
海龙,补阳药,herb_belong_to
海金沙,利尿通淋药,herb_belong_to
海蛤壳,清化热痰药,herb_belong_to
海浮石,清化热痰药,herb_belong_to
海风藤,祛风湿强筋药,herb_belong_to
海参,补血药,herb_belong_to
蛤蚧,补阳药,herb_belong_to
桂枝,辛温解表药,herb_belong_to
桂皮,温里药,herb_belong_to
桂花,温化寒痰药,herb_belong_to
鬼针草,清热解毒药,herb_belong_to
鬼箭羽,活血调经药,herb_belong_to
龟甲,补阴药,herb_belong_to
广枣,养心安神药,herb_belong_to
广升麻,辛凉解表药,herb_belong_to
广山药,补气药,herb_belong_to
广昆布,利水消肿药,herb_belong_to
广金钱草,利尿通淋药,herb_belong_to
广藿香,化湿药,herb_belong_to
广东紫荆皮,暂无,herb_belong_to
广东王不留行,活血调经药,herb_belong_to
广东土牛膝,清热解毒药,herb_belong_to
广东络石藤,祛风湿强筋药,herb_belong_to
广东刘寄奴,活血调经药,herb_belong_to
广东狼毒,清热解毒药,herb_belong_to
广东合欢花,养心安神药,herb_belong_to
广东海桐皮,祛风湿强筋药,herb_belong_to
广东海风藤,祛风湿强筋药,herb_belong_to
贯众,清热解毒药,herb_belong_to
贯叶金丝桃,利尿通淋药,herb_belong_to
关黄柏,清热燥湿药,herb_belong_to
瓜子金,活血止痛药,herb_belong_to
瓜蒌,清化热痰药,herb_belong_to
骨碎补,活血止痛药,herb_belong_to
谷芽,消食药,herb_belong_to
谷精草,辛凉解表药,herb_belong_to
枸杞子,补阴药,herb_belong_to
枸骨叶,平抑肝阳药,herb_belong_to
狗肾,补阳药,herb_belong_to
狗脊,祛风湿强筋药,herb_belong_to
狗肝菜,清热解毒药,herb_belong_to
钩藤,息风止痉药,herb_belong_to
功劳木,清热燥湿药,herb_belong_to
葛根,辛凉解表药,herb_belong_to
藁本,辛温解表药,herb_belong_to
高良姜,温里药,herb_belong_to
杠板归,清热解毒药,herb_belong_to
岗稔根,理气药,herb_belong_to
岗梅根,暂无,herb_belong_to
干漆,活血调经药,herb_belong_to
干姜,温里药,herb_belong_to
甘遂,峻下逐水药,herb_belong_to
甘肃丹参,活血调经药,herb_belong_to
甘松,理气药,herb_belong_to
甘草,补气药,herb_belong_to
覆盆子,固精缩尿止带药,herb_belong_to
附子,温里药,herb_belong_to
浮小麦,清虚热药,herb_belong_to
浮萍,辛凉解表药,herb_belong_to
茯神,养心安神药,herb_belong_to
茯苓,利水消肿药,herb_belong_to
扶桑花,清热解毒药,herb_belong_to
扶芳藤,祛风湿强筋药,herb_belong_to
伏龙肝,收敛止血药,herb_belong_to
佛手,理气药,herb_belong_to
佛甲草,清热解毒药,herb_belong_to
凤眼果,消食药,herb_belong_to
凤尾草,清热解毒药,herb_belong_to
凤凰衣,补阴药,herb_belong_to
蜂房,杀虫止痒药,herb_belong_to
枫香脂,拔毒生肌药,herb_belong_to
粉葛,辛凉解表药,herb_belong_to
粉萆薢,利尿通淋药,herb_belong_to
榧子,驱虫药,herb_belong_to
飞天蠄蟧,清热燥湿药,herb_belong_to
飞龙掌血,化瘀止血药,herb_belong_to
防己,祛风湿清热药,herb_belong_to
防风草,辛温解表药,herb_belong_to
防风,辛温解表药,herb_belong_to
方解石,清热泻火药,herb_belong_to
翻白草,清热解毒药,herb_belong_to
番泻叶,润下药,herb_belong_to
番石榴叶,清热燥湿药,herb_belong_to
儿茶,收敛止血药,herb_belong_to
鹅不食草,辛温解表药,herb_belong_to
峨参,活血止痛药,herb_belong_to
莪术,破血消癥药,herb_belong_to
断血流,收敛止血药,herb_belong_to
杜仲叶,补阳药,herb_belong_to
杜仲,补阳药,herb_belong_to
独一味,活血止痛药,herb_belong_to
独脚金,清热泻火药,herb_belong_to
独活,祛风湿散寒药,herb_belong_to
豆蔻,化湿药,herb_belong_to
豆豉姜,祛风湿散寒药,herb_belong_to
冬凌草,活血止痛药,herb_belong_to
冬葵子,利尿通淋药,herb_belong_to
冬葵果,利水消肿药,herb_belong_to
冬瓜皮,利水消肿药,herb_belong_to
冬虫夏草,补阳药,herb_belong_to
东风橘,暂无,herb_belong_to
丁香罗勒油,暂无,herb_belong_to
丁香,温里药,herb_belong_to
丁公藤,祛风湿散寒药,herb_belong_to
颠茄草,暂无,herb_belong_to
地榆,凉血止血药,herb_belong_to
地桃花,清热解毒药,herb_belong_to
地稔根,收敛止血药,herb_belong_to
地龙,息风止痉药,herb_belong_to
地锦草,清热解毒药,herb_belong_to
鲜地黄,清热凉血药,herb_belong_to
生地黄,清热凉血药,herb_belong_to
地骨皮,清热凉血药,herb_belong_to
地肤子,利尿通淋药,herb_belong_to
地枫皮,祛风湿强筋药,herb_belong_to
地耳草,清热燥湿药,herb_belong_to
地不容,清热解毒药,herb_belong_to
灯盏细辛,辛温解表药,herb_belong_to
灯心草,利尿通淋药,herb_belong_to
稻芽,消食药,herb_belong_to
倒扣草,利尿通淋药,herb_belong_to
刀豆,温里药,herb_belong_to
党参,补气药,herb_belong_to
当药,清热燥湿药,herb_belong_to
当归,补血药,herb_belong_to
淡竹叶,清热泻火药,herb_belong_to
淡豆豉,辛凉解表药,herb_belong_to
胆南星,清化热痰药,herb_belong_to
胆矾,涌吐药,herb_belong_to
单叶蔓荆子,辛凉解表药,herb_belong_to
丹参,活血调经药,herb_belong_to
玳瑁,息风止痉药,herb_belong_to
大枣,补气药,herb_belong_to
大叶紫珠,化瘀止血药,herb_belong_to
大叶桉叶,清热燥湿药,herb_belong_to
大血藤,活血止痛药,herb_belong_to
大蒜,温里药,herb_belong_to
大青叶,清热解毒药,herb_belong_to
大青盐,清热泻火药,herb_belong_to
大蓟,凉血止血药,herb_belong_to
大戟,峻下逐水药,herb_belong_to
大黄,攻下药,herb_belong_to
大腹皮,利水消肿药,herb_belong_to
大风子,杀虫止痒药,herb_belong_to
大风艾,祛风湿散寒药,herb_belong_to
大飞扬草,清热解毒药,herb_belong_to
大豆黄卷,辛凉解表药,herb_belong_to
大驳骨,活血疗伤药,herb_belong_to
翠云草,清热解毒药,herb_belong_to
楤木,祛风湿强筋药,herb_belong_to
葱子,补阳药,herb_belong_to
葱白,辛温解表药,herb_belong_to
刺苋菜,凉血止血药,herb_belong_to
刺五加,补气药,herb_belong_to
刺猬皮,理气药,herb_belong_to
磁石,重镇安神药,herb_belong_to
椿皮,清热燥湿药,herb_belong_to
春不见,清热解毒药,herb_belong_to
垂盆草,利湿退黄药,herb_belong_to
穿心莲,清热解毒药,herb_belong_to
穿山龙,祛风湿强筋药,herb_belong_to
穿山甲,活血调经药,herb_belong_to
穿破石,祛风湿清热药,herb_belong_to
川续断,暂无,herb_belong_to
川芎,活血止痛药,herb_belong_to
川乌,祛风湿散寒药,herb_belong_to
川射干,清热解毒药,herb_belong_to
川牛膝,活血调经药,herb_belong_to
川木香,理气药,herb_belong_to
川木通,利尿通淋药,herb_belong_to
川楝子,理气药,herb_belong_to
川贝母,清化热痰药,herb_belong_to
楮实子,补气药,herb_belong_to
臭梧桐,祛风湿强筋药,herb_belong_to
臭牡丹,清热解毒药,herb_belong_to
臭灵丹草,清热解毒药,herb_belong_to
虫牙药,活血止痛药,herb_belong_to
虫白蜡,收敛止血药,herb_belong_to
茺蔚子,活血调经药,herb_belong_to
赤小豆,利水消肿药,herb_belong_to
赤石脂,敛肺涩肠药,herb_belong_to
赤芍,清热凉血药,herb_belong_to
陈皮,理气药,herb_belong_to
沉香,理气药,herb_belong_to
车前草,利尿通淋药,herb_belong_to
常山,涌吐药,herb_belong_to
蟾酥,开窍药,herb_belong_to
蝉蜕,辛凉解表药,herb_belong_to
蝉花,平抑肝阳药,herb_belong_to
柴胡,辛凉解表药,herb_belong_to
侧柏叶,凉血止血药,herb_belong_to
草乌叶,清热解毒药,herb_belong_to
草乌,祛风湿散寒药,herb_belong_to
草果,化湿药,herb_belong_to
草豆蔻,化湿药,herb_belong_to
藏菖蒲,消食药,herb_belong_to
苍术,化湿药,herb_belong_to
苍耳子,辛温解表药,herb_belong_to
蚕沙,祛风湿强筋药,herb_belong_to
布渣叶,清热泻火药,herb_belong_to
补骨脂,补阳药,herb_belong_to
卜芥,清热解毒药,herb_belong_to
博落回,杀虫止痒药,herb_belong_to
冰片,开窍药,herb_belong_to
槟榔,驱虫药,herb_belong_to
鳖甲,补阴药,herb_belong_to
扁蓄,利尿通淋药,herb_belong_to
蓖麻子,润下药,herb_belong_to
荜澄茄,温里药,herb_belong_to
荜茇,温里药,herb_belong_to
北沙参,补阴药,herb_belong_to
北刘寄奴,活血调经药,herb_belong_to
北豆根,清热解毒药,herb_belong_to
暴马丁香,清化热痰药,herb_belong_to
薄荷,辛凉解表药,herb_belong_to
半枝莲,清热解毒药,herb_belong_to
半夏,清热燥湿药,herb_belong_to
半枫荷,祛风湿散寒药,herb_belong_to
半边莲,清热解毒药,herb_belong_to
板蓝根,清热解毒药,herb_belong_to
斑蝥,破血消癥药,herb_belong_to
败酱草,清热解毒药,herb_belong_to
柏子仁,养心安神药,herb_belong_to
百合,补阴药,herb_belong_to
百部,止咳平喘药,herb_belong_to
白芷,辛温解表药,herb_belong_to
白英,祛风湿清热药,herb_belong_to
白药子,清热解毒药,herb_belong_to
白鲜皮,清热燥湿药,herb_belong_to
白薇,清热凉血药,herb_belong_to
白头翁,清热凉血药,herb_belong_to
白苏子,润下药,herb_belong_to
白术,补气药,herb_belong_to
白首乌,补血药,herb_belong_to
白石英,重镇安神药,herb_belong_to
白石花,凉血止血药,herb_belong_to
白芍,补血药,herb_belong_to
白屈菜,止咳平喘药,herb_belong_to
白前,止咳平喘药,herb_belong_to
白茅根,凉血止血药,herb_belong_to
白马骨,清热解毒药,herb_belong_to
白蔹,清热解毒药,herb_belong_to
白兰花,止咳平喘药,herb_belong_to
白芥子,利水消肿药,herb_belong_to
白及,收敛止血药,herb_belong_to
白花银背藤,暂无,herb_belong_to
白花蛇舌草,清热解毒药,herb_belong_to
白花丹,活血止痛药,herb_belong_to
白鹤灵芝,杀虫止痒药,herb_belong_to
白果,固精缩尿止带药,herb_belong_to
白附子,温化寒痰药,herb_belong_to
白矾,清热燥湿药,herb_belong_to
白扁豆,补气药,herb_belong_to
白背叶根,清热燥湿药,herb_belong_to
菝葜,利尿通淋药,herb_belong_to
巴戟天,补阳药,herb_belong_to
巴豆,峻下逐水药,herb_belong_to
八楞木,活血止痛药,herb_belong_to
八角莲,拔毒生肌药,herb_belong_to
八角茴香,温里药,herb_belong_to
八角枫,活血止痛药,herb_belong_to
桉叶油,辛凉解表药,herb_belong_to
安息香,开窍药,herb_belong_to
艾叶,温经止血药,herb_belong_to
矮地茶,止咳平喘药,herb_belong_to
阿魏,理气药,herb_belong_to
阿胶,补血药,herb_belong_to
