﻿厚朴七物汤,"厚朴, 甘草, 大黄, 大枣, 枳实, 桂枝, 生姜","急性胰腺炎, 肠梗阻, 哮喘, 胃扭转, 慢性胰腺炎, 腹痛, 功能性消化不良"
桂枝人参汤,"桂枝, 甘草, 白术, 人参, 干姜","感冒, 慢性胃炎, 慢性胰腺炎"
乌头桂枝汤,"乌头, 桂枝, 甘草, 生姜, 大枣","腹痛, 感冒, 十二指肠溃疡, 胆囊炎, 溃疡性结肠炎, 类风湿关节炎, 强直性脊柱炎"
麻黄连翘赤小豆汤,"麻黄, 连翘, 杏仁, 赤小豆, 大枣, 生姜, 甘草","伤寒, 急性胆囊炎, 肾盂肾炎, 肾病综合征, 神经性皮炎"
文蛤汤,"文蛤, 麻黄, 甘草, 生姜, 石膏, 杏仁, 大枣","伤寒, 感冒, 哮喘, 荨麻疹, 风疹, 慢性输尿管炎"
柴胡桂枝汤,"桂枝, 黄芩, 人参, 甘草, 半夏, 大枣, 生姜, 柴胡","感冒, 脂肪肝, 慢性胰腺炎, 精神分裂症, 高血压, 更年期综合征, 神经性皮炎"
一物瓜蒂散,瓜蒂,"中暑, 风湿热, 胆囊炎, 慢性咽炎"
文蛤散,文蛤,"慢性胃炎, 慢性胰腺炎, 甲状腺功能亢进症"
黄芪芍药桂枝苦酒汤,"黄芪, 桂枝","痈, 多汗症, 神经性皮炎, 瘙痒症"
白虎加桂枝汤,"知母, 石膏, 甘草, 粳米, 桂枝","风湿热, 类风湿关节炎, 甲状腺功能亢进症, 糖尿病酮症酸中毒"
麻黄杏仁薏苡甘草汤,"麻黄, 杏仁, 薏苡仁, 甘草",风湿热
麻黄加术汤,"麻黄, 桂枝, 甘草, 杏仁, 白术","感冒, 慢性阻塞性肺疾病, 强直性脊柱炎"
桂枝二越婢一汤,"桂枝, 麻黄, 甘草, 大枣, 生姜, 石膏","感冒, 荨麻疹"
桂枝麻黄各半汤,"桂枝, 生姜, 甘草, 麻黄, 大枣, 杏仁","伤寒, 感冒, 荨麻疹, 风疹, 干燥综合征"
桂枝二麻黄一汤,"桂枝, 麻黄, 生姜, 杏仁, 甘草, 大枣",感冒
逍遥散,"五灵脂, 川芎, 桃仁, 红花, 生地, 当归, 赤芍, 枳壳, 桔梗, 甘草, 柴胡, 玄参","偏头痛, 肠易激综合征, 功能性消化不良, 子宫肌瘤, 经前期综合征, 抑郁症, 腹痛"
膈下逐瘀汤,"蒺藜, 芡实, 莲须, 龙骨, 牡蛎","急性胰腺炎, 子宫内膜异位症"
金锁固精丸,"茯苓, 杏仁, 甘草","早泄, 乳糜尿, 重症肌无力, 慢性前列腺炎, 糖尿病肾病, 尿失禁"
茯苓杏仁甘草汤,"枳实, 厚朴, 薤白, 桂枝, 栝楼","哮喘, 肺气肿"
枳实薤白桂枝汤,"桔梗, 巴豆, 贝母",慢性阻塞性肺疾病
三物白散,葶苈子,"肺脓肿, 哮喘, 腹膜炎, 肝硬化腹水, 肾病综合征"
葶苈丸,杏仁,"高血压, 慢性支气管炎, 哮喘"
杏子汤,"半夏, 紫参, 泽漆, 生姜, 甘草, 黄芩, 人参, 桂枝",慢性阻塞性肺疾病
泽漆汤,"附子, 干姜, 甘草","哮喘, 病毒性肺炎, 百日咳, 肾病综合征, 湿疹, 荨麻疹, 神经性皮炎"
四逆汤,"麦门冬, 人参, 五味子","心肌梗死, 心力衰竭, 病毒性心肌炎, 缺血性脑卒中, 慢性支气管炎, 慢性胃炎, 精神分裂症"
生脉散,"人参, 白茯苓, 山药, 白术, 白扁豆, 甘草","心力衰竭, 扩张型心肌病, 2型糖尿病"
六神散,"人参, 白茯苓, 白术, 藿香, 木香, 甘草, 葛根","慢性胃炎, 小儿厌食"
七味白术散,"人参, 白术, 白茯苓, 广陈皮, 山楂, 甘草, 山药, 黄连, 薏苡仁, 白扁豆, 白豆蔻, 藿香, 莲肉, 泽泻, 桔梗, 芡实, 麦芽","小儿厌食, 2型糖尿病"
资生丸,"防风, 黄芪, 白术","功能性消化不良, 慢性胃炎, 溃疡性结肠炎, 小儿厌食"
玉屏风散,"黄芪, 半夏, 人参, 甘草, 独活, 防风, 白芍, 羌活, 陈皮, 茯苓, 柴胡, 泽泻, 白术, 黄连","荨麻疹, 哮喘, 慢性支气管炎, 感冒"
升阳益胃汤,"黄芪, 甘草, 人参, 当归, 酒, 橘皮, 升麻, 柴胡, 白术","荨麻疹, 胆囊炎"
补中益气汤,"甘草, 生姜, 人参, 生地黄, 桂枝, 阿胶, 麦门冬, 大枣","重症肌无力, 乳糜尿, 子宫脱垂, 眼睑下垂, 慢性胃炎, 骨质疏松"
炙甘草汤,"人参, 黄芪, 白术, 当归, 陈皮, 五味子, 肉桂, 甘草, 生姜, 红枣","期前收缩, 心力衰竭, 扩张型心肌病, 病毒性心肌炎"
拯阳理劳汤,"人参, 黄芪, 甘草, 肉桂","窦性心动过缓, 重症肌无力"
保元汤,"醋, 五倍子, 蜈蚣, 蜂蜜, 梅花, 冰片",心力衰竭
黑布药膏,人参,瘢痕疙瘩
独参汤,"人参, 白术, 茯苓, 甘草, 陈皮, 半夏, 木香, 砂仁, 生姜","产后出血, 心肌梗死"
香砂六君子汤,"人参, 白术, 茯苓, 甘草, 陈皮","胃溃疡, 萎缩性胃炎, 肠易激综合征"
异功散,"人参, 白术, 茯苓, 甘草, 陈皮, 半夏, 大枣, 生姜","小儿厌食, 慢性胃炎, 萎缩性胃炎"
六君子汤,"人参, 白术, 茯苓, 甘草","功能性消化不良, 慢性阻塞性肺气肿, 腹痛, 慢性阻塞性肺疾病, 慢性胃炎, 缺铁性贫血, 类风湿关节炎, 萎缩性胃炎, 高血压"
四君子汤,"麻黄, 桂枝, 甘草, 杏仁, 石膏, 生姜, 大枣","慢性胃炎, 十二指肠溃疡, 乙型肝炎, 功能性消化不良, 慢性支气管炎"
大青龙汤,"麻黄, 细辛, 干姜, 甘草, 桂枝, 五味子, 半夏","感冒, 哮喘"
小青龙汤,"地骨皮, 桑白皮, 甘草","慢性支气管炎, 哮喘, 肺气肿, 肺水肿, 肺心病"
泻白散,"旋覆花, 人参, 生姜, 代赭石, 甘草, 半夏, 大枣","麻疹, 百日咳"
旋覆代赭汤,"桃仁, 红花, 当归, 生地黄, 川芎, 赤芍, 牛膝, 桔梗, 柴胡, 枳壳, 甘草","慢性胃炎, 胃扩张, 十二指肠溃疡"
血府逐瘀汤,"生地黄, 小蓟, 滑石, 蒲黄, 藕节, 淡竹叶, 当归, 栀子, 木通, 甘草",脑震荡
小蓟饮子,"当归, 生地黄, 防风, 蝉蜕, 知母, 苦参, 胡麻, 荆芥, 苍术, 牛蒡子, 石膏, 甘草, 木通",精囊炎
消风散,"柴胡, 黄芩, 人参, 半夏, 甘草, 生姜, 大枣","风疹, 湿疹, 荨麻疹, 神经性皮炎, 疥疮"
小柴胡汤,"黄连, 半夏","伤寒, 感冒, 疟疾, 肝硬化, 胆囊炎, 胆结石, 急性胰腺炎, 乳腺炎, 睾丸炎, 胃溃疡"
小陷胸汤,"熟地黄, 白芥子, 鹿角胶, 肉桂, 麻黄",慢性胃炎
阳和汤,"苏叶, 杏仁, 半夏, 茯苓, 陈皮, 桔梗, 枳壳, 甘草, 生姜, 大枣","骨膜炎, 血栓闭塞性脉管炎"
杏苏散,"桑叶, 杏仁, 沙参, 象贝, 香豉","感冒, 慢性支气管炎, 肺气肿"
桑杏汤,"石膏, 熟地黄, 麦冬, 知母, 牛膝","慢性支气管炎, 咯血, 百日咳"
玉女煎,"地黄, 山茱萸, 山药, 泽泻, 茯苓, 牡丹皮, 桂枝, 附子",舌炎
金匮肾气丸,"金银花, 连翘, 桔梗, 薄荷, 荆芥, 淡豆豉, 牛蒡子","哮喘, 前列腺增生"
银翘散,"茵陈, 栀子, 大黄","感冒, 扁桃体炎, 麻疹"
茵陈蒿汤,"马齿苋, 凤尾草","胆囊炎, 钩端螺旋体病"
紫雪,"朱砂, 黄连, 甘草, 生地黄, 当归","流行性脑脊髓膜炎, 猩红热"
朱砂安神丸,"朱砂, 雄黄, 玳瑁, 琥珀, 麝香, 龙脑, 金箔, 银箔, 牛黄, 安息香","神经衰弱, 抑郁症, 汞中毒"
至宝丹,"石膏, 知母, 甘草, 粳米",尿毒症
白虎汤,"桂枝, 甘草, 生姜, 大枣",感冒
桂枝汤,"大黄, 黄连, 黄芩","感冒, 荨麻疹, 瘙痒症, 冻疮, 腹痛, 慢性肾功能衰竭, 更年期综合征, 梅尼埃病, 哮喘, 面神经麻痹, 银屑病, 白癜风, 颈椎病, 类风湿关节炎"
止嗽散,"怀牛膝, 赭石, 龙骨, 牡蛎, 龟甲, 玄参, 天冬, 川楝子, 麦芽, 茵陈, 甘草","哮喘, 慢性支气管炎, 百日咳, 感冒"
镇肝熄风汤,"羌活, 独活, 藁本, 防风, 甘草, 川芎, 蔓荆子","高血压, 帕金森病, 慢性胃炎, 哮喘, 脱水"
羌活胜湿汤,"茯苓, 白芍, 白术, 生姜, 附子","颈椎病, 面神经麻痹, 偏头痛, 过敏性紫癜, 感冒, 脱水"
真武汤,"石膏, 轻粉, 赤石脂, 龙骨, 血竭, 乳香, 樟脑","心力衰竭, 2型糖尿病, 糖尿病肾病, 慢性肾功能衰竭, 慢性支气管炎, 梅尼埃病, 糖尿病视网膜病变, 肝硬化"
生肌散,"磁石, 母丁香, 丁香, 全蝎, 僵蚕, 蜈蚣, 蜘蛛, 麝香, 牛黄, 冰片","溃疡性结肠炎, 糖尿病足"
黑虎丹,"雄黄, 硫黄, 蛇床子, 石黄, 轻粉",血栓闭塞性脉管炎
三品一条枪,"五倍子, 朴硝, 桑寄生, 莲房, 荆芥","肛瘘, 化脓性骨髓炎, 痔, 颈部淋巴结结核"
枯痔散,"紫草, 冰片","鼻息肉, 子宫脱垂, 痔"
三黄洗剂,大黄,"皮肤念珠菌病, 湿疹, 带状疱疹, 脓疱疮, 尖锐湿疣"
一扫光,"黄柏, 轻粉, 滑石","头癣, 疥疮, 神经性皮炎, 湿疹, 银屑病, 带状疱疹"
鹅黄散,"大黄, 硫黄",药物过敏
颠倒散,"蟾酥, 硇砂, 轻粉, 丁香, 蜈蚣, 雄黄, 朱砂, 乳香, 麝香",脂溢性皮炎
立马回疔丹,"川芎, 附子, 桂枝, 大黄, 当归, 肉桂, 草乌, 川乌, 僵蚕, 赤芍, 白芷, 白蔹, 乳香, 没药, 续断, 防风, 荆芥, 五灵脂, 木香, 香橼, 陈皮, 麝香, 麻油",蜂窝织炎
鲫鱼膏,"珍珠, 牛黄, 琥珀, 龙骨, 轻粉, 冰片, 炉甘石",乳腺炎
黑退消,"桃仁, 木香, 牛膝, 川朴, 赤芍, 大黄",颈部淋巴结结核
太乙膏,"草乌, 赤芍, 白芷, 天南星, 肉桂","流行性腮腺炎, 乳腺炎"
大黄甘遂汤,"川朴, 木香, 莱菔子, 当归, 肉苁蓉, 乌药, 桃仁, 赤芍, 芒硝, 番泻叶, 党参, 黄精","肝硬化, 流产, 横位"
肠粘连缓解汤,"大黄, 厚朴, 枳实, 芒硝",肠梗阻
大承气汤,"柴胡, 人参, 鳖甲, 秦艽, 地骨皮, 半夏, 紫菀, 甘草, 当归","肠梗阻, 急性胆囊炎, 急性胰腺炎, 腹痛, 食管癌"
桂枝加黄芪汤,"甘草, 大黄, 麻黄",感冒
大造丸,"石膏, 灵药","哮喘, 勃起功能障碍"
九一丹,"生地黄, 黄芪, 熟地黄, 甘草, 天门冬, 麦门冬, 石斛, 枇杷叶, 枳壳, 泽泻, 人参","肛门直肠周围脓肿, 肛瘘, 尖锐湿疣, 疣"
易筒地黄饮子,"磁石, 熟地黄, 山茱萸, 牡丹皮, 山药, 茯苓, 泽泻, 五味子, 石菖蒲","慢性支气管炎, 肺结核"
丁桂散,"松香, 巴豆, 蓖麻, 杏仁, 乳香, 没药, 铜绿","功能性消化不良, 肠梗阻, 痛风性关节炎, 慢性前列腺炎"
千捶膏,"麻黄, 附子, 透骨草, 红花, 干姜, 桂枝, 牛膝, 白芷, 荆芥, 防风, 木瓜, 羌活, 独活","扁桃体炎, 流行性腮腺炎, 骨折, 开放性骨折"
坎离砂,"黄柏, 大黄, 五倍子","慢性腰肌劳损, 颈椎病"
铁箍散,,"蜂窝织炎, 丹毒"
玉露散,"天花粉, 大黄, 黄柏, 姜黄, 白芷, 天南星, 陈皮, 苍术, 厚朴, 甘草","蜂窝织炎, 丹毒, 附睾炎, 带状疱疹"
金黄散,"香附, 川芎, 苍术, 神曲, 栀子","丹毒, 乳腺炎, 蜂窝织炎, 血栓闭塞性脉管炎, 足癣"
越鞠丸,"羌活, 独活, 玄参, 赤芍, 穿山甲, 生地黄, 两头尖, 大黄, 白芷, 天麻, 红花, 槐枝, 柳枝, 桃枝, 木鳖子, 头发",功能性消化不良
神仙化痞膏,"皂角, 细辛","卵巢囊肿, 肝硬化"
通关散,半夏,"尿潴留, 意识障碍"
苦酒汤,"白芍, 当归, 川芎, 黄柏, 知母, 天花粉, 熟地黄, 玄参, 桔梗, 竹沥",慢性咽炎
金果饮,"当归, 熟地黄, 生地黄, 天门冬, 黄柏, 知母, 麦门冬, 玄参, 白茯苓, 诃子, 阿胶, 牛乳, 乌梅",感冒
铁笛丸,"桔梗, 诃子, 甘草, 青黛, 硼砂, 冰片",慢性咽炎
清音丸,"桔梗, 栀子, 黄芩, 桑白皮, 甘草, 知母, 贝母",慢性咽炎
银翘马勃散,"玄参, 荆芥, 滑石, 黄连, 砂仁, 白茯苓, 贯众, 甘草, 山豆根, 寒水石, 硼砂","手足口病, 扁桃体炎"
清热泻脾散,"藿香, 石膏, 甘草, 防风",手足口病
泻黄散,"当归, 生地黄, 川芎, 赤芍, 黄芩, 茯苓, 陈皮, 红花","脂溢性皮炎, 过敏性紫癜, 手足口病, 小儿厌食, 腹痛"
凉血四物汤,"荆芥, 蔓荆子, 菊花, 白芷, 麻黄, 桃仁, 红花, 防风, 川芎, 当归, 草决明, 石决明, 白芍, 甘草","过敏性紫癜, 结节性红斑"
泻青丸,"黄芪, 当归, 熟地黄, 川芎, 白芍, 人参, 茯苓, 甘草, 麦门冬, 肉桂, 远志, 生姜, 大枣",疱疹性角膜炎
内补黄芪汤,"人参, 白术, 穿山甲, 白芷, 升麻, 甘草, 当归, 黄芪, 皂角刺, 青皮",化脓性骨髓炎
托里透脓汤,"皂角刺, 黄芪, 甘草, 乳香",痈
透脓散,"附子, 人参, 黄芪, 当归, 川芎, 茯苓, 枸杞, 陈皮, 木香, 甘草, 紫草, 厚朴, 苍术, 红花, 独活","扁桃体炎, 乳腺炎"
六应丸,"犀黄, 麝香, 乳香, 没药","智齿冠周炎, 淋巴结肿大"
犀黄丸,"薏苡仁, 黄柏, 牡丹皮, 泽泻, 滑石, 通草",食管癌
萆薢渗湿汤,"黄芪, 石斛, 当归, 金银花, 牛膝, 紫花地丁, 蒲公英, 菊花, 人参, 甘草","痛风, 湿疹, 结节性红斑, 丹毒"
顾步汤,"金银花, 玄参, 当归, 甘草",血栓闭塞性脉管炎
四妙勇安汤,"金银花, 僵蚕, 连翘, 羌活, 独活, 小茴香, 藿香, 丁香, 木香, 沉香, 甘草","动脉粥样硬化, 心肌梗死"
五香流气饮,"金银花, 紫花地丁, 茯苓, 车前子, 牛膝",血栓性静脉炎
五神汤,"牛蒡子, 花粉, 黄芩, 栀子, 连翘, 金银花, 陈皮, 青皮, 柴胡",丹毒
瓜蒌牛蒡汤,"枇杷叶, 桑白皮, 黄连, 黄柏, 人参, 甘草",乳腺炎
枇杷清肺饮,"牛蒡子, 薄荷, 荆芥, 连翘, 栀子, 牡丹皮, 石斛, 玄参, 夏枯草",脂溢性皮炎
牛蒡解肌汤,"野菊花, 苍耳, 稀莶, 地丁, 麻黄","流行性腮腺炎, 急性咽炎"
七星剑,"当归, 红花, 生地黄, 赤芍, 川芎, 紫草","丹毒, 痈"
当归活血汤,"黄连, 当归, 槟榔, 木香, 黄芩, 薄荷, 栀子, 桔梗, 甘草, 连翘","近视, 血栓性静脉炎"
银花解毒汤,金银花,流行性腮腺炎
银花甘草汤,"金银花, 野菊花, 蒲公英, 紫花地丁, 天葵子",药疹
五味消毒饮,"赤小豆, 当归","痛风性关节炎, 银屑病, 胃溃疡, 慢性前列腺炎, 幽门螺杆菌感染"
薏苡附子败酱散,人参芦,"慢性前列腺炎, 溃疡性结肠炎, 湿疹"
参芦散,"皂荚, 白矾",慢性支气管炎
甘草粉蜜汤,槟榔,肠梗阻
驱绦汤,"神曲, 黄连, 肉豆蔻, 使君子, 麦芽, 槟榔, 木香",绦虫病
肥儿丸,"鹤虱, 槟榔, 苦楝, 白矾","小儿厌食, 荨麻疹"
化虫丸,"人参, 白术, 茯苓, 干姜, 花椒, 乌梅",滴虫性阴道炎
安蛔汤,"使君子, 厚朴, 陈皮, 川芎","胆道蛔虫病, 哮喘"
使君子丸,"木香, 槟榔, 大黄, 使君子, 苦楝皮, 厚朴, 延胡索",腹痛
胆道蛔虫汤,"川椒, 乌梅, 白芍, 人参, 黄连, 黄芩, 干姜, 半夏, 枳实",胆道蛔虫病
椒梅汤,"山药, 芡实, 黄柏, 车前子, 白果","溃疡性结肠炎, 过敏性紫癜"
易黄汤,"当归, 川芎, 白术, 人参, 山药, 杜仲, 香附, 牡蛎, 续断, 青黛",细菌性阴道病
清带汤,"白术, 山药, 人参, 白芍, 车前子, 苍术, 甘草, 陈皮, 柴胡",慢性前列腺炎
完带汤,白茯苓,"肠易激综合征, 滴虫性阴道炎, 腹痛"
威喜丸,"牡蛎, 菟丝子, 龙骨, 五味子, 韭子, 桑螵蛸, 白茯苓, 白石",乳糜尿
秘精丸,"远志, 山药, 芡实, 枣仁, 白术, 茯苓, 甘草, 人参, 五味子, 金樱子",早泄
秘元煎,"当归, 白芍, 白术, 甘草, 人参, 麦门冬, 川芎, 肉桂, 附子, 肉苁蓉, 半夏, 黄芪, 茯苓, 熟地黄","慢性前列腺炎, 乳糜尿"
固真丸,"人参, 天门冬, 熟地黄, 黄柏, 砂仁, 甘草",早泄
三才封髓丹,"菟丝子, 白茯苓, 莲子","早泄, 脊髓空洞症, 慢性乙型肝炎"
茯菟丸,"桑螵蛸, 远志, 菖蒲, 龙骨, 人参, 茯神, 当归, 龟甲",乳糜尿
桑螵蛸散,"芡实, 金樱子","糖尿病肾病, 尿失禁"
水陆二仙丹,"山药, 芡, 龙骨, 牡蛎, 生地黄, 党参","糖尿病肾病, 神经衰弱, 精囊炎, 早泄"
膏淋汤,"莲花, 黄连, 白茯苓, 砂仁, 益智仁, 半夏, 黄柏, 甘草, 猪苓",乳糜尿
巩堤丸,"菟丝子, 茴香, 附子, 桑螵蛸, 戎盐",尿失禁
固脬丸,"石榴皮, 黄连, 地榆, 醋, 罂粟壳, 茯苓",尿失禁
固肠汤,"米壳, 橘皮, 干姜, 诃子","肠易激综合征, 放射性直肠炎"
诃子皮散,"人参, 莲肉, 菟丝子, 五味子, 山茱萸, 山药, 车前子, 肉豆蔻, 橘红, 巴戟天, 补骨脂",腹痛
脾肾双补丸,"人参, 当归, 白术, 肉豆蔻, 白芍, 诃子, 肉桂, 甘草, 木香, 罂粟壳",再生障碍性贫血
真人养脏汤,"赤石脂, 干姜, 粳米",溃疡性结肠炎
桃花汤,"赤石脂, 禹余粮",溃疡性结肠炎
黄芪建中汤,"桂枝, 甘草, 龙骨, 牡蛎","萎缩性胃炎, 胃溃疡"
交泰丸,"天门冬, 麦门冬, 贝母, 胆南星, 橘红, 远志, 石菖蒲, 连翘, 茯苓, 茯神, 元参, 钩藤, 丹参, 辰砂",血管性痴呆
生铁落饮,"百合, 生地黄",更年期综合征
百合地黄汤,"甘草, 小麦, 大枣","瘙痒症, 抑郁症, 失眠症, 更年期综合征, 焦虑症"
甘草小麦大枣汤,"龟板, 龙骨, 远志, 菖蒲","更年期综合征, 抑郁症, 失眠症"
孔圣枕中丹,"茯苓, 茯神, 人参, 远志, 石菖蒲, 龙齿",神经衰弱
安神定志丸,"珍珠母, 当归, 熟地黄, 人参, 酸枣, 柏子仁, 犀角, 茯神, 沉香, 龙齿","抑郁症, 窦性心动过缓"
养心汤,"酸枣仁, 甘草, 知母, 茯苓, 川芎","心力衰竭, 产后抑郁症"
酸枣仁汤,"黄连, 黄芩, 阿胶",紧张性头痛
黄连阿胶汤,"蝉蜕, 天南星, 天麻, 全虫, 僵蚕","抑郁症, 焦虑症, 早泄, 失眠症, 嗜睡, 药物依赖"
五虎追风散,"蜈蚣, 钩藤, 朱砂, 僵蚕, 麝香","三叉神经痛, 破伤风, 类风湿关节炎"
撮风散,"全蝎, 蜈蚣","破伤风, 三叉神经痛, 新生儿破伤风"
止痉散,"白附子, 白僵蚕, 全蝎","破伤风, 面神经麻痹, 三叉神经痛, 腰椎间盘突出症"
牵正散,"天南星, 防风, 白芷, 天麻, 羌活, 白附子","面神经麻痹, 三叉神经痛, 偏头痛"
玉真散,"山药, 怀牛膝, 赭石, 龙骨, 牡蛎, 地黄, 柏子仁","帕金森病, 面神经麻痹, 狂犬病"
建瓴汤,"阿胶, 白芍, 石决明, 双钩, 生地黄, 牡蛎, 络石藤, 茯神","高血压, 期前收缩, 偏头痛"
阿胶鸡子黄汤,"花椒, 干姜, 人参, 饴糖",流行性脑脊髓膜炎
大建中汤,"甘草, 地黄, 白芍, 麦门冬, 阿胶, 牡蛎, 鳖甲, 龟甲",胃溃疡
三甲复脉汤,"钩藤, 陈皮, 半夏, 麦门冬, 茯苓, 茯神, 人参, 防风, 甘草","高血压, 血管性痴呆, 骨质疏松, 瘙痒症"
钩藤散,"羌活, 芦头, 防风, 附子, 天麻, 羚羊角, 酸枣仁, 甘草","血管性痴呆, 阿尔茨海默病, 高血压"
羚角钩藤汤,"甘草, 细辛, 白芷, 薄荷, 冰片, 朱砂","子痫, 偏头痛, 高血压"
菖蒲郁金汤,"甘草, 干姜","一氧化碳中毒, 失眠症, 抑郁症, 意识障碍"
胃关煎,"陈皮, 丁香, 诃子, 青皮, 甘草",细菌性痢疾
益黄散,"肉桂, 炮姜, 丁香, 胡椒",小儿厌食
厚朴温中汤,"桂枝, 甘草, 生姜, 大枣, 饴糖","功能性消化不良, 腹痛, 慢性胃炎"
小建中汤,"茯苓, 人参, 附子, 甘草, 干姜","萎缩性胃炎, 肠易激综合征, 腹痛"
茯苓四逆汤,"人参, 附子, 甘草, 熟地黄, 当归","心力衰竭, 血栓闭塞性脉管炎"
回阳救急汤,"人参, 附子","心源性休克, 心力衰竭"
参附汤,"黑锡, 硫磺, 金铃子, 葫芦巴, 木香, 附子, 肉豆蔻, 沉香, 茴香, 阳起石, 肉桂","心力衰竭, 新生儿硬肿症, 哮喘"
黑锡丹,"五味子, 麦门冬, 人参, 杏仁, 生姜, 大枣",哮喘
五味子汤,"人参, 款冬花, 桑白皮, 桔梗, 五味子, 阿胶, 乌梅, 贝母, 米壳",肺纤维化
九仙散,"蛤蚧, 人参, 茯苓, 知母, 贝母, 桑白皮, 甘草, 杏仁",慢性支气管炎
人参蛤蚧散,"人参, 黄芪, 紫菀, 桑白皮, 熟地黄","哮喘, 慢性阻塞性肺疾病"
补肺汤,"当归, 熟地黄, 半夏, 茯苓, 甘草, 生姜","慢性支气管炎, 肺结核, 肺纤维化, 肺心病, 哮喘"
金水六君煎,"阿胶, 牛蒡子, 杏仁, 马兜铃, 甘草",慢性支气管炎
补肺阿胶散,"防己, 石膏, 桂枝, 人参",支原体肺炎
木防己汤,皂荚,心力衰竭
皂荚丸,"桔梗, 甘草",呼吸困难
定喘汤,"射干, 麻黄, 生姜, 细辛, 紫菀, 款冬花, 大枣, 半夏, 五味子","哮喘, 慢性阻塞性肺疾病, 慢性支气管炎, 呼吸困难"
射干麻黄汤,,哮喘
黛蛤散,"知母, 贝母","咯血, 肺心病"
二母散,"贝母, 花粉, 茯苓, 橘红",慢性支气管炎
贝母瓜蒌散,"桑叶, 石膏, 甘草, 人参, 胡麻, 阿胶, 杏仁, 麦门冬, 杏仁, 枇杷叶","支原体肺炎, 慢性支气管炎"
清燥救肺汤,"葶苈子, 大枣","慢性支气管炎, 干燥综合征"
葶苈大枣泻肺汤,"麻黄, 杏仁, 甘草, 石膏","病毒性肺炎, 肺心病"
麻黄杏仁甘草石膏汤,"荆芥, 半夏, 赤芍, 细辛, 甘草, 旋覆花","社区获得性肺炎, 感冒, 哮喘"
金沸草散,"柴胡, 枳壳, 川朴, 青皮, 甘草, 黄芩, 桔梗, 草果, 槟榔, 荷叶","感冒, 哮喘, 慢性阻塞性肺疾病, 呼吸困难"
柴胡达原饮,"半夏, 枳实, 陈皮, 白茯苓, 酸枣仁, 远志, 熟地黄, 人参","手足口病, 感冒, 流涎"
十味温胆汤,"麻黄, 苏子, 桑白皮, 橘皮, 杏仁, 茯苓, 甘草",抑郁症
华盖散,"麻黄, 杏仁, 甘草","哮喘, 慢性阻塞性肺疾病"
三拗汤,"海带, 海藻, 昆布, 海蛤壳, 海螵蛸, 木香, 三棱, 莪术, 桔梗, 细辛, 香附",哮喘
四海舒郁丸,"海藻, 贝母, 陈皮, 昆布, 青皮, 川芎, 当归, 连翘, 半夏, 甘草, 独活, 海带",甲状腺腺瘤
海藻玉壶汤,"元参, 牡蛎, 川贝母","甲状腺腺瘤, 甲状腺功能亢进症"
消瘰丸,"夏枯草, 玄参, 天花粉, 甘草, 青盐, 白蔹, 当归, 海藻, 枳壳, 桔梗, 川贝母, 大黄, 薄荷, 连翘, 生地黄, 硝石",甲状腺结节
内消瘰疬丸,"夏枯草, 当归, 白芍, 玄参, 乌药, 浙贝母, 僵蚕, 昆布, 桔梗, 甘草, 川芎, 陈皮, 红花, 香附","颅内结核瘤, 肛瘘"
指迷茯苓丸,"半夏, 桂枝, 甘草",腹痛
半夏散,"槟榔, 厚朴, 草果, 知母, 黄芩, 甘草",慢性咽炎
达原饮,"常山, 草果, 槟榔, 知母, 贝母, 乌梅, 生姜, 大枣",感冒
常山饮,"黄连, 竹茹, 枳实, 半夏, 陈皮, 甘草, 生姜, 茯苓",疟疾
黄连温胆汤,"羌活, 白附子, 防风, 秦艽, 胆南星, 白僵蚕, 半夏, 木瓜, 甘草, 茯神","酒精性脂肪肝, 高血压"
正容汤,"白矾, 郁金","面神经麻痹, 复视"
白金丸,"木香, 川乌, 附子",脂肪肝
三生饮,"半夏, 竹茹, 枳实, 陈皮, 茯苓, 甘草, 生姜, 大枣",类风湿关节炎
温胆汤,半夏,"更年期综合征, 胆囊炎, 精神分裂症"
甘遂半夏汤,"泽泻, 白术",肝硬化腹水
泽泻汤,"甘遂, 大戟, 白芥子","梅尼埃病, 脱水, 高血压"
控涎丹,"茯苓, 桂枝, 白术, 甘草",食管癌
茯苓桂枝白术甘草汤,"半夏, 天南星, 橘红, 枳实, 茯苓, 甘草","心力衰竭, 脂肪肝, 肥胖症"
导痰汤,"苍术, 防风, 白术, 白茯苓, 白芍","抑郁症, 慢性胃炎, 出血性脑卒中"
升阳除湿防风汤,"槟榔, 陈皮, 木瓜, 吴茱萸, 桔梗, 生姜, 紫苏",溃疡性结肠炎
鸡鸣散,"滑石, 黄芩, 茵陈, 石菖蒲, 川贝母, 木通, 藿香, 连翘, 白豆蔻, 薄荷, 射干",心力衰竭
甘露消毒丹,"厚朴, 石菖蒲, 半夏, 芦根","慢性乙型肝炎, 扁桃体炎, 传染性单核细胞增多症, 湿疹"
连朴饮,"藿香, 半夏, 杏仁, 白蔻仁, 通草, 猪苓, 淡豆豉, 泽泻, 厚朴",动脉粥样硬化
藿朴夏苓汤,"益智仁, 石菖蒲, 乌药","慢性胃炎, 手足口病, 脱水, 功能性消化不良"
萆薢分清饮,"栝楼, 茯苓, 附子, 瞿麦","慢性前列腺炎, 前列腺增生"
化阴煎,"瞿麦, 滑石, 车前子, 冬葵子",前列腺增生
千金鲤鱼汤,"茵陈, 泽泻, 猪苓, 茯苓, 白术","羊水过多, 早产"
茵陈五苓散,"黄柏, 知母, 肉桂","新生儿黄疸, 甲型肝炎, 痛风"
通关丸,"生姜, 桑白皮, 橘皮, 大腹皮, 茯苓皮","前列腺增生, 肝硬化腹水, 神经源性膀胱"
五皮散,"茯苓, 麦门冬, 泽泻, 白术, 桑白皮, 大腹皮, 紫苏, 槟榔, 木瓜, 木香, 砂仁","肝硬化, 骨折, 肾病综合征"
导水茯苓汤,"甘草, 白术, 干姜, 茯苓","肝硬化腹水, 肺心病, 心力衰竭"
钱氏白术散,"附子, 白术, 白茯苓, 干姜, 厚朴, 木瓜, 木香, 大腹子, 甘草, 生姜, 大枣","轮状病毒肠炎, 肠易激综合征, 幽门螺杆菌感染, 腹痛"
实脾散,"防己, 黄芪, 桂枝, 茯苓, 甘草","肺心病, 慢性支气管炎, 肝硬化"
防己茯苓汤,"苍术, 陈皮, 厚朴, 茯苓, 猪苓, 泽泻, 白术, 甘草","痛风, 类风湿关节炎"
胃苓汤,"猪苓, 茯苓, 泽泻, 滑石, 阿胶","脂肪肝, 肾病综合征, 带状疱疹, 湿疹"
猪苓汤,"茯苓, 猪苓, 泽泻, 白术","肾病综合征, 肝硬化腹水, 乙型肝炎"
四苓散,"人参, 蕲蛇, 当归, 川芎, 川连, 羌活, 防风, 玄参, 乳香, 白芷, 茯苓, 麻黄, 天麻, 姜黄, 甘草, 肉桂, 何首乌, 琥珀, 大黄, 草豆蔻, 熟地黄, 山甲, 全蝎, 威灵仙, 葛根, 桑寄生, 细辛, 赤芍, 乌药, 青皮, 僵蚕, 乳香, 没药, 辰砂, 骨碎补, 香附, 天竺黄, 附子, 龟板, 沉香, 丁香, 胆星, 红花, 犀角, 厚朴, 松香, 木香, 冰片, 牛黄, 血竭",肝硬化
回生再造丸,"川乌, 草乌, 地龙, 乳香, 没药",类风湿关节炎
小活络丹,"白花蛇, 乌梢蛇, 麻黄, 细辛, 全蝎, 两头尖, 赤芍, 贯众, 防风, 葛根, 没药, 血竭, 朱砂, 甘草, 丁香, 白僵蚕, 乳香, 麝香, 草豆蔻, 羌活, 玄参, 牛黄, 天麻, 藿香, 天竺黄, 龟板, 人参, 何首乌, 白芷, 乌药, 安息香, 青皮, 附子, 香附, 白豆蔻, 骨碎补, 黄连, 茯苓, 黄芩, 白术, 熟地黄, 大黄, 当归, 木香, 沉香","骨折, 膝骨关节炎"
大活络丹,"秦艽, 川芎, 独活, 当归, 白芍, 石膏, 甘草, 羌活, 防风, 白芷, 黄芩, 白术, 茯苓, 生地黄, 熟地黄, 细辛","类风湿关节炎, 强直性脊柱炎, 骨关节炎"
大秦艽汤,"防己, 杏仁, 滑石, 连翘, 栀子, 薏苡仁, 半夏, 醋, 蚕沙, 赤小豆","痛风, 面神经麻痹"
宣痹汤,"桑枝, 虎杖, 金雀根, 梧桐, 红枣","痛风, 强直性脊柱炎"
桑枝虎杖汤,"豨莶草, 梧桐叶","骨关节炎, 酒精性心肌病"
豨桐丸,"秦艽, 川芎, 桃仁, 红花, 甘草, 羌活, 没药, 当归, 五灵脂, 香附, 牛膝","类风湿关节炎, 骨关节炎, 膝骨关节炎"
身痛逐瘀汤,"苍术, 白术, 茯苓, 羌活, 泽泻, 陈皮, 甘草, 竹沥","坐骨神经痛, 骨关节炎, 腰椎间盘突出症, 面神经麻痹, 三叉神经痛"
除湿蠲痹汤,"薏苡仁, 当归, 川芎, 生姜, 桂枝, 羌活, 独活, 防风, 白术, 草乌, 川乌, 麻黄","强直性脊柱炎, 类风湿关节炎"
薏苡仁汤,"防风, 甘草, 当归, 茯苓, 杏仁, 桂枝, 黄芩, 秦艽, 葛根, 麻黄","类风湿关节炎, 纤维肌痛, 痛风, 腰椎间盘突出症"
防风汤,"桂枝, 甘草, 麻黄, 知母, 生姜, 白术, 防风, 附子","类风湿关节炎, 腰椎间盘突出症, 神经性皮炎"
桂枝芍药知母汤,"桂枝, 附子, 甘草, 生姜, 大枣","类风湿关节炎, 纤维肌痛, 坐骨神经痛, 股骨头坏死, 麻疹, 心力衰竭"
桂枝附子汤,"附子, 白术, 生姜, 甘草, 大枣","痛风, 类风湿关节炎, 病窦综合征, 痛风性关节炎"
白术附子汤,"黄芪, 桂枝, 生姜, 大枣",类风湿关节炎
黄芪桂枝五物汤,"姜黄, 甘草, 羌活, 白术, 防己",颈椎病
五痹汤,"当归, 羌活, 姜黄, 黄芪, 白芍, 防风, 甘草",类风湿关节炎
蠲痹汤,"麻黄, 黄芪, 甘草, 川乌","类风湿关节炎, 膝骨关节炎, 强直性脊柱炎, 颈椎病"
乌头汤,"附子, 茯苓, 人参, 白术",类风湿关节炎
附子汤,"白术, 黄芪, 龙骨, 牡蛎, 海螵蛸, 茜草, 续断","膝骨关节炎, 心力衰竭"
苎根汤,"当归, 白芍, 熟地黄, 香附, 川芎, 红花, 桃仁, 莪术, 木通, 甘草, 肉桂","流产, 腹痛"
胶艾汤,"侧柏叶, 干姜, 艾叶",流产
柏叶汤,"生地黄, 白芍, 黄芩, 黄连, 牡丹皮, 莲须, 地榆, 牡蛎, 甘草",胃溃疡
崩证极验方,"牡丹皮, 地骨皮, 白芍, 熟地黄, 青蒿, 茯苓, 黄柏",功能失调性子宫出血
地榆散,"生地黄, 当归, 川芎, 白芍, 荆芥, 黄芩",痔
荆芩四物汤,"生地黄, 当归, 川芎, 白芍, 知母, 黄柏",功能失调性子宫出血
知柏四物汤,"生地黄, 当归, 白芍, 川芎, 黄芩, 黄连","腹痛, 功能失调性子宫出血, 经前期综合征"
三鲜饮,"青黛, 诃子, 油瓜, 海浮石, 栀子","肺结核, 十二指肠溃疡, 过敏性紫癜, 再生障碍性贫血, 子宫肌瘤, 功能失调性子宫出血"
咳血方,"荷叶, 艾叶, 生地黄","肺结核, 咯血"
四生丸,"熟地黄, 当归, 白芍, 川芎, 藁本, 防风",特发性血小板减少性紫癜
除风益损汤,"没药, 乳香, 麻黄, 自然铜, 当归, 川芎, 土鳖虫, 血竭, 马钱子, 麝香","干眼病, 青光眼"
理冲汤,"当归, 山楂, 香附, 红花, 乌药, 青皮, 木香, 泽泻","子宫肌瘤, 早衰, 功能失调性子宫出血"
通瘀煎,"吴茱萸, 麦门冬, 当归, 川芎, 人参, 桂枝, 阿胶, 牡丹皮, 生姜, 甘草, 半夏","脂肪肝, 子宫内膜异位症"
宫外孕方,"桂枝, 茯苓, 牡丹皮, 桃仁","产后出血, 流产"
桂枝茯苓丸,"鳖甲, 赤硝, 蜣螂, 牡丹, 蜂巢, 乌扇, 柴胡, 黄芩, 干姜, 大黄, 桂枝, 厚朴, 石韦, 紫葳, 阿胶, 瞿麦, 桃仁, 半夏, 人参","输卵管炎, 多囊卵巢综合征, 子宫肌瘤, 血精症"
鳖甲煎丸,"大黄, 黄芩, 甘草, 桃仁, 杏仁, 地黄, 干漆, 水蛭, 蛴螬","慢性乙型肝炎, 血管性痴呆"
大黄蛰虫丸,"当归, 泽泻, 川芎, 茯苓, 白术","肝硬化, 子宫肌瘤, 慢性乙型肝炎"
当归芍药散,"当归, 川芎, 红花","多囊卵巢综合征, 卵巢囊肿, 梅尼埃病"
复方当归注射液,"丹参, 降香",类风湿关节炎
复方丹参注射液,"丹参, 檀香, 砂仁","类风湿关节炎, 病毒性心肌炎, 过敏性紫癜性肾炎"
丹参饮,"柴胡, 土鳖虫, 丹参, 半夏, 泽兰, 当归, 川芎, 细辛, 薄荷, 黄连","偏头痛, 慢性胃炎"
柴胡细辛汤,"当归, 丹参, 乳香, 没药","脑震荡, 偏头痛"
活络效灵丹,"羌活, 甘草, 茵陈, 防风, 苍术, 当归, 知母, 猪苓, 泽泻, 升麻, 白术, 黄芩, 葛根, 人参, 苦参",原发性痛经
当归拈痛汤,"五灵脂, 蒲黄",类风湿关节炎
失笑散,"当归, 白芍, 川芎, 生地黄, 蒺藜, 防风, 荆芥, 何首乌, 黄芪, 甘草","萎缩性胃炎, 原发性痛经"
当归饮子,"黄芪, 桃仁, 红花, 赤芍, 山甲","瘙痒症, 湿疹, 荨麻疹, 神经性皮炎"
助阳止痒汤,"桃仁, 红花, 当归, 川芎, 威灵仙",荨麻疹
桃红饮,"当归, 川芎, 牛膝, 车前子, 肉桂, 红花",痛风性关节炎
脱花煎,"大黄, 桃仁",流产
下瘀血汤,"水蛭, 桃仁, 大黄","肝硬化, 卵巢囊肿, 静脉血栓形成, 肝硬化腹水, 血栓形成后综合征"
通窍活血汤,"桃仁, 红花, 生地黄, 当归, 赤芍, 枳壳, 桔梗, 柴胡, 玄参, 甘草","偏头痛, 颈椎病, 缺血性脑卒中"
会厌逐瘀汤,"小茴香, 干姜, 延胡索, 没药, 川芎, 赤芍, 五灵脂, 蒲黄, 当归","慢性咽炎, 声带小结"
少腹逐瘀汤,"白芍, 当归, 熟地黄, 川芎, 桃仁, 红花","原发性痛经, 子宫内膜异位症, 子宫肌瘤"
桃红四物汤,"丁香, 柿蒂, 人参, 生姜",慢性肾功能衰竭
橘皮竹茹汤,"半夏, 生姜",妊娠剧吐
小半夏汤,"当归, 枸杞, 乌药, 小茴香, 茯苓, 沉香, 肉桂, 生姜",梅尼埃病
暖肝煎,"橘核, 海藻, 昆布, 海带, 川楝子, 桃仁, 厚朴, 木通, 枳实, 延胡索, 肉桂, 木香","精索静脉曲张, 慢性阑尾炎, 原发性痛经"
橘核丸,"乌药, 木香, 茴香, 橘皮, 高良姜, 槟榔, 川楝子","子宫内膜异位症, 腹痛"
天台乌药散,"人参, 槟榔, 沉香, 天台乌药","慢性前列腺炎, 慢性阑尾炎"
四磨汤,"金铃子, 玄胡索","肺心病, 心力衰竭, 功能性消化不良"
金铃子散,"干姜, 甘草, 麦芽, 白茯苓, 白术, 半夏, 人参, 厚朴, 枳实, 黄连","带状疱疹, 胆囊炎"
失笑丸,"白术, 人参, 甘草, 猪苓, 姜黄, 白茯苓, 干姜, 砂仁, 泽泻, 橘皮, 知母, 黄芩, 黄连, 半夏, 枳实, 厚朴","萎缩性胃炎, 功能性消化不良, 胆囊炎"
中满分消丸,"黄连, 半夏, 甘草, 干姜, 桂枝, 人参, 大枣",肝硬化腹水
黄连汤,甘草,"慢性胃炎, 萎缩性胃炎"
芍药甘草汤,"柴胡, 龙骨, 生姜, 人参, 桂枝, 茯苓, 半夏, 黄芩, 铅丹, 大黄, 牡蛎, 大枣","胃扭转, 腹痛, 哮喘, 百日咳, 坐骨神经痛, 血栓性静脉炎, 不安腿综合征, 萎缩性胃炎, 尿毒症"
柴胡加龙骨牡蛎汤,"防己, 大黄","焦虑症, 抑郁症, 高血压, 失眠症"
己椒苈黄丸,"牵牛, 茴香",肝硬化腹水
禹功散,"泽泻, 赤小豆, 商陆, 羌活, 大腹皮, 木通, 秦艽, 槟榔, 茯苓皮","乙型肝炎, 肝硬化腹水, 睾丸鞘膜积液"
疏凿饮子,"桃仁, 红花, 生地黄, 熟地黄, 当归, 甘草, 升麻","痛风性关节炎, 肾病综合征, 腰椎间盘突出症"
通幽汤,"当归, 牛膝, 肉苁蓉, 泽泻, 升麻, 枳壳","萎缩性胃炎, 食管癌"
五仁丸,"半夏, 硫黄","肠易激综合征, 小儿厌食"
秦艽鳖甲散,"银柴胡, 胡黄连, 秦艽, 鳖甲, 地骨皮, 青蒿, 知母, 甘草",肺结核
清骨散,"知母, 黄柏, 龙骨, 牡蛎, 白芍, 山药, 乌贼骨, 茜草, 泽泻",肺结核
蒿芩清胆汤,"黄芩, 麦门冬, 地骨皮, 车前子, 莲肉, 茯苓, 黄芪, 人参, 甘草","感冒, 系统性红斑狼疮, 急性阑尾炎, 胆囊炎, 慢性乙型肝炎, 功能性消化不良, 带状疱疹, 更年期综合征"
清心莲子饮,"玄参, 莲子心, 连翘, 犀角, 麦门冬",肾盂肾炎
清宫汤,"升麻, 柴胡, 羌活, 甘草, 泽泻, 龙胆, 知母, 黄柏",病毒性心肌炎
三豆饮子,"黄芪, 陈皮, 白术, 泽泻, 茯苓, 升麻, 甘草, 麦门冬, 当归, 生地, 神曲, 猪苓, 柴胡, 黄柏, 黄连, 苍术","肾病综合征, 黄褐斑"
清燥汤,"黄柏, 苍术",干燥综合征
二妙散,"当归, 贝母, 苦参","痛风性关节炎, 非淋菌性尿道炎, 湿疹, 脓疱疮"
当归贝母苦参丸,"青皮, 陈皮, 厚朴, 枳实, 黄芩, 黄连, 当归, 白芍, 滑石, 木香, 甘草, 槟榔","慢性前列腺炎, 前列腺增生"
香连化滞丸,"葛根, 甘草, 黄芩, 黄连","溃疡性结肠炎, 细菌性痢疾"
葛根黄芩黄连汤,"栀子, 甘草, 黄柏",放射性直肠炎
清瘟败毒饮,"石膏, 知母, 玄参, 犀角, 粳米","手足口病, 脓毒症, 肾综合征出血热, 银屑病"
化斑汤,"犀角, 生地黄, 香豉, 连翘, 黄芩, 板蓝根, 金银花, 元参, 花粉, 石菖蒲, 紫草","玫瑰糠疹, 过敏性紫癜"
神犀丹,"葛根, 防风, 桔梗, 桂枝, 人参, 甘草, 附子, 大枣, 生姜",痛风
清络饮,"川芎, 柴胡, 黄连, 防风, 羌活, 甘草, 黄芩",类风湿关节炎
清空膏,"黄连, 附子, 生姜, 红枣",偏头痛
连附六一汤,"滑石, 连翘, 茯苓, 青蒿, 白扁豆, 通草, 西瓜","蛔虫病, 哮喘"
清凉涤暑法,"石膏, 半夏, 人参, 甘草, 粳米, 麦门冬",感冒
竹叶石膏汤,"栀子, 香豉","病毒性心肌炎, 2型糖尿病"
栀子豉汤,"黄连, 黄柏, 黄芩, 香豉, 麻黄","抑郁症, 焦虑症, 失眠症"
石膏汤,"黄连, 黄芩, 黄柏, 栀子, 大黄",感冒
大金花丸,"知母, 石膏, 甘草, 粳米, 人参",输尿管结石
白虎加人参汤,"桂枝, 生姜, 大黄, 大枣, 甘草",2型糖尿病
桂枝加大黄汤,"麻黄, 防己, 人参, 黄芩, 甘草, 川芎, 杏仁, 附子, 防风, 生姜","感冒, 荨麻疹, 风疹, 慢性阑尾炎, 胃扭转, 肠梗阻, 腹痛"
小续命汤,"黄芪, 人参, 桂枝, 甘草, 附子, 细辛, 羌活, 防风, 川芎, 生姜","高血压, 面神经麻痹"
再造散,"人参, 紫苏叶, 干葛, 半夏, 茯苓, 枳壳, 桔梗, 木香, 陈皮, 甘草",感冒
宣毒发表汤,"西河柳, 荆芥, 蝉蜕, 知母, 玄参, 甘草, 麦门冬, 石膏",麻疹
竹叶柳蒡汤,"升麻, 白芍, 甘草, 葛根",手足口病
升麻葛根汤,"菊花, 川芎, 荆芥, 羌活, 甘草, 白芷, 细辛, 防风, 僵蚕, 蝉蜕, 薄荷","麻疹, 荨麻疹, 脱水"
菊花茶调散,"羌活, 板蓝根",偏头痛
清上蠲痛汤,"白芍, 川芎, 郁李仁, 柴胡, 白芥子, 香附, 甘草, 白芷",三叉神经痛
散偏汤,"菊花, 白术, 细辛, 茯苓, 牡蛎, 桔梗, 防风, 人参, 矾石, 黄芩, 当归, 干姜, 川芎, 桂枝","偏头痛, 多囊卵巢综合征, 闭经"
侯氏黑散,"白僵蚕, 蝉蜕, 大黄, 姜黄",高血压
升降散,"桂枝, 生姜, 甘草, 大枣, 牡蛎, 龙骨","扁桃体炎, 细菌性肺炎, 脓毒症"
桂枝加龙骨牡蛎汤,防风,"更年期综合征, 窦性心动过缓, 房室传导阻滞"
双解散,"防风, 川芎, 当归, 大黄, 麻黄, 连翘, 芒硝, 石膏, 黄芩, 桔梗, 滑石, 甘草, 荆芥, 白术, 栀子","感冒, 荨麻疹, 生殖器疱疹"
防风通圣散,"苏叶, 防风, 杏仁, 羌活, 白芷, 橘红, 生姜, 茯苓皮","哮喘, 肥胖症, 荨麻疹, 医院获得性肺炎"
香苏散,"葱白, 淡豆豉","感冒, 腹痛"
葱豉汤,"苍术, 桔梗, 枳壳, 陈皮, 白芷, 川芎, 当归, 甘草, 肉桂, 茯苓, 半夏, 厚朴, 干姜, 麻黄",感冒
五积散,"茅术, 陈皮, 柴胡, 连翘, 白芷, 川朴, 枳实, 羌活, 防风, 藿香, 甘草, 建曲, 川芎, 桔梗, 麦芽, 苏叶","类风湿关节炎, 多囊卵巢综合征, 荨麻疹"
午时茶,"葛根, 麻黄, 桂枝, 生姜, 甘草, 大枣","弱视, 功能性消化不良, 胃溃疡, 十二指肠溃疡, 腹痛"
葛根汤,"羌活, 柴胡, 独活, 枳壳, 茯苓, 荆芥, 防风, 桔梗, 川芎, 甘草","感冒, 颈椎病, 脱水"
荆防败毒散,"柴胡, 干葛, 甘草, 黄芩, 羌活, 白芷, 桔梗, 生姜, 大枣, 石膏","流行性腮腺炎, 水痘, 感冒, 疱疹性角膜炎"
柴葛解肌汤,"栝楼, 桂枝, 甘草, 生姜, 大枣","感冒, 单纯疱疹"
栝楼桂枝汤,"桂枝, 生姜, 甘草, 大枣, 厚朴, 杏仁",颈椎病
桂枝加厚朴杏子汤,"麻黄, 石膏, 生姜, 甘草, 大枣","哮喘, 心力衰竭"
越婢汤,"桂枝, 生姜, 甘草, 大枣, 葛根",类风湿关节炎
桂枝加葛根汤,"桂枝, 甘草, 生姜, 大枣","颈椎病, 帕金森病"
桂枝加芍药汤,"麻黄, 附子, 细辛","腹痛, 十二指肠溃疡, 不安腿综合征"
麻黄附子细辛汤,"仙茅, 仙灵脾, 巴戟天, 知母, 黄柏, 当归","哮喘, 荨麻疹, 老年人支气管哮喘, 高血压"
二仙汤,"菟丝子, 金樱子, 女贞子, 狗脊",早衰
五子补肾丸,"人参, 白术, 茯苓, 川芎, 甘草, 当归, 熟地黄, 菟丝子, 杜仲, 鹿角霜, 川椒","弱精子症, 早泄, 闭经, 功能失调性子宫出血, 更年期综合征, 肾病综合征"
毓麟珠,"熟地黄, 白术, 当归, 枸杞子, 杜仲, 仙茅, 巴戟天, 山茱萸, 肉苁蓉, 韭菜子, 蛇床子, 附子, 肉桂",闭经
菟丝子丸,"山药, 肉苁蓉, 五味子, 菟丝子, 杜仲, 牛膝, 泽泻, 地黄, 山茱萸, 茯神, 巴戟天, 赤石脂",闭经
无比山药丸,"附子, 白茯苓, 泽泻, 山茱萸, 山药, 车前子, 牡丹皮, 川牛膝, 熟地黄",肾病综合征
济生肾气丸,"鹿角, 龟甲, 人参, 枸杞子","前列腺增生, 神经源性膀胱"
龟鹿二仙胶,"熟地, 山药, 山茱萸, 枸杞, 甘草, 杜仲, 肉桂, 附子",再生障碍性贫血
右归饮,"熟地, 山药, 山茱萸, 枸杞, 鹿角胶, 菟丝子, 杜仲, 当归, 肉桂, 附子","多囊卵巢综合征, 强直性脊柱炎, 股骨头坏死, 哮喘, 类风湿关节炎"
右归丸,"人参, 黄芪, 白术, 茯苓, 当归, 川芎, 生地黄, 熟地黄, 天门冬, 麦门冬, 陈皮, 甘草, 补骨脂, 续断, 杜仲, 川牛膝, 枸杞子, 巴戟天, 胡芦巴, 山药, 芡实, 菟丝子, 五味子, 覆盆子, 楮实子, 锁阳, 肉苁蓉, 川椒, 小茴香, 青盐, 沉香","更年期综合征, 多囊卵巢综合征, 勃起功能障碍, 阿尔茨海默病, 骨质疏松, 再生障碍性贫血, 慢性支气管炎, 甲状腺功能减退症, 腹痛"
全鹿丸,"玄参, 麦门冬, 生地黄","子宫脱垂, 十二指肠溃疡, 萎缩性胃炎"
增液汤,"麦冬, 藕","慢性咽炎, 慢性牙周炎, 萎缩性胃炎, 高血压, 干燥综合征, 瘙痒症"