﻿厚朴七物汤,急性胰腺炎,medicament_heal
厚朴七物汤,肠梗阻,medicament_heal
厚朴七物汤,哮喘,medicament_heal
厚朴七物汤,胃扭转,medicament_heal
厚朴七物汤,慢性胰腺炎,medicament_heal
厚朴七物汤,腹痛,medicament_heal
厚朴七物汤,功能性消化不良,medicament_heal
桂枝人参汤,中风,medicament_heal
桂枝人参汤,感冒,medicament_heal
桂枝人参汤,慢性胃炎,medicament_heal
桂枝人参汤,慢性胰腺炎,medicament_heal
乌头桂枝汤,中风,medicament_heal
乌头桂枝汤,头痛,medicament_heal
乌头桂枝汤,腹痛,medicament_heal
乌头桂枝汤,感冒,medicament_heal
乌头桂枝汤,十二指肠溃疡,medicament_heal
乌头桂枝汤,胆囊炎,medicament_heal
乌头桂枝汤,溃疡性结肠炎,medicament_heal
乌头桂枝汤,风湿性关节炎,medicament_heal
乌头桂枝汤,类风湿关节炎,medicament_heal
乌头桂枝汤,强直性脊柱炎,medicament_heal
麻黄连翘赤小豆汤,伤寒,medicament_heal
麻黄连翘赤小豆汤,急性胆囊炎,medicament_heal
麻黄连翘赤小豆汤,肾盂肾炎,medicament_heal
麻黄连翘赤小豆汤,肾小球肾炎,medicament_heal
麻黄连翘赤小豆汤,肾病综合征,medicament_heal
麻黄连翘赤小豆汤,皮炎,medicament_heal
麻黄连翘赤小豆汤,神经性皮炎,medicament_heal
文蛤汤,伤寒,medicament_heal
文蛤汤,头痛,medicament_heal
文蛤汤,感冒,medicament_heal
文蛤汤,哮喘,medicament_heal
文蛤汤,荨麻疹,medicament_heal
文蛤汤,风疹,medicament_heal
文蛤汤,风湿性关节炎,medicament_heal
文蛤汤,慢性输尿管炎,medicament_heal
文蛤汤,肾小球肾炎,medicament_heal
文蛤汤,水肿,medicament_heal
柴胡桂枝汤,中风,medicament_heal
柴胡桂枝汤,感冒,medicament_heal
柴胡桂枝汤,脂肪肝,medicament_heal
柴胡桂枝汤,慢性胰腺炎,medicament_heal
柴胡桂枝汤,精神分裂症,medicament_heal
柴胡桂枝汤,心律失常,medicament_heal
柴胡桂枝汤,高血压,medicament_heal
柴胡桂枝汤,更年期综合征,medicament_heal
柴胡桂枝汤,皮炎,medicament_heal
柴胡桂枝汤,神经性皮炎,medicament_heal
一物瓜蒂散,中暑,medicament_heal
一物瓜蒂散,风湿热,medicament_heal
一物瓜蒂散,胆囊炎,medicament_heal
一物瓜蒂散,慢性咽炎,medicament_heal
一物瓜蒂散,口腔溃疡,medicament_heal
文蛤散,慢性胃炎,medicament_heal
文蛤散,慢性胰腺炎,medicament_heal
文蛤散,甲状腺功能亢进症,medicament_heal
黄芪芍药桂枝苦酒汤,痈,medicament_heal
黄芪芍药桂枝苦酒汤,多汗症,medicament_heal
黄芪芍药桂枝苦酒汤,神经性皮炎,medicament_heal
黄芪芍药桂枝苦酒汤,头痛,medicament_heal
黄芪芍药桂枝苦酒汤,瘙痒症,medicament_heal
白虎加桂枝汤,头痛,medicament_heal
白虎加桂枝汤,风湿热,medicament_heal
白虎加桂枝汤,风湿性关节炎,medicament_heal
白虎加桂枝汤,类风湿关节炎,medicament_heal
白虎加桂枝汤,甲状腺功能亢进症,medicament_heal
白虎加桂枝汤,糖尿病酮症酸中毒,medicament_heal
白虎加桂枝汤,视网膜病变,medicament_heal
麻黄杏仁薏苡甘草汤,咳嗽,medicament_heal
麻黄杏仁薏苡甘草汤,风湿热,medicament_heal
麻黄加术汤,感冒,medicament_heal
麻黄加术汤,慢性阻塞性肺疾病,medicament_heal
麻黄加术汤,风湿性关节炎,medicament_heal
麻黄加术汤,强直性脊柱炎,medicament_heal
桂枝二越婢一汤,头痛,medicament_heal
桂枝二越婢一汤,感冒,medicament_heal
桂枝二越婢一汤,荨麻疹,medicament_heal
桂枝二越婢一汤,皮炎,medicament_heal
桂枝麻黄各半汤,伤寒,medicament_heal
桂枝麻黄各半汤,感冒,medicament_heal
桂枝麻黄各半汤,荨麻疹,medicament_heal
桂枝麻黄各半汤,风疹,medicament_heal
桂枝麻黄各半汤,干燥综合征,medicament_heal
桂枝麻黄各半汤,头痛,medicament_heal
桂枝二麻黄一汤,中风,medicament_heal
桂枝二麻黄一汤,头痛,medicament_heal
桂枝二麻黄一汤,感冒,medicament_heal
逍遥散,偏头痛,medicament_heal
逍遥散,肠易激综合征,medicament_heal
逍遥散,功能性消化不良,medicament_heal
逍遥散,子宫肌瘤,medicament_heal
逍遥散,乳腺增生,medicament_heal
逍遥散,经前期综合征,medicament_heal
逍遥散,抑郁症,medicament_heal
逍遥散,失眠,medicament_heal
逍遥散,腹痛,medicament_heal
逍遥散,腰痛,medicament_heal
膈下逐瘀汤,急性胰腺炎,medicament_heal
膈下逐瘀汤,子宫内膜异位症,medicament_heal
金锁固精丸,腰痛,medicament_heal
金锁固精丸,耳鸣,medicament_heal
金锁固精丸,早泄,medicament_heal
金锁固精丸,乳糜尿,medicament_heal
金锁固精丸,重症肌无力,medicament_heal
金锁固精丸,慢性前列腺炎,medicament_heal
金锁固精丸,肾虚,medicament_heal
金锁固精丸,滑精,medicament_heal
金锁固精丸,糖尿病肾病,medicament_heal
金锁固精丸,尿失禁,medicament_heal
茯苓杏仁甘草汤,头痛,medicament_heal
茯苓杏仁甘草汤,哮喘,medicament_heal
茯苓杏仁甘草汤,肺气肿,medicament_heal
茯苓杏仁甘草汤,前列腺炎,medicament_heal
枳实薤白桂枝汤,头痛,medicament_heal
枳实薤白桂枝汤,慢性阻塞性肺疾病,medicament_heal
三物白散,肺脓肿,medicament_heal
三物白散,哮喘,medicament_heal
三物白散,腹膜炎,medicament_heal
三物白散,肝硬化腹水,medicament_heal
三物白散,肾小球肾炎,medicament_heal
三物白散,肾病综合征,medicament_heal
葶苈丸,水肿,medicament_heal
葶苈丸,咳嗽,medicament_heal
葶苈丸,心悸,medicament_heal
葶苈丸,高血压,medicament_heal
葶苈丸,慢性支气管炎,medicament_heal
葶苈丸,哮喘,medicament_heal
杏子汤,咳嗽,medicament_heal
杏子汤,水肿,medicament_heal
杏子汤,慢性阻塞性肺疾病,medicament_heal
杏子汤,便秘,medicament_heal
泽漆汤,咳嗽,medicament_heal
泽漆汤,哮喘,medicament_heal
泽漆汤,病毒性肺炎,medicament_heal
泽漆汤,百日咳,medicament_heal
泽漆汤,肾病综合征,medicament_heal
泽漆汤,水肿,medicament_heal
泽漆汤,肾小球肾炎,medicament_heal
泽漆汤,湿疹,medicament_heal
泽漆汤,荨麻疹,medicament_heal
泽漆汤,神经性皮炎,medicament_heal
四逆汤,心肌梗死,medicament_heal
四逆汤,心力衰竭,medicament_heal
四逆汤,风湿性关节炎,medicament_heal
四逆汤,心病心绞痛,medicament_heal
四逆汤,腹泻,medicament_heal
四逆汤,水肿,medicament_heal
四逆汤,心律失常,medicament_heal
四逆汤,病毒性心肌炎,medicament_heal
四逆汤,缺血性脑卒中,medicament_heal
四逆汤,失眠,medicament_heal
四逆汤,乳腺增生,medicament_heal
四逆汤,慢性支气管炎,medicament_heal
四逆汤,慢性胃炎,medicament_heal
四逆汤,便秘,medicament_heal
四逆汤,精神分裂症,medicament_heal
生脉散,心病心绞痛,medicament_heal
生脉散,慢性心力衰竭,medicament_heal
生脉散,扩张型心肌病,medicament_heal
生脉散,中风,medicament_heal
生脉散,肺癌,medicament_heal
生脉散,心力衰竭,medicament_heal
生脉散,2型糖尿病,medicament_heal
六神散,腹泻,medicament_heal
六神散,慢性胃炎,medicament_heal
六神散,小儿泄泻,medicament_heal
六神散,小儿厌食,medicament_heal
七味白术散,腹泻,medicament_heal
七味白术散,小儿厌食,medicament_heal
七味白术散,2型糖尿病,medicament_heal
资生丸,功能性消化不良,medicament_heal
资生丸,慢性胃炎,medicament_heal
资生丸,溃疡性结肠炎,medicament_heal
资生丸,小儿厌食,medicament_heal
资生丸,贫血,medicament_heal
资生丸,腰酸,medicament_heal
玉屏风散,自汗,medicament_heal
玉屏风散,上呼吸道感染,medicament_heal
玉屏风散,肾小球肾炎,medicament_heal
玉屏风散,荨麻疹,medicament_heal
玉屏风散,哮喘,medicament_heal
玉屏风散,慢性支气管炎,medicament_heal
玉屏风散,咳嗽,medicament_heal
玉屏风散,感冒,medicament_heal
玉屏风散,盗汗,medicament_heal
玉屏风散,面瘫,medicament_heal
升阳益胃汤,荨麻疹,medicament_heal
升阳益胃汤,腹泻,medicament_heal
升阳益胃汤,胆囊炎,medicament_heal
补中益气汤,重症肌无力,medicament_heal
补中益气汤,乳糜尿,medicament_heal
补中益气汤,子宫脱垂,medicament_heal
补中益气汤,月经过多,medicament_heal
补中益气汤,眼睑下垂,medicament_heal
补中益气汤,斜视,medicament_heal
补中益气汤,慢性胃炎,medicament_heal
补中益气汤,口腔溃疡,medicament_heal
补中益气汤,骨质疏松,medicament_heal
补中益气汤,便秘,medicament_heal
炙甘草汤,心律失常,medicament_heal
炙甘草汤,期前收缩,medicament_heal
炙甘草汤,心悸,medicament_heal
炙甘草汤,失眠,medicament_heal
炙甘草汤,心力衰竭,medicament_heal
炙甘草汤,扩张型心肌病,medicament_heal
炙甘草汤,便秘,medicament_heal
炙甘草汤,病毒性心肌炎,medicament_heal
拯阳理劳汤,窦性心动过缓,medicament_heal
拯阳理劳汤,重症肌无力,medicament_heal
保元汤,心力衰竭,medicament_heal
黑布药膏,瘢痕疙瘩,medicament_heal
独参汤,产后出血,medicament_heal
独参汤,心肌梗死,medicament_heal
香砂六君子汤,胃溃疡,medicament_heal
香砂六君子汤,腹泻,medicament_heal
香砂六君子汤,萎缩性胃炎,medicament_heal
香砂六君子汤,肠易激综合征,medicament_heal
异功散,小儿厌食,medicament_heal
异功散,腹泻,medicament_heal
异功散,慢性胃炎,medicament_heal
异功散,萎缩性胃炎,medicament_heal
六君子汤,功能性消化不良,medicament_heal
六君子汤,慢性阻塞性肺气肿,medicament_heal
六君子汤,梅核气,medicament_heal
六君子汤,腹痛,medicament_heal
六君子汤,慢性阻塞性肺疾病,medicament_heal
六君子汤,慢性胃炎,medicament_heal
六君子汤,贫血,medicament_heal
六君子汤,缺铁性贫血,medicament_heal
六君子汤,类风湿关节炎,medicament_heal
六君子汤,萎缩性胃炎,medicament_heal
六君子汤,高血压,medicament_heal
四君子汤,慢性胃炎,medicament_heal
四君子汤,十二指肠溃疡,medicament_heal
四君子汤,乙型肝炎,medicament_heal
四君子汤,功能性消化不良,medicament_heal
四君子汤,慢性支气管炎,medicament_heal
四君子汤,咳嗽,medicament_heal
大青龙汤,感冒,medicament_heal
大青龙汤,哮喘,medicament_heal
小青龙汤,慢性支气管炎,medicament_heal
小青龙汤,哮喘,medicament_heal
小青龙汤,肺气肿,medicament_heal
小青龙汤,肺水肿,medicament_heal
小青龙汤,肺心病,medicament_heal
泻白散,麻疹,medicament_heal
泻白散,百日咳,medicament_heal
泻白散,咳嗽,medicament_heal
旋覆代赭汤,慢性胃炎,medicament_heal
旋覆代赭汤,胃扩张,medicament_heal
旋覆代赭汤,十二指肠溃疡,medicament_heal
血府逐瘀汤,心病心绞痛,medicament_heal
血府逐瘀汤,脑震荡,medicament_heal
小蓟饮子,泌尿系结石,medicament_heal
小蓟饮子,肾小球肾炎,medicament_heal
小蓟饮子,精囊炎,medicament_heal
消风散,风疹,medicament_heal
消风散,湿疹,medicament_heal
消风散,荨麻疹,medicament_heal
消风散,皮炎,medicament_heal
消风散,神经性皮炎,medicament_heal
消风散,疥疮,medicament_heal
消风散,风湿,medicament_heal
小柴胡汤,伤寒,medicament_heal
小柴胡汤,感冒,medicament_heal
小柴胡汤,疟疾,medicament_heal
小柴胡汤,肝硬化,medicament_heal
小柴胡汤,胆囊炎,medicament_heal
小柴胡汤,胆结石,medicament_heal
小柴胡汤,急性胰腺炎,medicament_heal
小柴胡汤,乳腺炎,medicament_heal
小柴胡汤,睾丸炎,medicament_heal
小柴胡汤,胃溃疡,medicament_heal
小陷胸汤,慢性胃炎,medicament_heal
阳和汤,骨膜炎,medicament_heal
阳和汤,风湿性关节炎,medicament_heal
阳和汤,血栓闭塞性脉管炎,medicament_heal
杏苏散,咳嗽,medicament_heal
杏苏散,感冒,medicament_heal
杏苏散,慢性支气管炎,medicament_heal
杏苏散,肺气肿,medicament_heal
桑杏汤,咳嗽,medicament_heal
桑杏汤,上呼吸道感染,medicament_heal
桑杏汤,慢性支气管炎,medicament_heal
桑杏汤,咯血,medicament_heal
桑杏汤,百日咳,medicament_heal
桑杏汤,头痛,medicament_heal
玉女煎,舌炎,medicament_heal
金匮肾气丸,哮喘,medicament_heal
金匮肾气丸,前列腺增生,medicament_heal
银翘散,感冒,medicament_heal
银翘散,扁桃体炎,medicament_heal
银翘散,麻疹,medicament_heal
银翘散,咽炎,medicament_heal
银翘散,咳嗽,medicament_heal
茵陈蒿汤,胆囊炎,medicament_heal
茵陈蒿汤,钩端螺旋体病,medicament_heal
紫雪,高热,medicament_heal
紫雪,便秘,medicament_heal
紫雪,流行性脑脊髓膜炎,medicament_heal
紫雪,猩红热,medicament_heal
紫雪,心悸,medicament_heal
朱砂安神丸,失眠,medicament_heal
朱砂安神丸,神经衰弱,medicament_heal
朱砂安神丸,心悸,medicament_heal
朱砂安神丸,抑郁症,medicament_heal
朱砂安神丸,汞中毒,medicament_heal
至宝丹,尿毒症,medicament_heal
至宝丹,高热,medicament_heal
白虎汤,感冒,medicament_heal
白虎汤,高热,medicament_heal
白虎汤,老年性痴呆,medicament_heal
桂枝汤,感冒,medicament_heal
桂枝汤,盗汗,medicament_heal
桂枝汤,心律失常,medicament_heal
桂枝汤,荨麻疹,medicament_heal
桂枝汤,瘙痒症,medicament_heal
桂枝汤,冻疮,medicament_heal
桂枝汤,头痛,medicament_heal
桂枝汤,腹痛,medicament_heal
桂枝汤,慢性肾功能衰竭,medicament_heal
桂枝汤,更年期综合征,medicament_heal
桂枝汤,梅尼埃病,medicament_heal
桂枝汤,哮喘,medicament_heal
桂枝汤,面神经麻痹,medicament_heal
桂枝汤,口腔溃疡,medicament_heal
桂枝汤,银屑病,medicament_heal
桂枝汤,白癜风,medicament_heal
桂枝汤,颈椎病,medicament_heal
桂枝汤,类风湿关节炎,medicament_heal
泻心汤,上消化道出血,medicament_heal
止嗽散,咳嗽,medicament_heal
止嗽散,哮喘,medicament_heal
止嗽散,上呼吸道感染,medicament_heal
止嗽散,慢性支气管炎,medicament_heal
止嗽散,百日咳,medicament_heal
止嗽散,感冒,medicament_heal
镇肝熄风汤,高血压,medicament_heal
镇肝熄风汤,帕金森病,medicament_heal
镇肝熄风汤,慢性胃炎,medicament_heal
镇肝熄风汤,失眠,medicament_heal
镇肝熄风汤,肾炎,medicament_heal
镇肝熄风汤,哮喘,medicament_heal
镇肝熄风汤,中风,medicament_heal
镇肝熄风汤,眩晕,medicament_heal
镇肝熄风汤,头痛,medicament_heal
镇肝熄风汤,脱水,medicament_heal
羌活胜湿汤,颈椎病,medicament_heal
羌活胜湿汤,面神经麻痹,medicament_heal
羌活胜湿汤,偏头痛,medicament_heal
羌活胜湿汤,过敏性紫癜,medicament_heal
羌活胜湿汤,耳聋,medicament_heal
羌活胜湿汤,水肿,medicament_heal
羌活胜湿汤,风湿,medicament_heal
羌活胜湿汤,头痛,medicament_heal
羌活胜湿汤,感冒,medicament_heal
羌活胜湿汤,风湿性关节炎,medicament_heal
羌活胜湿汤,肾炎,medicament_heal
羌活胜湿汤,脱水,medicament_heal
真武汤,慢性心力衰竭,medicament_heal
真武汤,2型糖尿病,medicament_heal
真武汤,视网膜病变,medicament_heal
真武汤,糖尿病肾病,medicament_heal
真武汤,慢性肾功能衰竭,medicament_heal
真武汤,肾小球肾炎,medicament_heal
真武汤,水肿,medicament_heal
真武汤,慢性支气管炎,medicament_heal
真武汤,梅尼埃病,medicament_heal
真武汤,心力衰竭,medicament_heal
真武汤,糖尿病视网膜病变,medicament_heal
真武汤,肝癌,medicament_heal
真武汤,肝硬化,medicament_heal
真武汤,腹水,medicament_heal
生肌散,宫颈糜烂,medicament_heal
生肌散,溃疡性结肠炎,medicament_heal
生肌散,糖尿病足,medicament_heal
黑虎丹,血栓闭塞性脉管炎,medicament_heal
密陀僧散,腋臭,medicament_heal
三品一条枪,痔疮,medicament_heal
三品一条枪,肛瘘,medicament_heal
三品一条枪,化脓性骨髓炎,medicament_heal
三品一条枪,痔,medicament_heal
三品一条枪,颈部淋巴结结核,medicament_heal
五倍子汤,水肿,medicament_heal
枯痔散,痔疮,medicament_heal
枯痔散,鼻息肉,medicament_heal
枯痔散,子宫脱垂,medicament_heal
枯痔散,腋臭,medicament_heal
枯痔散,痔,medicament_heal
紫草油,宫颈糜烂,medicament_heal
紫草油,静脉炎,medicament_heal
紫草油,皮炎,medicament_heal
三黄洗剂,皮肤念珠菌病,medicament_heal
三黄洗剂,湿疹,medicament_heal
三黄洗剂,带状疱疹,medicament_heal
三黄洗剂,脓疱疮,medicament_heal
三黄洗剂,尖锐湿疣,medicament_heal
一扫光,头癣,medicament_heal
一扫光,疥疮,medicament_heal
一扫光,神经性皮炎,medicament_heal
一扫光,湿疹,medicament_heal
一扫光,银屑病,medicament_heal
一扫光,带状疱疹,medicament_heal
鹅黄散,阴茎溃烂,medicament_heal
鹅黄散,药物过敏,medicament_heal
颠倒散,痤疮,medicament_heal
颠倒散,脂溢性皮炎,medicament_heal
立马回疔丹,蜂窝织炎,medicament_heal
阳和解凝膏,乳腺增生,medicament_heal
先期汤,月经过多,medicament_heal
鲫鱼膏,乳腺炎,medicament_heal
鲫鱼膏,痔疮,medicament_heal
鲫鱼膏,肺癌,medicament_heal
黑退消,颈部淋巴结结核,medicament_heal
黑退消,乳腺癌,medicament_heal
黑退消,风湿,medicament_heal
太乙膏,流行性腮腺炎,medicament_heal
太乙膏,乳腺炎,medicament_heal
回阳玉龙膏,风湿,medicament_heal
回阳玉龙膏,风湿性关节炎,medicament_heal
桂麝散,乳腺增生,medicament_heal
大黄甘遂汤,肝硬化,medicament_heal
大黄甘遂汤,静脉炎,medicament_heal
大黄甘遂汤,流产,medicament_heal
大黄甘遂汤,横位,medicament_heal
肠粘连缓解汤,肠梗阻,medicament_heal
大承气汤,肠梗阻,medicament_heal
大承气汤,急性胆囊炎,medicament_heal
大承气汤,急性胰腺炎,medicament_heal
大承气汤,高热,medicament_heal
大承气汤,腹痛,medicament_heal
大承气汤,食管癌,medicament_heal
大承气汤,中风,medicament_heal
大承气汤,便秘,medicament_heal
桂枝加黄芪汤,感冒,medicament_heal
桂枝加黄芪汤,心律失常,medicament_heal
水解散,高热,medicament_heal
大造丸,哮喘,medicament_heal
大造丸,勃起功能障碍,medicament_heal
九一丹,肛门直肠周围脓肿,medicament_heal
九一丹,肛瘘,medicament_heal
九一丹,水肿,medicament_heal
九一丹,尖锐湿疣,medicament_heal
九一丹,疣,medicament_heal
易筒地黄饮子,慢性支气管炎,medicament_heal
易筒地黄饮子,肺结核,medicament_heal
耳聋左慈丸,耳鸣,medicament_heal
耳聋左慈丸,耳聋,medicament_heal
升阳举经汤,月经过多,medicament_heal
升阳举经汤,贫血,medicament_heal
升阳举经汤,便血,medicament_heal
升阳举经汤,血尿,medicament_heal
丁桂散,功能性消化不良,medicament_heal
丁桂散,肠梗阻,medicament_heal
丁桂散,前列腺炎,medicament_heal
丁桂散,小儿泄泻,medicament_heal
丁桂散,腹泻,medicament_heal
丁桂散,痛风性关节炎,medicament_heal
丁桂散,面瘫,medicament_heal
丁桂散,慢性前列腺炎,medicament_heal
千捶膏,扁桃体炎,medicament_heal
千捶膏,流行性腮腺炎,medicament_heal
千捶膏,骨折,medicament_heal
千捶膏,开放性骨折,medicament_heal
坎离砂,风湿,medicament_heal
坎离砂,背痛,medicament_heal
坎离砂,慢性腰肌劳损,medicament_heal
坎离砂,颈椎病,medicament_heal
铁箍散,蜂窝织炎,medicament_heal
铁箍散,静脉炎,medicament_heal
铁箍散,丹毒,medicament_heal
玉露散,蜂窝织炎,medicament_heal
玉露散,丹毒,medicament_heal
玉露散,附睾炎,medicament_heal
玉露散,带状疱疹,medicament_heal
金黄散,静脉炎,medicament_heal
金黄散,丹毒,medicament_heal
金黄散,乳腺炎,medicament_heal
金黄散,蜂窝织炎,medicament_heal
金黄散,血栓闭塞性脉管炎,medicament_heal
金黄散,足癣,medicament_heal
金黄散,痔疮,medicament_heal
金黄散,水肿,medicament_heal
越鞠丸,功能性消化不良,medicament_heal
阿魏膏,乳癌,medicament_heal
阿魏膏,小儿泄泻,medicament_heal
阿魏膏,慢性肝病,medicament_heal
阿魏膏,腹泻,medicament_heal
阿魏膏,失眠,medicament_heal
神仙化痞膏,卵巢囊肿,medicament_heal
神仙化痞膏,肝硬化,medicament_heal
通关散,尿潴留,medicament_heal
通关散,意识障碍,medicament_heal
苦酒汤,咽炎,medicament_heal
苦酒汤,喉源性咳嗽,medicament_heal
苦酒汤,慢性咽炎,medicament_heal
苦酒汤,咳嗽,medicament_heal
滋阴降火汤,口腔溃疡,medicament_heal
金果饮,感冒,medicament_heal
金果饮,咳嗽,medicament_heal
铁笛丸,慢性咽炎,medicament_heal
清音丸,慢性咽炎,medicament_heal
清咽宁嗽汤,喉源性咳嗽,medicament_heal
银翘马勃散,手足口病,medicament_heal
银翘马勃散,喉源性咳嗽,medicament_heal
银翘马勃散,扁桃体炎,medicament_heal
银翘马勃散,咳嗽,medicament_heal
玉屑无忧散,急性咽喉炎,medicament_heal
玉屑无忧散,咳嗽,medicament_heal
清热泻脾散,口腔溃疡,medicament_heal
清热泻脾散,手足口病,medicament_heal
泻黄散,脂溢性皮炎,medicament_heal
泻黄散,口腔溃疡,medicament_heal
泻黄散,过敏性紫癜,medicament_heal
泻黄散,手足口病,medicament_heal
泻黄散,小儿厌食,medicament_heal
泻黄散,腹痛,medicament_heal
泻黄散,便血,medicament_heal
凉血四物汤,过敏性紫癜,medicament_heal
凉血四物汤,结节性红斑,medicament_heal
凉血四物汤,皮炎,medicament_heal
泻青丸,疱疹性角膜炎,medicament_heal
内补黄芪汤,化脓性骨髓炎,medicament_heal
内补黄芪汤,失眠,medicament_heal
托里透脓汤,痈,medicament_heal
代刀散,痤疮,medicament_heal
透脓散,扁桃体炎,medicament_heal
透脓散,乳腺炎,medicament_heal
回阳三建汤,慢性肾衰竭,medicament_heal
小金丹,乳腺增生,medicament_heal
小金丹,肺癌,medicament_heal
六应丸,智齿冠周炎,medicament_heal
六应丸,淋巴结肿大,medicament_heal
犀黄丸,肺癌,medicament_heal
犀黄丸,乳腺癌,medicament_heal
犀黄丸,食管癌,medicament_heal
萆薢渗湿汤,痛风,medicament_heal
萆薢渗湿汤,湿疹,medicament_heal
萆薢渗湿汤,结节性红斑,medicament_heal
萆薢渗湿汤,丹毒,medicament_heal
顾步汤,血栓闭塞性脉管炎,medicament_heal
四妙勇安汤,动脉粥样硬化,medicament_heal
四妙勇安汤,心肌梗死,medicament_heal
四妙勇安汤,水肿,medicament_heal
五香流气饮,血栓性静脉炎,medicament_heal
五香流气饮,静脉炎,medicament_heal
五神汤,肛窦炎,medicament_heal
五神汤,丹毒,medicament_heal
瓜蒌牛蒡汤,乳腺炎,medicament_heal
枇杷清肺饮,痤疮,medicament_heal
枇杷清肺饮,脂溢性皮炎,medicament_heal
牛蒡解肌汤,流行性腮腺炎,medicament_heal
牛蒡解肌汤,急性咽炎,medicament_heal
七星剑,丹毒,medicament_heal
七星剑,痈,medicament_heal
当归活血汤,近视,medicament_heal
当归活血汤,血栓性静脉炎,medicament_heal
内疏黄连汤,肛窦炎,medicament_heal
银花解毒汤,流行性腮腺炎,medicament_heal
银花甘草汤,药疹,medicament_heal
五味消毒饮,痤疮,medicament_heal
五味消毒饮,痛风性关节炎,medicament_heal
五味消毒饮,前列腺炎,medicament_heal
五味消毒饮,银屑病,medicament_heal
五味消毒饮,胃溃疡,medicament_heal
五味消毒饮,慢性前列腺炎,medicament_heal
五味消毒饮,幽门螺杆菌感染,medicament_heal
赤小豆当归散,尿路感染,medicament_heal
赤小豆当归散,口腔溃疡,medicament_heal
银苇合剂,小儿鼻窦炎,medicament_heal
薏苡附子败酱散,慢性前列腺炎,medicament_heal
薏苡附子败酱散,肛窦炎,medicament_heal
薏苡附子败酱散,溃疡性结肠炎,medicament_heal
薏苡附子败酱散,湿疹,medicament_heal
参芦散,慢性支气管炎,medicament_heal
急救稀涎散,脑外伤致癫,medicament_heal
瓜蒂散,头痛,medicament_heal
瓜蒂散,癫狂,medicament_heal
甘草粉蜜汤,肠梗阻,medicament_heal
驱绦汤,绦虫病,medicament_heal
肥儿丸,上呼吸道感染,medicament_heal
肥儿丸,小儿厌食,medicament_heal
肥儿丸,荨麻疹,medicament_heal
化虫丸,滴虫性阴道炎,medicament_heal
安蛔汤,胆道蛔虫病,medicament_heal
安蛔汤,咳嗽,medicament_heal
安蛔汤,哮喘,medicament_heal
使君子丸,腹痛,medicament_heal
胆道蛔虫汤,胆道蛔虫病,medicament_heal
椒梅汤,溃疡性结肠炎,medicament_heal
椒梅汤,过敏性紫癜,medicament_heal
易黄汤,细菌性阴道病,medicament_heal
止带丸,宫颈糜烂,medicament_heal
清带汤,慢性前列腺炎,medicament_heal
完带汤,肠易激综合征,medicament_heal
完带汤,滴虫性阴道炎,medicament_heal
完带汤,腹痛,medicament_heal
威喜丸,乳糜尿,medicament_heal
秘精丸,早泄,medicament_heal
秘元煎,慢性前列腺炎,medicament_heal
秘元煎,乳糜尿,medicament_heal
十四味建中汤,严重创伤反应症侯群,medicament_heal
固真丸,早泄,medicament_heal
固真丸,腰酸,medicament_heal
固真丸,眩晕,medicament_heal
三才封髓丹,早泄,medicament_heal
三才封髓丹,脊髓空洞症,medicament_heal
三才封髓丹,痤疮,medicament_heal
三才封髓丹,慢性乙型肝炎,medicament_heal
茯菟丸,乳糜尿,medicament_heal
桑螵蛸散,遗尿,medicament_heal
桑螵蛸散,尿频,medicament_heal
桑螵蛸散,糖尿病肾病,medicament_heal
桑螵蛸散,便秘,medicament_heal
桑螵蛸散,尿失禁,medicament_heal
水陆二仙丹,糖尿病肾病,medicament_heal
水陆二仙丹,神经衰弱,medicament_heal
水陆二仙丹,前列腺炎,medicament_heal
水陆二仙丹,精囊炎,medicament_heal
水陆二仙丹,耳鸣,medicament_heal
水陆二仙丹,腰酸,medicament_heal
水陆二仙丹,早泄,medicament_heal
膏淋汤,乳糜尿,medicament_heal
膏淋汤,腰酸,medicament_heal
治浊固本丸,肾炎,medicament_heal
巩堤丸,尿失禁,medicament_heal
巩堤丸,遗尿,medicament_heal
固脬丸,尿失禁,medicament_heal
固脬丸,遗尿,medicament_heal
固肠汤,肠易激综合征,medicament_heal
固肠汤,放射性直肠炎,medicament_heal
诃子皮散,腹泻,medicament_heal
诃子皮散,腹痛,medicament_heal
脾肾双补丸,腹泻,medicament_heal
脾肾双补丸,贫血,medicament_heal
脾肾双补丸,血症,medicament_heal
脾肾双补丸,再生障碍性贫血,medicament_heal
真人养脏汤,腹泻,medicament_heal
真人养脏汤,溃疡性结肠炎,medicament_heal
真人养脏汤,水肿,medicament_heal
桃花汤,溃疡性结肠炎,medicament_heal
桃花汤,腹泻,medicament_heal
赤石脂禹余粮汤,腹泻,medicament_heal
赤石脂禹余粮汤,滑精自汗,medicament_heal
黄芪建中汤,食管炎,medicament_heal
黄芪建中汤,萎缩性胃炎,medicament_heal
黄芪建中汤,胃溃疡,medicament_heal
黄芪建中汤,水肿,medicament_heal
桂枝甘草龙骨牡蛎汤,失眠,medicament_heal
桂枝甘草龙骨牡蛎汤,心悸,medicament_heal
桂枝甘草龙骨牡蛎汤,自汗,medicament_heal
桂枝甘草龙骨牡蛎汤,盗汗,medicament_heal
桂枝甘草龙骨牡蛎汤,心律失常,medicament_heal
交泰丸,失眠,medicament_heal
交泰丸,心律失常,medicament_heal
交泰丸,血管性痴呆,medicament_heal
生铁落饮,更年期综合征,medicament_heal
百合地黄汤,瘙痒症,medicament_heal
百合地黄汤,抑郁症,medicament_heal
百合地黄汤,失眠症,medicament_heal
百合地黄汤,更年期综合征,medicament_heal
百合地黄汤,焦虑症,medicament_heal
百合地黄汤,失眠,medicament_heal
甘草小麦大枣汤,更年期综合征,medicament_heal
甘草小麦大枣汤,抑郁症,medicament_heal
甘草小麦大枣汤,失眠,medicament_heal
甘草小麦大枣汤,失眠症,medicament_heal
孔圣枕中丹,失眠,medicament_heal
孔圣枕中丹,老年性痴呆,medicament_heal
孔圣枕中丹,神经衰弱,medicament_heal
安神定志丸,心律失常,medicament_heal
安神定志丸,抑郁症,medicament_heal
安神定志丸,窦性心动过缓,medicament_heal
安神定志丸,便秘,medicament_heal
安神定志丸,头痛,medicament_heal
珍珠母丸,失眠,medicament_heal
珍珠母丸,老年性痴呆,medicament_heal
珍珠母丸,头痛,medicament_heal
珍珠母丸,眩晕,medicament_heal
养心汤,心力衰竭,medicament_heal
养心汤,心律失常,medicament_heal
养心汤,产后抑郁症,medicament_heal
养心汤,产后抑郁,medicament_heal
酸枣仁汤,失眠,medicament_heal
酸枣仁汤,紧张性头痛,medicament_heal
酸枣仁汤,心悸,medicament_heal
黄连阿胶汤,失眠,medicament_heal
黄连阿胶汤,抑郁症,medicament_heal
黄连阿胶汤,焦虑症,medicament_heal
黄连阿胶汤,阳痿,medicament_heal
黄连阿胶汤,早泄,medicament_heal
黄连阿胶汤,嗜睡,medicament_heal
黄连阿胶汤,药物依赖,medicament_heal
五虎追风散,三叉神经痛,medicament_heal
五虎追风散,破伤风,medicament_heal
五虎追风散,头痛,medicament_heal
五虎追风散,类风湿关节炎,medicament_heal
五虎追风散,中风,medicament_heal
撮风散,破伤风,medicament_heal
撮风散,高热,medicament_heal
撮风散,三叉神经痛,medicament_heal
撮风散,新生儿破伤风,medicament_heal
止痉散,破伤风,medicament_heal
止痉散,面神经麻痹,medicament_heal
止痉散,三叉神经痛,medicament_heal
止痉散,腰椎间盘突出症,medicament_heal
止痉散,高热,medicament_heal
牵正散,面神经麻痹,medicament_heal
牵正散,三叉神经痛,medicament_heal
牵正散,中风,medicament_heal
牵正散,头痛,medicament_heal
牵正散,偏头痛,medicament_heal
牵正散,面瘫,medicament_heal
玉真散,帕金森病,medicament_heal
玉真散,面神经麻痹,medicament_heal
玉真散,狂犬病,medicament_heal
玉真散,头痛,medicament_heal
建瓴汤,高血压,medicament_heal
建瓴汤,脑梗死,medicament_heal
建瓴汤,期前收缩,medicament_heal
建瓴汤,偏头痛,medicament_heal
建瓴汤,顽固性呃逆,medicament_heal
阿胶鸡子黄汤,流行性脑脊髓膜炎,medicament_heal
大建中汤,便秘,medicament_heal
大建中汤,胃溃疡,medicament_heal
大建中汤,阳痿,medicament_heal
三甲复脉汤,心律失常,medicament_heal
三甲复脉汤,高血压,medicament_heal
三甲复脉汤,血管性痴呆,medicament_heal
三甲复脉汤,骨质疏松,medicament_heal
三甲复脉汤,瘙痒症,medicament_heal
钩藤散,头痛,medicament_heal
钩藤散,中风,medicament_heal
钩藤散,血管性痴呆,medicament_heal
钩藤散,阿尔茨海默病,medicament_heal
钩藤散,高血压,medicament_heal
资寿解语汤,中风后失语,medicament_heal
羚角钩藤汤,中风,medicament_heal
羚角钩藤汤,视网膜病变,medicament_heal
羚角钩藤汤,高热,medicament_heal
羚角钩藤汤,子痫,medicament_heal
羚角钩藤汤,偏头痛,medicament_heal
羚角钩藤汤,高血压,medicament_heal
羚角钩藤汤,眩晕,medicament_heal
羚角钩藤汤,头痛,medicament_heal
羚角钩藤汤,失眠,medicament_heal
卫生防疫宝丹,顽固性呃逆,medicament_heal
卫生防疫宝丹,梅核气,medicament_heal
菖蒲郁金汤,一氧化碳中毒,medicament_heal
菖蒲郁金汤,失眠症,medicament_heal
菖蒲郁金汤,抑郁症,medicament_heal
菖蒲郁金汤,中风,medicament_heal
菖蒲郁金汤,意识障碍,medicament_heal
甘草干姜汤,咳嗽,medicament_heal
甘草干姜汤,遗尿,medicament_heal
甘草干姜汤,血症,medicament_heal
甘草干姜汤,腰痛,medicament_heal
甘草干姜汤,肺癌,medicament_heal
胃关煎,腹泻,medicament_heal
胃关煎,细菌性痢疾,medicament_heal
益黄散,腹泻,medicament_heal
益黄散,小儿厌食,medicament_heal
逐寒荡惊汤,小儿馒惊风,medicament_heal
逐寒荡惊汤,痫证,medicament_heal
厚朴温中汤,功能性消化不良,medicament_heal
厚朴温中汤,腹痛,medicament_heal
厚朴温中汤,慢性胃炎,medicament_heal
小建中汤,萎缩性胃炎,medicament_heal
小建中汤,肠易激综合征,medicament_heal
小建中汤,水肿,medicament_heal
小建中汤,腹痛,medicament_heal
茯苓四逆汤,心力衰竭,medicament_heal
茯苓四逆汤,血栓闭塞性脉管炎,medicament_heal
茯苓四逆汤,咳嗽,medicament_heal
茯苓四逆汤,水肿,medicament_heal
六味回阳饮,心病心绞痛,medicament_heal
回阳救急汤,心源性休克,medicament_heal
回阳救急汤,心病心绞痛,medicament_heal
回阳救急汤,慢性心力衰竭,medicament_heal
参附汤,慢性心力衰竭,medicament_heal
参附汤,新生儿硬肿症,medicament_heal
参附汤,哮喘,medicament_heal
参附汤,心力衰竭,medicament_heal
黑锡丹,小儿泄泻,medicament_heal
黑锡丹,哮喘,medicament_heal
五味子汤,肺纤维化,medicament_heal
五味子汤,小儿肺炎,medicament_heal
九仙散,喉源性咳嗽,medicament_heal
九仙散,慢性支气管炎,medicament_heal
九仙散,咳嗽,medicament_heal
人参蛤蚧散,哮喘,medicament_heal
人参蛤蚧散,慢性阻塞性肺疾病,medicament_heal
补肺汤,慢性支气管炎,medicament_heal
补肺汤,肺结核,medicament_heal
补肺汤,肺纤维化,medicament_heal
补肺汤,肺心病,medicament_heal
补肺汤,咳嗽,medicament_heal
补肺汤,哮喘,medicament_heal
金水六君煎,慢性支气管炎,medicament_heal
金水六君煎,咳嗽,medicament_heal
补肺阿胶散,支原体肺炎,medicament_heal
补肺阿胶散,咳嗽,medicament_heal
木防己汤,心力衰竭,medicament_heal
皂荚丸,咳嗽,medicament_heal
皂荚丸,呼吸困难,medicament_heal
桔梗汤,食管炎,medicament_heal
桔梗汤,咳嗽,medicament_heal
定喘汤,哮喘,medicament_heal
定喘汤,慢性阻塞性肺疾病,medicament_heal
定喘汤,慢性支气管炎,medicament_heal
定喘汤,呼吸困难,medicament_heal
射干麻黄汤,咳嗽,medicament_heal
射干麻黄汤,哮喘,medicament_heal
射干麻黄汤,喉源性咳嗽,medicament_heal
黛蛤散,咯血,medicament_heal
黛蛤散,肺心病,medicament_heal
二母散,慢性支气管炎,medicament_heal
二母散,咳嗽,medicament_heal
贝母瓜蒌散,支原体肺炎,medicament_heal
贝母瓜蒌散,慢性支气管炎,medicament_heal
贝母瓜蒌散,乳腺增生,medicament_heal
贝母瓜蒌散,咳嗽,medicament_heal
清燥救肺汤,慢性支气管炎,medicament_heal
清燥救肺汤,干燥综合征,medicament_heal
清燥救肺汤,咳嗽,medicament_heal
葶苈大枣泻肺汤,病毒性肺炎,medicament_heal
葶苈大枣泻肺汤,肺心病,medicament_heal
葶苈大枣泻肺汤,腹水,medicament_heal
五虎汤,小儿肺炎,medicament_heal
五虎汤,痰热型肺系疾病,medicament_heal
五虎汤,咳嗽,medicament_heal
麻黄杏仁甘草石膏汤,社区获得性肺炎,medicament_heal
麻黄杏仁甘草石膏汤,感冒,medicament_heal
麻黄杏仁甘草石膏汤,哮喘,medicament_heal
麻黄杏仁甘草石膏汤,咳嗽,medicament_heal
金沸草散,感冒,medicament_heal
金沸草散,咳嗽,medicament_heal
金沸草散,哮喘,medicament_heal
金沸草散,喉源性咳嗽,medicament_heal
金沸草散,慢性阻塞性肺疾病,medicament_heal
金沸草散,呼吸困难,medicament_heal
柴胡达原饮,乙肝,medicament_heal
柴胡达原饮,手足口病,medicament_heal
柴胡达原饮,感冒,medicament_heal
柴胡达原饮,流涎,medicament_heal
柴胡达原饮,头痛,medicament_heal
十味温胆汤,心病心绞痛,medicament_heal
十味温胆汤,抑郁症,medicament_heal
十味温胆汤,失眠,medicament_heal
华盖散,咳嗽,medicament_heal
华盖散,哮喘,medicament_heal
华盖散,慢性阻塞性肺疾病,medicament_heal
三拗汤,哮喘,medicament_heal
三拗汤,咳嗽,medicament_heal
三拗汤,水肿,medicament_heal
四海舒郁丸,甲状腺腺瘤,medicament_heal
海藻玉壶汤,甲状腺腺瘤,medicament_heal
海藻玉壶汤,痤疮,medicament_heal
海藻玉壶汤,乳腺增生,medicament_heal
海藻玉壶汤,甲状腺功能亢进症,medicament_heal
消瘰丸,乳腺增生,medicament_heal
消瘰丸,甲状腺结节,medicament_heal
内消瘰疬丸,颅内结核瘤,medicament_heal
内消瘰疬丸,肛瘘,medicament_heal
夏枯草膏,乳腺增生,medicament_heal
夏枯草膏,血尿,medicament_heal
指迷茯苓丸,腹痛,medicament_heal
指迷茯苓丸,中风,medicament_heal
半夏散,慢性咽炎,medicament_heal
半夏散,白血病,medicament_heal
达原饮,上呼吸道感染,medicament_heal
达原饮,感冒,medicament_heal
常山饮,疟疾,medicament_heal
黄连温胆汤,失眠,medicament_heal
黄连温胆汤,酒精性脂肪肝,medicament_heal
黄连温胆汤,高血压,medicament_heal
正容汤,斜视,medicament_heal
正容汤,面神经麻痹,medicament_heal
正容汤,复视,medicament_heal
白金丸,脂肪肝,medicament_heal
三生饮,类风湿关节炎,medicament_heal
温胆汤,顽固性呃逆,medicament_heal
温胆汤,更年期综合征,medicament_heal
温胆汤,血症,medicament_heal
温胆汤,胆囊炎,medicament_heal
温胆汤,失眠,medicament_heal
温胆汤,精神分裂症,medicament_heal
半夏秫米汤,失眠,medicament_heal
半夏秫米汤,眩晕,medicament_heal
甘遂半夏汤,肝硬化腹水,medicament_heal
甘遂半夏汤,腹水,medicament_heal
甘遂半夏汤,头痛,medicament_heal
泽泻汤,梅尼埃病,medicament_heal
泽泻汤,眩晕,medicament_heal
泽泻汤,脱水,medicament_heal
泽泻汤,高血压,medicament_heal
控涎丹,食管癌,medicament_heal
控涎丹,腹泻,medicament_heal
茯苓桂枝白术甘草汤,心力衰竭,medicament_heal
茯苓桂枝白术甘草汤,脂肪肝,medicament_heal
茯苓桂枝白术甘草汤,心病心绞痛,medicament_heal
茯苓桂枝白术甘草汤,肥胖症,medicament_heal
导痰汤,抑郁症,medicament_heal
导痰汤,慢性胃炎,medicament_heal
导痰汤,出血性脑卒中,medicament_heal
导痰汤,心病心绞痛,medicament_heal
升阳除湿防风汤,眩晕,medicament_heal
升阳除湿防风汤,溃疡性结肠炎,medicament_heal
鸡鸣散,心力衰竭,medicament_heal
鸡鸣散,水肿,medicament_heal
甘露消毒丹,慢性乙型肝炎,medicament_heal
甘露消毒丹,血症,medicament_heal
甘露消毒丹,扁桃体炎,medicament_heal
甘露消毒丹,传染性单核细胞增多症,medicament_heal
甘露消毒丹,湿疹,medicament_heal
连朴饮,动脉粥样硬化,medicament_heal
连朴饮,水肿,medicament_heal
藿朴夏苓汤,腹泻,medicament_heal
藿朴夏苓汤,慢性胃炎,medicament_heal
藿朴夏苓汤,手足口病,medicament_heal
藿朴夏苓汤,脱水,medicament_heal
藿朴夏苓汤,功能性消化不良,medicament_heal
萆薢分清饮,慢性前列腺炎,medicament_heal
萆薢分清饮,前列腺增生,medicament_heal
萆薢分清饮,血症,medicament_heal
栝楼瞿麦丸,尿频,medicament_heal
化阴煎,前列腺增生,medicament_heal
化阴煎,白血病,medicament_heal
石韦散,泌尿系结石,medicament_heal
石韦散,肾结石,medicament_heal
石韦散,急性膀胱炎,medicament_heal
石韦散,尿急,medicament_heal
石韦散,尿频,medicament_heal
五淋散,热淋,medicament_heal
五淋散,尿路感染,medicament_heal
五淋散,尿频,medicament_heal
五淋散,尿急,medicament_heal
五淋散,血尿,medicament_heal
千金鲤鱼汤,羊水过多,medicament_heal
千金鲤鱼汤,水肿,medicament_heal
千金鲤鱼汤,腹水,medicament_heal
千金鲤鱼汤,早产,medicament_heal
茵陈五苓散,新生儿黄疸,medicament_heal
茵陈五苓散,甲型肝炎,medicament_heal
茵陈五苓散,痛风,medicament_heal
通关丸,前列腺增生,medicament_heal
通关丸,肝硬化腹水,medicament_heal
通关丸,神经源性膀胱,medicament_heal
通关丸,腹水,medicament_heal
五皮散,水肿,medicament_heal
五皮散,肝硬化,medicament_heal
五皮散,腹水,medicament_heal
五皮散,骨折,medicament_heal
五皮散,肾病综合征,medicament_heal
五皮散,腹泻,medicament_heal
导水茯苓汤,肝硬化腹水,medicament_heal
导水茯苓汤,肺心病,medicament_heal
导水茯苓汤,心力衰竭,medicament_heal
导水茯苓汤,水肿,medicament_heal
导水茯苓汤,腹水,medicament_heal
甘草干姜茯苓白术汤,腰痛,medicament_heal
甘草干姜茯苓白术汤,尿频,medicament_heal
钱氏白术散,腹泻,medicament_heal
钱氏白术散,轮状病毒肠炎,medicament_heal
钱氏白术散,肠易激综合征,medicament_heal
钱氏白术散,幽门螺杆菌感染,medicament_heal
钱氏白术散,腹痛,medicament_heal
实脾散,肺心病,medicament_heal
实脾散,水肿,medicament_heal
实脾散,慢性支气管炎,medicament_heal
实脾散,腹水,medicament_heal
实脾散,肝硬化,medicament_heal
实脾散,肝癌,medicament_heal
防己茯苓汤,痛风,medicament_heal
防己茯苓汤,类风湿关节炎,medicament_heal
胃苓汤,脂肪肝,medicament_heal
胃苓汤,血症,medicament_heal
胃苓汤,肾病综合征,medicament_heal
胃苓汤,水肿,medicament_heal
胃苓汤,带状疱疹,medicament_heal
胃苓汤,腹泻,medicament_heal
胃苓汤,痤疮,medicament_heal
胃苓汤,湿疹,medicament_heal
猪苓汤,尿路感染,medicament_heal
猪苓汤,肾病综合征,medicament_heal
猪苓汤,乙肝,medicament_heal
猪苓汤,肝硬化腹水,medicament_heal
猪苓汤,乙型肝炎,medicament_heal
猪苓汤,腹水,medicament_heal
四苓散,肝硬化,medicament_heal
四苓散,腹泻,medicament_heal
四苓散,水肿,medicament_heal
回生再造丸,中风,medicament_heal
回生再造丸,风湿,medicament_heal
回生再造丸,类风湿关节炎,medicament_heal
小活络丹,风湿,medicament_heal
小活络丹,骨折,medicament_heal
小活络丹,中风,medicament_heal
小活络丹,膝骨关节炎,medicament_heal
小活络丹,脑梗死,medicament_heal
大活络丹,类风湿关节炎,medicament_heal
大活络丹,强直性脊柱炎,medicament_heal
大活络丹,骨关节炎,medicament_heal
大活络丹,中风,medicament_heal
大活络丹,血尿,medicament_heal
大秦艽汤,痛风,medicament_heal
大秦艽汤,风湿,medicament_heal
大秦艽汤,面神经麻痹,medicament_heal
大秦艽汤,脑梗死,medicament_heal
宣痹汤,痛风,medicament_heal
宣痹汤,强直性脊柱炎,medicament_heal
桑枝虎杖汤,风湿,medicament_heal
桑枝虎杖汤,骨关节炎,medicament_heal
桑枝虎杖汤,酒精性心肌病,medicament_heal
豨桐丸,类风湿关节炎,medicament_heal
豨桐丸,骨关节炎,medicament_heal
豨桐丸,膝骨关节炎,medicament_heal
身痛逐瘀汤,坐骨神经痛,medicament_heal
身痛逐瘀汤,骨关节炎,medicament_heal
身痛逐瘀汤,腰椎间盘突出症,medicament_heal
身痛逐瘀汤,面神经麻痹,medicament_heal
身痛逐瘀汤,三叉神经痛,medicament_heal
身痛逐瘀汤,腰痛,medicament_heal
除湿蠲痹汤,强直性脊柱炎,medicament_heal
除湿蠲痹汤,风湿,medicament_heal
除湿蠲痹汤,类风湿关节炎,medicament_heal
薏苡仁汤,风湿,medicament_heal
薏苡仁汤,类风湿关节炎,medicament_heal
薏苡仁汤,纤维肌痛,medicament_heal
薏苡仁汤,痛风,medicament_heal
薏苡仁汤,腰椎间盘突出症,medicament_heal
防风汤,风湿,medicament_heal
防风汤,类风湿关节炎,medicament_heal
防风汤,腰椎间盘突出症,medicament_heal
防风汤,神经性皮炎,medicament_heal
桂枝芍药知母汤,类风湿关节炎,medicament_heal
桂枝芍药知母汤,风湿,medicament_heal
桂枝芍药知母汤,纤维肌痛,medicament_heal
桂枝芍药知母汤,坐骨神经痛,medicament_heal
桂枝芍药知母汤,股骨头坏死,medicament_heal
桂枝芍药知母汤,麻疹,medicament_heal
桂枝芍药知母汤,心力衰竭,medicament_heal
桂枝附子汤,痛风,medicament_heal
桂枝附子汤,类风湿关节炎,medicament_heal
桂枝附子汤,病窦综合征,medicament_heal
桂枝附子汤,痛风性关节炎,medicament_heal
白术附子汤,风湿性关节炎,medicament_heal
白术附子汤,类风湿关节炎,medicament_heal
白术附子汤,便秘,medicament_heal
黄芪桂枝五物汤,颈椎病,medicament_heal
黄芪桂枝五物汤,失眠,medicament_heal
黄芪桂枝五物汤,耳鸣,medicament_heal
黄芪桂枝五物汤,耳聋,medicament_heal
黄芪桂枝五物汤,腰酸,medicament_heal
黄芪桂枝五物汤,血尿,medicament_heal
五痹汤,类风湿关节炎,medicament_heal
蠲痹汤,类风湿关节炎,medicament_heal
蠲痹汤,膝骨关节炎,medicament_heal
蠲痹汤,强直性脊柱炎,medicament_heal
蠲痹汤,颈椎病,medicament_heal
蠲痹汤,类风湿,medicament_heal
蠲痹汤,头痛,medicament_heal
乌头汤,类风湿关节炎,medicament_heal
乌头汤,类风湿,medicament_heal
附子汤,膝骨关节炎,medicament_heal
附子汤,慢性心力衰竭,medicament_heal
苎根汤,流产,medicament_heal
苎根汤,腹痛,medicament_heal
苎根汤,腰酸,medicament_heal
胶艾汤,流产,medicament_heal
胶艾汤,黄体功能不全,medicament_heal
柏叶汤,胃溃疡,medicament_heal
崩证极验方,功能失调性子宫出血,medicament_heal
清经散,月经过多,medicament_heal
清经散,黄体功能不全,medicament_heal
地榆散,痔,medicament_heal
荆芩四物汤,功能失调性子宫出血,medicament_heal
知柏四物汤,腹痛,medicament_heal
知柏四物汤,功能失调性子宫出血,medicament_heal
知柏四物汤,经前期综合征,medicament_heal
知柏四物汤,血尿,medicament_heal
三鲜饮,肺结核,medicament_heal
三鲜饮,十二指肠溃疡,medicament_heal
三鲜饮,过敏性紫癜,medicament_heal
三鲜饮,再生障碍性贫血,medicament_heal
三鲜饮,子宫肌瘤,medicament_heal
三鲜饮,功能失调性子宫出血,medicament_heal
咳血方,肺结核,medicament_heal
咳血方,咯血,medicament_heal
四生丸,特发性血小板减少性紫癜,medicament_heal
除风益损汤,干眼病,medicament_heal
除风益损汤,青光眼,medicament_heal
跌打丸,静脉炎,medicament_heal
跌打丸,水肿,medicament_heal
理冲汤,子宫肌瘤,medicament_heal
理冲汤,早衰,medicament_heal
理冲汤,功能失调性子宫出血,medicament_heal
通瘀煎,脂肪肝,medicament_heal
通瘀煎,子宫内膜异位症,medicament_heal
通瘀煎,心病心绞痛,medicament_heal
温经汤,乳腺增生,medicament_heal
宫外孕方,产后出血,medicament_heal
宫外孕方,流产,medicament_heal
桂枝茯苓丸,输卵管炎,medicament_heal
桂枝茯苓丸,多囊卵巢综合征,medicament_heal
桂枝茯苓丸,子宫肌瘤,medicament_heal
桂枝茯苓丸,血精症,medicament_heal
鳖甲煎丸,慢性乙型肝炎,medicament_heal
鳖甲煎丸,肝癌,medicament_heal
鳖甲煎丸,血管性痴呆,medicament_heal
大黄蛰虫丸,肝硬化,medicament_heal
大黄蛰虫丸,乳腺增生,medicament_heal
大黄蛰虫丸,子宫肌瘤,medicament_heal
大黄蛰虫丸,慢性乙型肝炎,medicament_heal
大黄蛰虫丸,乙肝,medicament_heal
当归芍药散,多囊卵巢综合征,medicament_heal
当归芍药散,卵巢囊肿,medicament_heal
当归芍药散,梅尼埃病,medicament_heal
当归芍药散,失眠,medicament_heal
复方当归注射液,类风湿关节炎,medicament_heal
复方当归注射液,眩晕,medicament_heal
复方丹参注射液,类风湿关节炎,medicament_heal
复方丹参注射液,病毒性心肌炎,medicament_heal
复方丹参注射液,过敏性紫癜性肾炎,medicament_heal
复方丹参注射液,心病心绞痛,medicament_heal
丹参饮,偏头痛,medicament_heal
丹参饮,慢性胃炎,medicament_heal
丹参饮,心病心绞痛,medicament_heal
柴胡细辛汤,脑震荡,medicament_heal
柴胡细辛汤,偏头痛,medicament_heal
柴胡细辛汤,头痛,medicament_heal
活络效灵丹,原发性痛经,medicament_heal
当归拈痛汤,类风湿关节炎,medicament_heal
当归拈痛汤,痤疮,medicament_heal
当归拈痛汤,静脉炎,medicament_heal
失笑散,心病心绞痛,medicament_heal
失笑散,萎缩性胃炎,medicament_heal
失笑散,上消化道出血,medicament_heal
失笑散,食管炎,medicament_heal
失笑散,原发性痛经,medicament_heal
当归饮子,瘙痒症,medicament_heal
当归饮子,湿疹,medicament_heal
当归饮子,荨麻疹,medicament_heal
当归饮子,神经性皮炎,medicament_heal
助阳止痒汤,荨麻疹,medicament_heal
桃红饮,痛风性关节炎,medicament_heal
脱花煎,流产,medicament_heal
下瘀血汤,肝硬化,medicament_heal
下瘀血汤,卵巢囊肿,medicament_heal
下瘀血汤,心病心绞痛,medicament_heal
下瘀血汤,静脉血栓形成,medicament_heal
下瘀血汤,肝硬化腹水,medicament_heal
下瘀血汤,血栓形成后综合征,medicament_heal
抵当汤,血症,medicament_heal
抵当汤,慢性肾衰竭,medicament_heal
抵当汤,水肿,medicament_heal
抵当汤,便秘,medicament_heal
通窍活血汤,偏头痛,medicament_heal
通窍活血汤,眩晕,medicament_heal
通窍活血汤,颈椎病,medicament_heal
通窍活血汤,缺血性脑卒中,medicament_heal
会厌逐瘀汤,慢性咽炎,medicament_heal
会厌逐瘀汤,声带小结,medicament_heal
会厌逐瘀汤,咳嗽,medicament_heal
会厌逐瘀汤,中风,medicament_heal
少腹逐瘀汤,原发性痛经,medicament_heal
少腹逐瘀汤,子宫内膜异位症,medicament_heal
少腹逐瘀汤,子宫肌瘤,medicament_heal
桃红四物汤,便秘,medicament_heal
桃红四物汤,慢性肾功能衰竭,medicament_heal
丁香柿蒂汤,顽固性呃逆,medicament_heal
丁香柿蒂汤,食管炎,medicament_heal
橘皮竹茹汤,食管炎,medicament_heal
橘皮竹茹汤,妊娠剧吐,medicament_heal
小半夏汤,食管炎,medicament_heal
小半夏汤,梅尼埃病,medicament_heal
小半夏汤,便秘,medicament_heal
小半夏汤,头痛,medicament_heal
小半夏汤,眩晕,medicament_heal
小半夏汤,耳鸣,medicament_heal
小半夏汤,耳聋,medicament_heal
暖肝煎,精索静脉曲张,medicament_heal
暖肝煎,慢性阑尾炎,medicament_heal
暖肝煎,原发性痛经,medicament_heal
橘核丸,子宫内膜异位症,medicament_heal
橘核丸,腹痛,medicament_heal
天台乌药散,慢性前列腺炎,medicament_heal
天台乌药散,慢性阑尾炎,medicament_heal
天台乌药散,前列腺炎,medicament_heal
四磨汤,便秘,medicament_heal
四磨汤,肺心病,medicament_heal
四磨汤,心力衰竭,medicament_heal
四磨汤,功能性消化不良,medicament_heal
四磨汤,心悸,medicament_heal
金铃子散,带状疱疹,medicament_heal
金铃子散,食管炎,medicament_heal
金铃子散,胆囊炎,medicament_heal
失笑丸,萎缩性胃炎,medicament_heal
失笑丸,功能性消化不良,medicament_heal
失笑丸,胆囊炎,medicament_heal
中满分消丸,肝硬化腹水,medicament_heal
中满分消丸,腹水,medicament_heal
黄连汤,慢性胃炎,medicament_heal
黄连汤,食管炎,medicament_heal
黄连汤,萎缩性胃炎,medicament_heal
芍药甘草汤,胃扭转,medicament_heal
芍药甘草汤,腹痛,medicament_heal
芍药甘草汤,哮喘,medicament_heal
芍药甘草汤,百日咳,medicament_heal
芍药甘草汤,坐骨神经痛,medicament_heal
芍药甘草汤,血栓性静脉炎,medicament_heal
芍药甘草汤,不安腿综合征,medicament_heal
芍药甘草汤,萎缩性胃炎,medicament_heal
芍药甘草汤,尿毒症,medicament_heal
柴胡加龙骨牡蛎汤,焦虑症,medicament_heal
柴胡加龙骨牡蛎汤,抑郁症,medicament_heal
柴胡加龙骨牡蛎汤,失眠,medicament_heal
柴胡加龙骨牡蛎汤,心悸,medicament_heal
柴胡加龙骨牡蛎汤,高血压,medicament_heal
柴胡加龙骨牡蛎汤,失眠症,medicament_heal
柴胡加龙骨牡蛎汤,心病心绞痛,medicament_heal
己椒苈黄丸,肝硬化腹水,medicament_heal
己椒苈黄丸,腹水,medicament_heal
禹功散,乙型肝炎,medicament_heal
禹功散,肝硬化腹水,medicament_heal
禹功散,腹水,medicament_heal
禹功散,睾丸鞘膜积液,medicament_heal
疏凿饮子,痛风性关节炎,medicament_heal
疏凿饮子,肾病综合征,medicament_heal
疏凿饮子,腰椎间盘突出症,medicament_heal
通幽汤,萎缩性胃炎,medicament_heal
通幽汤,便秘,medicament_heal
通幽汤,食管癌,medicament_heal
济川煎,便秘,medicament_heal
五仁丸,便秘,medicament_heal
五仁丸,肠易激综合征,medicament_heal
五仁丸,小儿厌食,medicament_heal
半硫丸,便秘,medicament_heal
柴前梅连散,咳嗽,medicament_heal
秦艽鳖甲散,肺结核,medicament_heal
秦艽鳖甲散,咳嗽,medicament_heal
秦艽鳖甲散,盗汗,medicament_heal
清骨散,肺结核,medicament_heal
蒿芩清胆汤,感冒,medicament_heal
蒿芩清胆汤,系统性红斑狼疮,medicament_heal
蒿芩清胆汤,急性阑尾炎,medicament_heal
蒿芩清胆汤,胆囊炎,medicament_heal
蒿芩清胆汤,慢性乙型肝炎,medicament_heal
蒿芩清胆汤,咳嗽,medicament_heal
蒿芩清胆汤,功能性消化不良,medicament_heal
蒿芩清胆汤,便秘,medicament_heal
蒿芩清胆汤,带状疱疹,medicament_heal
蒿芩清胆汤,更年期综合征,medicament_heal
蒿芩清胆汤,眩晕,medicament_heal
蒿芩清胆汤,失眠,medicament_heal
蒿芩清胆汤,心悸,medicament_heal
清心莲子饮,遗尿,medicament_heal
清心莲子饮,肾盂肾炎,medicament_heal
清心莲子饮,肾小球肾炎,medicament_heal
清宫汤,病毒性心肌炎,medicament_heal
清震汤,头痛,medicament_heal
三豆饮子,肾病综合征,medicament_heal
三豆饮子,皮炎,medicament_heal
三豆饮子,黄褐斑,medicament_heal
清燥汤,干燥综合征,medicament_heal
二妙散,痛风性关节炎,medicament_heal
二妙散,非淋菌性尿道炎,medicament_heal
二妙散,湿疹,medicament_heal
二妙散,脓疱疮,medicament_heal
当归贝母苦参丸,慢性前列腺炎,medicament_heal
当归贝母苦参丸,前列腺增生,medicament_heal
当归贝母苦参丸,便秘,medicament_heal
香连化滞丸,溃疡性结肠炎,medicament_heal
香连化滞丸,细菌性痢疾,medicament_heal
葛根黄芩黄连汤,放射性直肠炎,medicament_heal
葛根黄芩黄连汤,腹泻,medicament_heal
栀子柏皮汤,痤疮,medicament_heal
银黄片,上呼吸道感染,medicament_heal
银黄片,咳嗽,medicament_heal
清瘟败毒饮,手足口病,medicament_heal
清瘟败毒饮,脓毒症,medicament_heal
清瘟败毒饮,肾综合征出血热,medicament_heal
清瘟败毒饮,银屑病,medicament_heal
化斑汤,玫瑰糠疹,medicament_heal
化斑汤,过敏性紫癜,medicament_heal
神犀丹,痛风,medicament_heal
竹叶汤,头痛,medicament_heal
竹叶汤,咳嗽,medicament_heal
竹叶汤,便秘,medicament_heal
竹叶汤,自汗,medicament_heal
竹叶汤,贫血,medicament_heal
竹叶汤,心悸,medicament_heal
三物黄芩汤,失眠,medicament_heal
三物黄芩汤,盗汗,medicament_heal
清络饮,类风湿关节炎,medicament_heal
清络饮,乙肝,medicament_heal
清空膏,偏头痛,medicament_heal
清空膏,头痛,medicament_heal
连附六一汤,蛔虫病,medicament_heal
连附六一汤,哮喘,medicament_heal
连附六一汤,上呼吸道感染,medicament_heal
连附六一汤,小儿泄泻,medicament_heal
清凉涤暑法,上呼吸道感染,medicament_heal
清凉涤暑法,感冒,medicament_heal
竹叶石膏汤,食管炎,medicament_heal
竹叶石膏汤,病毒性心肌炎,medicament_heal
竹叶石膏汤,口腔溃疡,medicament_heal
竹叶石膏汤,心悸,medicament_heal
竹叶石膏汤,2型糖尿病,medicament_heal
竹叶石膏汤,血尿,medicament_heal
栀子豉汤,抑郁症,medicament_heal
栀子豉汤,焦虑症,medicament_heal
栀子豉汤,失眠,medicament_heal
栀子豉汤,食管炎,medicament_heal
栀子豉汤,失眠症,medicament_heal
石膏汤,感冒,medicament_heal
石膏汤,高热,medicament_heal
大金花丸,输尿管结石,medicament_heal
白虎加人参汤,2型糖尿病,medicament_heal
白虎加人参汤,高热,medicament_heal
桂枝加大黄汤,感冒,medicament_heal
桂枝加大黄汤,荨麻疹,medicament_heal
桂枝加大黄汤,风疹,medicament_heal
桂枝加大黄汤,慢性阑尾炎,medicament_heal
桂枝加大黄汤,胃扭转,medicament_heal
桂枝加大黄汤,肠梗阻,medicament_heal
桂枝加大黄汤,腹痛,medicament_heal
桂枝加大黄汤,便秘,medicament_heal
小续命汤,脑梗死,medicament_heal
小续命汤,高血压,medicament_heal
小续命汤,面神经麻痹,medicament_heal
小续命汤,中风,medicament_heal
再造散,感冒,medicament_heal
参苏饮,上呼吸道感染,medicament_heal
宣毒发表汤,麻疹,medicament_heal
宣毒发表汤,高热,medicament_heal
竹叶柳蒡汤,手足口病,medicament_heal
竹叶柳蒡汤,肾小球肾炎,medicament_heal
竹叶柳蒡汤,口腔溃疡,medicament_heal
升麻葛根汤,麻疹,medicament_heal
升麻葛根汤,荨麻疹,medicament_heal
升麻葛根汤,腹泻,medicament_heal
升麻葛根汤,高热,medicament_heal
升麻葛根汤,脱水,medicament_heal
菊花茶调散,头痛,medicament_heal
菊花茶调散,偏头痛,medicament_heal
菊花茶调散,眩晕,medicament_heal
羌蓝汤,痄腮,medicament_heal
清上蠲痛汤,三叉神经痛,medicament_heal
清上蠲痛汤,头痛,medicament_heal
散偏汤,头痛,medicament_heal
散偏汤,偏头痛,medicament_heal
散偏汤,多囊卵巢综合征,medicament_heal
散偏汤,闭经,medicament_heal
侯氏黑散,高血压,medicament_heal
侯氏黑散,脑梗死,medicament_heal
侯氏黑散,中风,medicament_heal
升降散,扁桃体炎,medicament_heal
升降散,细菌性肺炎,medicament_heal
升降散,脓毒症,medicament_heal
桂枝加龙骨牡蛎汤,更年期综合征,medicament_heal
桂枝加龙骨牡蛎汤,窦性心动过缓,medicament_heal
桂枝加龙骨牡蛎汤,房室传导阻滞,medicament_heal
双解散,感冒,medicament_heal
双解散,荨麻疹,medicament_heal
双解散,生殖器疱疹,medicament_heal
防风通圣散,哮喘,medicament_heal
防风通圣散,肥胖症,medicament_heal
防风通圣散,荨麻疹,medicament_heal
防风通圣散,痤疮,medicament_heal
防风通圣散,医院获得性肺炎,medicament_heal
神术散,上呼吸道感染,medicament_heal
神术散,腹泻,medicament_heal
神术散,咳嗽,medicament_heal
香薷散,咽炎,medicament_heal
香薷散,腹泻,medicament_heal
桂枝去芍药加蜀漆牡蛎龙骨救逆汤,心悸,medicament_heal
香苏散,感冒,medicament_heal
香苏散,腹痛,medicament_heal
葱豉汤,感冒,medicament_heal
葱豉汤,高热,medicament_heal
五积散,类风湿关节炎,medicament_heal
五积散,多囊卵巢综合征,medicament_heal
五积散,荨麻疹,medicament_heal
午时茶,上呼吸道感染,medicament_heal
午时茶,弱视,medicament_heal
午时茶,功能性消化不良,medicament_heal
午时茶,胃溃疡,medicament_heal
午时茶,十二指肠溃疡,medicament_heal
午时茶,腹痛,medicament_heal
葛根汤,感冒,medicament_heal
葛根汤,腹泻,medicament_heal
葛根汤,颈椎病,medicament_heal
葛根汤,面瘫,medicament_heal
葛根汤,脱水,medicament_heal
荆防败毒散,上呼吸道感染,medicament_heal
荆防败毒散,流行性腮腺炎,medicament_heal
荆防败毒散,水痘,medicament_heal
荆防败毒散,感冒,medicament_heal
荆防败毒散,疱疹性角膜炎,medicament_heal
柴葛解肌汤,感冒,medicament_heal
柴葛解肌汤,头痛,medicament_heal
柴葛解肌汤,单纯疱疹,medicament_heal
栝楼桂枝汤,头痛,medicament_heal
栝楼桂枝汤,颈椎病,medicament_heal
栝楼桂枝汤,中风,medicament_heal
桂枝加厚朴杏子汤,哮喘,medicament_heal
桂枝加厚朴杏子汤,心力衰竭,medicament_heal
桂枝加厚朴杏子汤,咳嗽,medicament_heal
越婢汤,类风湿关节炎,medicament_heal
越婢汤,水肿,medicament_heal
桂枝加葛根汤,头痛,medicament_heal
桂枝加葛根汤,颈椎病,medicament_heal
桂枝加葛根汤,帕金森病,medicament_heal
桂枝加芍药汤,腹痛,medicament_heal
桂枝加芍药汤,十二指肠溃疡,medicament_heal
桂枝加芍药汤,不安腿综合征,medicament_heal
麻黄附子细辛汤,咳嗽,medicament_heal
麻黄附子细辛汤,哮喘,medicament_heal
麻黄附子细辛汤,荨麻疹,medicament_heal
麻黄附子细辛汤,风湿,medicament_heal
麻黄附子细辛汤,老年人支气管哮喘,medicament_heal
麻黄附子细辛汤,高血压,medicament_heal
麻黄附子细辛汤,风湿性关节炎,medicament_heal
二仙汤,早衰,medicament_heal
二仙汤,肾小球肾炎,medicament_heal
补肾强身片,尿频,medicament_heal
补肾强身片,前列腺肥大症,medicament_heal
补肾强身片,性功能障碍,medicament_heal
补肾强身片,不孕不育,medicament_heal
五子补肾丸,弱精子症,medicament_heal
五子补肾丸,阳痿,medicament_heal
五子补肾丸,肾虚,medicament_heal
五子补肾丸,不孕不育,medicament_heal
五子补肾丸,早泄,medicament_heal
五子补肾丸,精液异常,medicament_heal
五子补肾丸,闭经,medicament_heal
五子补肾丸,功能失调性子宫出血,medicament_heal
五子补肾丸,更年期综合征,medicament_heal
五子补肾丸,肾病综合征,medicament_heal
五子补肾丸,遗尿,medicament_heal
五子补肾丸,口腔溃疡,medicament_heal
毓麟珠,闭经,medicament_heal
赞育丹,阳痿,medicament_heal
菟丝子丸,遗尿,medicament_heal
菟丝子丸,闭经,medicament_heal
无比山药丸,肾病综合征,medicament_heal
无比山药丸,尿频,medicament_heal
无比山药丸,尿急,medicament_heal
无比山药丸,水肿,medicament_heal
济生肾气丸,前列腺增生,medicament_heal
济生肾气丸,肾小球肾炎,medicament_heal
济生肾气丸,神经源性膀胱,medicament_heal
济生肾气丸,水肿,medicament_heal
龟鹿二仙胶,老年性痴呆,medicament_heal
龟鹿二仙胶,精液异常,medicament_heal
龟鹿二仙胶,再生障碍性贫血,medicament_heal
龟鹿二仙胶,贫血,medicament_heal
右归饮,不孕不育,medicament_heal
右归饮,多囊卵巢综合征,medicament_heal
右归饮,强直性脊柱炎,medicament_heal
右归饮,股骨头坏死,medicament_heal
右归饮,哮喘,medicament_heal
右归饮,眩晕,medicament_heal
右归饮,类风湿关节炎,medicament_heal
右归饮,类风湿,medicament_heal
右归丸,更年期综合征,medicament_heal
右归丸,多囊卵巢综合征,medicament_heal
右归丸,勃起功能障碍,medicament_heal
右归丸,阿尔茨海默病,medicament_heal
右归丸,骨质疏松,medicament_heal
右归丸,再生障碍性贫血,medicament_heal
右归丸,慢性支气管炎,medicament_heal
右归丸,甲状腺功能减退症,medicament_heal
右归丸,腹痛,medicament_heal
右归丸,阳痿,medicament_heal
右归丸,肾虚,medicament_heal
全鹿丸,性功能障碍,medicament_heal
全鹿丸,子宫脱垂,medicament_heal
全鹿丸,尿频,medicament_heal
全鹿丸,遗尿,medicament_heal
全鹿丸,慢性肾衰竭,medicament_heal
全鹿丸,十二指肠溃疡,medicament_heal
全鹿丸,萎缩性胃炎,medicament_heal
全鹿丸,心悸,medicament_heal
增液汤,便秘,medicament_heal
增液汤,咳嗽,medicament_heal
增液汤,慢性咽炎,medicament_heal
增液汤,口腔溃疡,medicament_heal
增液汤,慢性牙周炎,medicament_heal
增液汤,萎缩性胃炎,medicament_heal
增液汤,高血压,medicament_heal
增液汤,干燥综合征,medicament_heal
增液汤,瘙痒症,medicament_heal
