﻿辛温解表药,xinwenjiebiaoyao,解表药
辛凉解表药,xinliangjiebiaoyao,解表药
清虚热药,qingxureyao,清热药
清热解毒药,qingrejieduyao,清热药
清热泻火药,qingrexiehuoyao,清热药
清热量血药,qingreliangxueyao,清热药
清热燥湿药,qingrezaoshiyao,清热药
祛风湿散寒药,qufenghanshiyao,祛风湿药
祛风湿清热药,qufengshireyao,祛风湿药
祛风湿强筋药,qufengshiqiangjinguyao,祛风湿药
攻下药,gongxiayao,泻下药
润下药,runxiayao,泻下药
峻下逐水药,junxiazhushuiyao,泻下药
利水消肿药,lishuixiaozhongyao,利水渗湿药
利尿通淋药,liniaotonglinyao,利水渗湿药
利湿退黄药,lishituihuangyao,利水渗湿药
收敛止血药,shoulianzhixueyao,止血药
凉血止血药,liangxuezhixueyao,止血药
化瘀止血药,huayuzhixueyao,止血药
温经止血药,wenjingzhixueyao,止血药
活血止痛药,huoxuezhitongyao,活血化瘀药
活血调经药,huoxuediaojingyao,活血化瘀药
活血疗伤药,huoxueliaoshangyao,活血化瘀药
破血消癥药,poxuexiaozhengyao,活血化瘀药
温化寒痰药,wenhuahantanyao,化痰止咳平喘药
清化热痰药,qinghuaretanyao,化痰止咳平喘药
止咳平喘药,zhikepingchuanyao,化痰止咳平喘药
重镇安神药,zhongzhenanshenyao,安神药
养心安神药,yangxinanshenyao,安神药
平抑肝阳药,pingyiganyangyao,平肝息风药
息风止痉药,xifengzhijingyao,平肝息风药
补气药,buqiyao,补虚药
补阳药,buyangyao,补虚药
补血药,buxueyao,补虚药
补阴药,buyinyao,补虚药
固表止汗药,gubiaozhihanyao,收涩药
敛肺涩肠药,lianfeisechangyao,收涩药
固精缩尿止带药,gujingsuoniaozhidaiyao,收涩药
涌吐药,yongtuyao,其他
杀虫止痒药,shachongzhiyangyao,其他
拔毒生肌药,badushengjiyao,其他
化湿药,huashiyao,其他
驱虫药,quchongyao,其他
消食药,xiaoshiyao,其他
温里药,wenliyao,其他
开窍药,kaiqiaoyao,其他
理气药,liqiyao,其他
