﻿酢浆草,寒,酸
醉鱼草,温,苦、辛
走马胎,温,辛
棕榈,平,苦、涩
自然铜,平,辛
紫珠叶,凉,苦、涩
紫苑,温,辛、苦
紫玉簪,平,甘
紫苏子,温,辛
紫苏叶,温,辛
紫苏梗,温,辛
紫石英,温,甘
紫梢花,温,甘
紫花前胡,寒,苦、辛
紫花地丁,寒,苦、辛
紫河车,温,甘、咸
紫草茸,平,甘、咸
紫草,寒,甘、咸
紫贝齿,平,咸
梓实,平,甘
苎麻根,寒,甘
竹叶椒,温,辛、微苦
竹茹,微寒,甘
竹沥,寒,甘、苦
竹节参,温,甘、微苦
猪牙皂,温,辛、咸
猪苓,平,甘
猪胆粉,寒,苦
珠子参,寒,苦、甘
朱砂根,凉,苦、辛
朱砂,微寒,甘
重楼,微寒,苦
肿节风,平,苦、辛
钟乳石,温,甘
炙黄芪,温,甘
炙甘草,温,甘
枳实,微寒,苦、辛、酸
枳壳,温,苦、辛、酸
枳椇子,平,甘
蜘蛛香,温,微苦、辛
栀子,寒,苦
知母,寒,苦、甘
珍珠母,寒,咸
珍珠,寒,甘、咸
浙贝母,寒,苦
赭石,寒,苦
掌叶半夏,温,苦、辛
长春花,寒,苦
樟脑,热,辛
樟木,温,辛
樟柳头,寒,辛
泽泻,寒,甘、淡
泽漆,微寒,辛、苦
泽兰,微温,苦
皂角刺,温,辛
皂角,温,辛、咸
芸薹子,平,辛、甘
云南草蔻,温,辛
粤丝瓜络,平,甘
月季花,温,甘
远志,温,苦、辛
芫荽子,平,辛
芫花,温,苦、辛
元宝草,寒,辛、苦
预知子,寒,苦
郁李仁,平,辛、苦、甘
郁金,寒,辛、苦
玉竹,微寒,甘
玉叶金花,凉,甘、微苦
玉米须,平,甘
禹州漏芦,寒,苦
禹余粮,微寒,甘、涩
鱼腥草,微寒,辛
余甘子,凉,甘、酸、涩
油松节,温,苦、辛
迎春花,平,苦、微辛
鹰不泊,微温,苦、辛
樱桃核,温,辛
罂粟壳,平,酸、涩
淫羊藿,温,辛、甘
银杏叶,平,甘、苦、涩
银耳,平,甘
银柴胡,微寒,甘
茵陈,微寒,苦、辛
阴香皮,温,辛、甘
阴香根,温,辛、微甘
翼首草,寒,苦
薏苡仁,凉,甘、淡
益智,温,辛
益母草,微寒,苦、辛
伊贝母,微寒,苦、甘
一枝黄花,凉,辛、苦
一支箭,微寒,苦、甘
一点血,微寒,甘、苦
叶象花,寒,苦、涩
叶下珠,寒,微苦
野棉花,寒,苦
野马追,平,苦
野菊花,微寒,苦、辛
洋金花,温,辛
阳起石,温,咸
羊蹄草,凉,微苦
羊蹄,寒,苦
羊耳菊,温,辛、甘、微苦
燕窝,平,甘
盐蛇干,寒,咸
岩椒草,凉,辛、苦
岩参,平,辛
延胡索,温,辛、苦
亚麻子,平,甘
鸭跖草,寒,甘、淡
鸭脚木皮,凉,苦
鸦胆子,寒,苦
荨麻,温,苦、辛
寻骨风,平,辛、苦
血余炭,平,苦
血竭,平,甘、咸
雪上一枝蒿,温,苦、辛
旋覆花,微温,苦、辛、咸
玄明粉,寒,辛、咸
玄参,微寒,甘、苦、咸
萱草根,凉,甘
续断,微温,苦、辛
徐长卿,温,辛
熊胆,寒,苦
雄黄,温,辛
辛夷,温,辛
薤白,温,辛、苦
缬草,平,苦、微甘
小叶莲,平,甘
小通草,寒,甘、淡
小蓟,凉,甘、苦
小茴香,温,辛
小飞扬草,凉,酸、涩
小檗皮,寒,苦
小驳骨,温,辛
香橼,温,辛、苦、酸
香加皮,温,辛、苦
香附,平,辛、微苦、微甘
相思子,平,苦
仙人掌,寒,苦
仙茅,热,辛
仙鹤草,平,苦、涩
夏天无,温,苦、微辛
夏枯草,寒,辛、苦
霞草,微寒,甘、辛
细辛,温,辛
喜树果,寒,苦、涩
豨莶草,寒,辛、苦
溪黄草,寒,苦
菥蓂,微寒,辛
西洋参,凉,甘、微苦
西青果,平,苦、微甘、涩
西红花,平,甘
西河柳,平,甘、辛
西瓜皮,凉,甘
西番莲,温,苦
五指毛,微温,甘
五味子,温,酸、甘
五灵脂,温,咸、甘
五加皮,温,辛、苦
五倍子,寒,酸、涩
蜈蚣,温,辛
梧桐子,平,甘
吴茱萸,热,辛、苦
无患子,凉,苦、微辛
无花果,平,甘
无根藤,凉,淡
巫山淫羊藿,温,辛、甘
乌药,温,辛
乌梢蛇,平,甘
乌梅,平,酸、涩
乌蔹莓,寒,苦、酸
乌桕子,凉,甘
问荆,平,苦
委陵菜,寒,苦
威灵仙,温,辛、咸
王不留行,平,苦
瓦松,凉,酸、苦
瓦楞子,平,咸
菟丝子,平,辛、甘
兔儿伞,微温,辛
土三七,温,甘、苦
土人参,平,甘、淡
土牛膝,微寒,苦、酸
土木香,温,辛、苦
土荆皮,温,辛
土荆芥,微温,苦、辛
土茯苓,平,甘、淡
土党参,平,甘
土大黄,凉,苦、辛
土鳖虫,寒,咸
土贝母,微寒,苦
透骨香,温,辛
透骨草,温,辛
通草,微寒,甘、淡
葶苈子,大寒,辛、苦
铁皮石斛,微寒,甘
铁包金,平,甘、淡、涩
甜瓜子,寒,甘
甜瓜蒂,寒,苦
甜地丁,寒,甘、苦
天竺黄,寒,甘
天仙子,温,苦、辛
天仙藤,温,苦
天山雪莲,温,微苦
天南星,温,苦、辛
天麻,平,甘
天葵子,寒,甘、苦
天花粉,微寒,甘、微苦
天胡荽,寒,苦、辛
天冬,寒,甘、苦
桃枝,平,苦
桃仁,平,苦、甘
檀香,温,辛
太子参,平,甘、微苦
太白米,微温,辛、苦
太白参,温,甘、微苦
锁阳,温,甘
娑罗子,温,甘
酸枣仁,平,甘、酸
苏木,平,甘、咸
苏合香,温,辛
松香,温,苦、甘
松花粉,温,甘
四叶参,温,甘
四块瓦,温,辛
四季青,凉,苦、涩
丝瓜络,平,甘
水蛭,平,咸、苦
水翁花,寒,苦
水牛角,寒,苦
水茴香,温,辛、甘
水红花子,微寒,咸
水河剑,寒,微苦、涩
水飞蓟,寒,苦
水朝阳,微温,苦、咸
水半夏,温,辛
双参,温,苦
鼠曲草,平,甘
鼠李,平,甘、微苦
熟地黄,微温,甘
首乌藤,平,甘
柿蒂,平,苦、涩
使君子,温,甘
石韦,微寒,苦、甘
石蒜,温,辛、苦
石上柏,凉,甘、微苦、涩
石楠叶,平,辛、苦
石南藤,温,辛
石榴皮,温,酸、涩
石决明,寒,咸
石斛,微寒,甘
石膏,大寒,甘、辛
石吊兰,温,苦
石菖蒲,微温,辛、苦
石蝉草,凉,淡、微苦
十萼茄,凉,涩
蓍草,平,酸、苦
生姜皮,凉,辛
生姜,微温,辛
升麻,微寒,辛、微甘
肾茶,凉,微苦
伸筋草,温,微苦、辛
麝香,温,辛
射干,寒,苦
蛇蜕,平,咸、甘
蛇莓,寒,甘、苦
蛇床子,温,辛、苦
商陆,寒,苦
山茱萸,微温,酸、涩
山芝麻,寒,苦
山楂叶,平,酸
山楂,微温,酸、甘
山萸肉,微温,酸、涩
山银花,寒,甘
山药,平,甘
山柰,温,辛
山木通,平,辛、苦
山麦冬,微寒,甘、微苦
山菅兰,温,辛
山豆根,寒,苦
山大颜,凉,苦
山慈菇,凉,甘、微辛
砂仁,温,辛
沙苑子,温,甘
沙棘,温,酸、涩
桑枝,平,苦
桑叶,寒,甘、苦
桑椹,寒,甘、酸
桑螵蛸,平,甘、咸
桑寄生,平,苦、甘
桑白皮,寒,甘
三丫苦,寒,苦
三七,温,甘、微苦
三棱,平,辛、苦
三棵针,寒,苦
三分三,温,苦、辛
三白草,寒,甘、辛
蕤仁,,
乳香,温,辛、苦
肉桂,大热,辛、甘
肉豆蔻,温,辛
肉苁蓉,温,甘、咸
榕树叶,微寒,微苦、涩
日草根,凉,甘
忍冬藤,寒,甘
人参叶,寒,苦、甘
人参,温,甘、微苦
拳参,微寒,苦、涩
全蝎,平,辛
瞿麦,寒,苦
苘麻子,凉,苦
青叶胆,寒,苦、甘
青羊参,温,甘、辛
青葙子,微寒,苦
青天葵,凉,甘
青皮,温,苦、辛
青牛胆,寒,苦
青木香,寒,辛、苦
青礞石,,
青蒿,寒,苦、辛
青果,平,甘、酸
青风藤,平,苦、辛
青黛,寒,咸
秦皮,寒,苦、涩
秦艽,平,苦、辛
羌活,温,辛、苦
茜草,寒,苦
芡实,平,甘、涩
前胡,微寒,苦、辛
牵牛子,寒,苦
千日红,平,甘
千年健,温,苦、辛
千里光,寒,苦
千金子,温,辛
千斤拔,平,甘、微涩
荠苨,寒,甘
荠菜,凉,甘、淡
七叶一枝花,微寒,苦
七叶莲,温,辛、微苦
蒲黄,平,甘
蒲公英,寒,苦、甘
平贝母,微寒,苦、甘
片姜黄,温,辛、苦
辟汗草,凉,辛、苦
啤酒花,微凉,苦
枇杷叶,微寒,苦
硼砂,凉,甘、咸
佩兰,平,辛
胖大海,寒,甘
盘龙七,平,涩、微苦
盘龙参,平,甘、苦
爬山虎,温,辛、微涩
藕节,平,甘、涩
女贞子,凉,甘、苦
糯稻根,平,甘
扭肚藤,凉,微苦
牛至,凉,辛、微苦
牛膝,平,苦、酸
牛黄,凉,甘
牛耳枫,凉,辛、甘
牛大力,平,甘
牛蒡子,寒,辛、苦
闹羊花,温,辛
硇砂,温,咸、苦、辛
南五味子,温,酸、甘
南天竹叶,寒,苦
南山楂,微温,酸、甘
南沙参,微寒,甘
南鹤虱,平,辛、微苦
南瓜子,平,甘
南板蓝根,寒,苦
木贼,平,甘、苦
木香,温,辛、苦
木通,寒,苦
木棉花,凉,甘、淡
木槿皮,微寒,甘、苦
木槿花,凉,甘、苦
木蝴蝶,凉,苦、甘
木瓜,温,酸
木芙蓉叶,凉,微辛、苦
木防己,寒,苦、辛
木耳,平,甘
木鳖子,凉,苦、微甘
牡蛎,微寒,咸
牡荆叶,平,微苦、辛
牡蒿,凉,苦、微甘
牡丹皮,微寒,苦、辛
母丁香,温,辛
墨旱莲,寒,甘、酸
茉莉花,温,辛、微甘
明党参,微寒,甘、微苦
绵马贯众,微寒,苦
绵萆薢,平,苦
密蒙花,微寒,甘
猕猴桃,寒,酸、甘
虻虫,凉,苦
梅花,平,微酸
玫瑰花,温,甘、微苦
没药,平,辛、苦
毛诃子,平,甘、涩
毛草龙,凉,微苦
猫爪草,温,甘、辛
芒硝,寒,咸、苦
蔓荆子,微寒,辛、苦
满山红,温,辛、苦
麦芽,平,甘
麦冬,微寒,甘、微苦
马尾连,寒,苦
马蹄金,凉,辛、苦
马桑根,凉,苦、酸
马钱子,温,苦
马蔺子,平,甘
马兰,凉,辛
马兜铃,微寒,苦
马齿苋,寒,酸
马勃,平,辛
马鞭草,凉,苦
马宝,凉,甘、咸
麻油,凉,甘
麻黄根,平,甘、涩
麻黄,温,辛、微苦
葎草,寒,甘、苦
绿豆,寒,甘
落地生根,寒,微酸、涩
络石藤,微寒,苦
萝芙木,寒,苦
罗勒,温,辛
罗汉果,凉,甘
罗布麻叶,凉,甘、苦
路路通,平,苦
鹿药,温,甘、苦
鹿衔草,温,甘、苦
鹿茸,温,甘、咸
陆英,平,甘、微苦
炉甘石,平,甘
芦荟,寒,苦
芦根,寒,甘
漏芦,寒,苦
龙眼肉,温,甘
龙涎香,温,甘、酸、涩
龙脷叶,平,甘、淡
龙葵,寒,苦
龙骨,平,涩、甘
龙胆,寒,苦
龙齿,凉,甘、涩
六月寒,平,辛、微苦
六神曲,温,甘、辛
六棱菊,微温,辛、苦
柳枝,寒,苦
硫黄,温,酸
刘寄奴,温,辛、微苦
羚羊角,寒,咸
凌霄花,寒,甘、酸
灵芝,平,甘
灵香草,平,辛、甘
蓼大青叶,寒,苦
两头尖,热,辛
两面针,平,苦、辛
凉粉草,寒,甘、淡
莨菪叶,寒,苦
莲子心,寒,苦
莲子,平,甘、涩
莲房,温,苦、涩
连翘,微寒,苦
连钱草,微寒,辛、微苦
荔枝核,温,甘、微苦
藜芦,寒,辛、苦
藜,平,甘
雷丸,寒,微苦
雷公藤,凉,苦、辛
了哥王,寒,苦、辛
老鹳草,平,苦、辛
榔榆皮,寒,苦
狼毒,平,辛
蓝布正,凉,甘、微苦
莱菔子,平,辛、甘
辣蓼,温,辛
辣椒,热,辛
昆布,寒,咸
款冬花,温,辛、微苦
宽筋藤,凉,微苦
苦玄参,寒,苦
苦杏仁,微温,苦
苦石莲,寒,苦
苦木,寒,苦
苦荬菜,微寒,苦
苦楝皮,寒,甘
苦瓜,寒,苦
苦丁茶,寒,苦、甘
苦地丁,寒,苦
苦地胆,寒,苦、微辛
苦参,寒,苦
榼藤子,平,微甘、涩
决明子,微寒,苦、甘
卷柏,平,辛
橘核,平,苦
菊苣,凉,微苦、咸
菊花,微寒,甘、苦
桔梗,平,苦、辛
救必应,寒,苦
韭菜子,温,辛、甘
九香虫,温,辛、咸
九龙藤,温,甘、微苦
九里香,温,辛、微苦
九层塔,温,辛
景天三七,平,甘、微酸
荆芥,微温,辛
锦灯笼,寒,苦
筋骨草,寒,苦
金樱子,平,酸、甘、涩
金银花,寒,甘
金铁锁,温,苦、辛
金丝草,凉,甘
金荞麦,凉,涩、微辛
金钱草,微寒,甘、咸
金钱白花蛇,温,甘、咸
金礞石,平,甘、咸
金莲花,微寒,苦
金果榄,寒,苦
金沸草,温,苦、辛、咸
芥子,温,辛
绞股蓝,寒,苦
椒目,温,苦、辛
降香,温,辛
僵蚕,平,咸、辛
姜黄,温,苦、辛
剑花,微寒,甘
假芫茜,温,辛、微苦
檵木叶,凉,苦、涩
寄生黄,寒,苦、涩
蒺藜,微温,辛、苦
急性子,温,微苦、辛
吉祥草,凉,甘
积雪草,寒,苦、辛
鸡爪大黄,寒,苦
鸡眼草,凉,苦
鸡血藤,温,苦、甘
鸡矢藤,平,甘、苦
鸡内金,平,甘
鸡冠花,凉,甘、涩
鸡骨香,温,辛、苦
鸡骨草,凉,甘、微苦
鸡蛋花,平,甘、微苦
藿香,微温,辛
火炭母,微寒,微酸、涩
火麻仁,平,甘
回回蒜,微温,辛、淡
黄药子,平,苦
黄藤,寒,苦
黄蜀葵,凉,甘
黄芩,寒,苦
黄芪,微温,甘
黄皮核,微温,辛、苦
黄连,寒,苦
黄精,平,甘
黄荆子,温,辛、苦
黄花倒水莲,平,甘、微苦
黄柏,寒,苦
槐枝,平,苦
槐角,寒,苦
槐花,微寒,苦
化橘红,温,辛、苦
滑石,寒,甘、淡
华山参,热,甘、微苦
花蕊石,平,酸、涩
花椒,温,辛
琥珀,平,甘
虎杖,微寒,微苦
虎耳草,寒,微苦
槲寄生,平,苦
湖北贝母,凉,微苦
葫芦茶,凉,苦、涩
葫芦,平,甘、淡
胡颓子叶,平,酸
胡荽,温,辛
胡芦巴,温,苦
胡椒,热,辛
胡黄连,寒,苦
厚朴花,温,苦
厚朴,温,苦、辛
猴耳环,微寒,微苦、涩
红鱼眼,平,微涩
红药子,微寒,微苦、涩
红天葵,凉,甘、淡
红丝线,寒,辛、苦
红曲,温,甘
红芪,温,甘
红景天,平,甘、苦
红花,温,辛
红粉,热,辛
红豆蔻,温,辛
红大戟,寒,苦
红参,温,甘、微苦
黑种草子,温,甘、辛
黑芝麻,平,甘
黑豆,平,甘
鹤虱,平,辛、苦
鹤草芽,凉,苦、涩
核桃仁,温,甘
荷叶,平,苦
何首乌,温,苦、甘、涩
合欢皮,平,甘
合欢花,平,甘
诃子,平,苦、酸、涩
汉桃叶,温,微苦、涩
蔊菜,微温,辛、苦
海藻,寒,苦、咸
海芋,凉,辛
海桐皮,平,苦、辛
海螵蛸,温,咸、涩
海马,温,甘、咸
海龙,温,甘、咸
海金沙,寒,甘
海蛤壳,微寒,咸
海浮石,寒,咸
海风藤,微温,辛
海参,平,甘、咸
蛤蚧,平,咸
桂枝,温,辛、甘
桂皮,温,辛、甘
桂花,温,辛
鬼针草,寒,苦
鬼箭羽,寒,苦
龟甲,微寒,咸、甘
广枣,平,甘、酸
广升麻,微寒,辛、微甘
广山药,平,甘
广昆布,寒,咸
广金钱草,凉,甘、淡
广藿香,微温,辛
广东紫荆皮,微寒,甘、涩
广东王不留行,平,甘、微涩
广东土牛膝,寒,苦、甘
广东络石藤,微寒,苦
广东刘寄奴,温,苦
广东狼毒,寒,辛
广东合欢花,平,甘
广东海桐皮,微寒,辛、微苦
广东海风藤,温,苦、辛
贯众,微寒,苦
贯叶金丝桃,寒,辛
关黄柏,寒,苦
瓜子金,平,辛、苦
瓜蒌,寒,甘、微苦
骨碎补,温,苦
谷芽,温,甘
谷精草,平,辛、甘
枸杞子,平,甘
枸骨叶,凉,苦
狗肾,温,咸
狗脊,温,苦、甘
狗肝菜,凉,甘、微苦
钩藤,凉,甘
功劳木,寒,苦
葛根,凉,甘、辛
藁本,温,辛
高良姜,热,辛
杠板归,寒,酸
岗稔根,平,甘、微涩
岗梅根,凉,苦、甘
干漆,温,辛
干姜,热,辛
甘遂,寒,苦
甘肃丹参,微寒,苦
甘松,温,辛、甘
甘草,平,甘
覆盆子,温,甘、酸
附子,热,辛、甘
浮小麦,凉,甘
浮萍,寒,辛
茯神,平,甘、淡
茯苓,平,甘、淡
扶桑花,寒,甘
扶芳藤,微温,微苦
伏龙肝,温,辛
佛手,温,辛、苦、酸
佛甲草,寒,甘
凤眼果,平,甘
凤尾草,寒,微苦
凤凰衣,平,甘、淡
蜂房,平,甘
枫香脂,平,辛、微苦
粉葛,凉,甘、辛
粉萆薢,平,苦
榧子,平,甘
飞天蠄蟧,平,苦、涩
飞龙掌血,温,辛、苦
防己,寒,苦
防风草,温,辛、苦
防风,温,甘、辛
方解石,寒,苦、辛
翻白草,平,甘、微苦
番泻叶,寒,甘、苦
番石榴叶,平,甘、涩
儿茶,微寒,苦、涩
鹅不食草,温,辛
峨参,微温,甘、辛
莪术,温,辛、苦
断血流,凉,苦、涩
杜仲叶,温,微辛
杜仲,温,甘
独一味,平,甘、苦
独脚金,平,甘、淡
独活,微温,辛、苦
豆蔻,温,辛
豆豉姜,温,辛、苦
冬凌草,微寒,苦、甘
冬葵子,寒,甘
冬葵果,凉,甘、涩
冬瓜皮,凉,甘
冬虫夏草,平,甘
东风橘,微温,辛、苦
丁香罗勒油,,
丁香,温,辛
丁公藤,温,辛
颠茄草,气微,微苦、辛
地榆,微寒,苦、酸、涩
地桃花,微寒,甘、淡
地稔根,平,微酸、涩
地龙,寒,咸
地锦草,平,苦、辛
鲜地黄,寒,甘、苦
生地黄,寒,甘
地骨皮,寒,甘
地肤子,寒,甘、苦
地枫皮,温,涩、微辛
地耳草,凉,甘、微苦
地不容,寒,苦
灯盏细辛,温,辛、微苦
灯心草,微寒,甘、淡
稻芽,温,甘
倒扣草,寒,甘、淡
刀豆,温,甘
党参,平,甘
当药,寒,苦
当归,温,甘、辛
淡竹叶,寒,甘、淡
淡豆豉,凉,苦、辛
胆南星,凉,苦、微辛
胆矾,寒,酸、辛
单叶蔓荆子,微寒,辛、苦
丹参,微寒,苦
玳瑁,寒,甘、咸
大枣,温,甘
大叶紫珠,平,辛、苦
大叶桉叶,平,苦、辛
大血藤,平,苦
大蒜,温,辛
大青叶,寒,苦
大青盐,寒,咸
大蓟,凉,甘、苦
大戟,寒,苦
大黄,寒,苦
大腹皮,微温,辛
大风子,热,辛
大风艾,温,辛、苦
大飞扬草,寒,辛、酸
大豆黄卷,平,甘
大驳骨,平,辛、苦
翠云草,凉,甘、淡
楤木,平,甘、微苦
葱子,温,辛
葱白,温,辛
刺苋菜,凉,甘、淡
刺五加,,
刺猬皮,平,苦
磁石,寒,咸
椿皮,寒,苦、涩
春不见,微寒,甘、苦
垂盆草,凉,甘、淡
穿心莲,寒,苦
穿山龙,温,甘、苦
穿山甲,微寒,咸
穿破石,凉,淡、微苦
川续断,微温,苦、辛
川芎,温,辛
川乌,热,辛、苦
川射干,寒,苦
川牛膝,平,甘、微苦
川木香,温,辛、苦
川木通,寒,苦
川楝子,寒,苦
川贝母,微寒,苦、甘
楮实子,寒,甘
臭梧桐,平,苦、甘
臭牡丹,平,苦、辛
臭灵丹草,凉,辛、苦
虫牙药,凉,苦、微辛
虫白蜡,温,甘、淡
茺蔚子,微寒,辛、甘
赤小豆,平,甘、酸
赤石脂,温,甘、酸、涩
赤芍,微寒,苦
陈皮,温,辛、苦
沉香,微温,辛、苦
车前草,寒,甘
常山,寒,苦、辛
蟾酥,温,辛
蝉蜕,寒,甘
蝉花,寒,甘
柴胡,微寒,苦
侧柏叶,寒,苦、涩
草乌叶,平,辛、涩
草乌,热,辛、苦
草果,温,辛
草豆蔻,温,辛
藏菖蒲,温,苦、辛
苍术,温,辛、苦
苍耳子,温,辛、苦
蚕沙,温,甘、辛
布渣叶,微寒,甘、淡
补骨脂,温,辛、苦
卜芥,寒,微苦
博落回,温,辛、苦
冰片,寒,辛、苦
槟榔,温,苦、辛
鳖甲,微寒,咸
扁蓄,微寒,苦
蓖麻子,平,甘、辛
荜澄茄,温,辛
荜茇,热,辛
北沙参,微寒,甘、微苦
北刘寄奴,寒,苦
北豆根,寒,苦
暴马丁香,微寒,苦
薄荷,凉,辛
半枝莲,寒,辛、苦
半夏,温,辛
半枫荷,温,甘
半边莲,平,辛
板蓝根,寒,苦
斑蝥,热,辛
败酱草,凉,辛、苦
柏子仁,平,甘
百合,寒,甘
百部,微温,甘、苦
白芷,温,辛
白英,寒,甘、苦
白药子,凉,苦、辛
白鲜皮,寒,苦
白薇,寒,苦、咸
白头翁,寒,苦
白苏子,温,辛
白术,温,甘、苦
白首乌,平,甘、微苦
白石英,微温,甘、辛
白石花,凉,甘
白芍,微寒,苦、酸
白屈菜,温,辛、苦
白前,微温,辛、苦
白茅根,寒,甘
白马骨,凉,苦、微辛
白蔹,微寒,苦
白兰花,温,苦、辛
白芥子,温,辛
白及,微寒,苦、甘、涩
白花银背藤,温,微涩
白花蛇舌草,凉,微苦、微甘
白花丹,温,辛、苦、涩
白鹤灵芝,平,甘、淡
白果,平,甘、苦、涩
白附子,温,辛
白矾,寒,涩、酸
白扁豆,微温,甘
白背叶根,平,微涩、微苦
菝葜,平,甘、酸
巴戟天,微温,甘、辛
巴豆,热,辛
八楞木,平,苦、辛
八角莲,凉,苦、辛
八角茴香,温,辛
八角枫,温,辛、苦
桉叶油,平,辛、苦
安息香,平,辛、苦
艾叶,温,苦、辛
矮地茶,平,苦、辛
阿魏,温,苦、辛
阿胶,平,甘
