﻿酢浆草,自然铜
醉鱼草,紫葳
走马箭,紫菀
棕榈,紫苏叶
自然铜,紫苏
紫珠叶,紫花地丁
紫苑,紫河车
紫玉簪,紫草
紫苏子,紫参
紫苏叶,竹茹
紫苏梗,竹沥
紫石英,猪苓
紫梢花,朱砂
紫花前胡,枳实
紫花地丁,枳壳
紫河车,蜘蛛
紫草茸,栀子
紫草,知母
紫贝齿,珍珠母
梓实,珍珠
苎麻根,浙贝母
竹叶椒,赭石
竹茹,樟脑
竹沥,泽泻
竹节参,泽漆
猪牙皂,泽兰
猪苓,皂角刺
猪胆粉,皂角
珠子参,皂荚
朱砂根,枣仁
朱砂,暂无
重楼,远志
肿节风,元参
钟乳石,郁李仁
炙黄芪,郁金
炙甘草,禹余粮
枳实,鱼腥草
枳壳,油瓜
枳椇子,罂粟壳
蜘蛛香,银柴胡
栀子,银箔
知母,茵陈
珍珠母,薏苡仁
珍珠,益智仁
浙贝母,饴糖
赭石,野菊花
掌叶半夏,阳起石
长春花,延胡索
樟脑,血竭
樟木,旋覆花
樟柳头,玄胡索
泽泻,玄参
泽漆,续断
泽兰,雄黄
皂角刺,杏仁
皂角,辛夷
芸薹子,薤白
云南草蔻,小麦
粤丝瓜络,小蓟
月季花,小茴香
远志,硝石
芫荽子,象贝
芫花,香橼
元宝草,香薷
预知子,香附子
郁李仁,香附
郁金,香豉
玉竹,仙茅
玉叶金花,仙灵脾
玉米须,夏枯草
禹州漏芦,细辛
禹余粮,豨莶草
鱼腥草,犀角
余甘子,犀黄
油松节,稀莶
迎春花,西河柳
鹰不泊,西瓜
樱桃核,五味子
罂粟壳,五灵脂
淫羊藿,五倍子
银杏叶,蜈蚣
银耳,梧桐叶
银柴胡,梧桐
茵陈,吴茱萸
阴香皮,乌贼骨
阴香根,乌药
翼首草,乌头
薏苡仁,乌梢蛇
益智,乌扇
益母草,乌梅
伊贝母,文蛤
一枝黄花,威灵仙
一支箭,菟丝子
一点血,土鳖虫
叶象花,土贝母
叶下珠,透骨草
野棉花,头发
野马追,铜绿
野菊花,通草
洋金花,葶苈子
阳起石,天竺黄
羊蹄草,天台乌药
羊蹄,天南星
羊耳菊,天门冬
燕窝,天麻
盐蛇干,天葵子
岩椒草,天花粉
岩参,天冬
延胡索,桃枝
亚麻子,桃仁
鸭跖草,桃
鸭脚木皮,檀香
鸦胆子,锁阳
荨麻,酸枣仁
寻骨风,酸枣
血余炭,苏子
血竭,苏叶
雪上一枝蒿,苏木
旋覆花,松香
玄明粉,丝瓜
玄参,水蛭
萱草根,双钩
续断,熟地黄
徐长卿,熟地
熊胆,柿蒂
雄黄,使君子
辛夷,石韦
薤白,石榴皮
缬草,石决明
小叶莲,石黄
小通草,石斛
小蓟,石膏
小茴香,石菖蒲
小飞扬草,生姜
小檗皮,生地黄
小驳骨,生地
香橼,升麻
香加皮,神曲
香附,麝香
相思子,射干
仙人掌,蛇床子
仙茅,商陆
仙鹤草,山茱萸
夏天无,山楂
夏枯草,山药
霞草,山甲
细辛,山豆根
喜树果,砂仁
豨莶草,沙参
溪黄草,桑枝
菥蓂,桑叶
西洋参,桑螵蛸
西青果,桑寄生
西红花,桑白皮
西河柳,三棱
西瓜皮,乳香
西番莲,肉桂
五指毛,肉豆蔻
五味子,肉苁蓉
五灵脂,戎盐
五加皮,人参芦
五倍子,人参
蜈蚣,全蝎
梧桐子,全虫
吴茱萸,瞿麦
无患子,轻粉
无花果,青盐
无根藤,青皮
巫山淫羊藿,青蒿
乌药,青黛
乌梢蛇,秦艽
乌梅,蜣螂
乌蔹莓,羌活
乌桕子,茜草
问荆,芡实
委陵菜,芡
威灵仙,铅粉
王不留行,铅丹
瓦松,牵牛
瓦楞子,蕲蛇
菟丝子,蛴螬
兔儿伞,朴硝
土三七,蒲黄
土人参,蒲公英
土牛膝,枇杷叶
土木香,硼砂
土荆皮,炮姜
土荆芥,胖大海
土茯苓,藕节
土党参,藕
土大黄,女贞子
土鳖虫,牛膝
土贝母,牛乳
透骨香,牛黄
透骨草,牛蒡子
通草,硇砂
葶苈子,木香
铁皮石斛,木通
铁包金,木瓜
甜瓜子,木鳖子
甜瓜蒂,牡蛎
甜地丁,牡丹皮
天竺黄,牡丹
天仙子,母丁香
天仙藤,明矾
天山雪莲,米壳
天南星,梅花
天麻,没药
天葵子,茅术
天花粉,芒硝
天胡荽,蔓荆子
天冬,麦芽
桃枝,麦门冬
桃仁,麦冬
檀香,马钱子
太子参,马兜铃
太白米,马齿苋
太白参,麻油
锁阳,麻黄
娑罗子,绿豆
酸枣仁,络石藤
苏木,鹿茸
苏合香,鹿角霜
松香,鹿角胶
松花粉,鹿角
四叶参,炉甘石
四块瓦,芦头
四季青,芦根
丝瓜络,龙脑
水蛭,龙骨
水翁花,龙胆草
水牛角,龙胆
水茴香,龙齿
水红花子,柳枝
水河剑,柳
水飞蓟,硫磺
水朝阳,硫黄
水半夏,羚羊角
双参,灵药
鼠曲草,两头尖
鼠李,莲子心
熟地黄,莲子
首乌藤,莲须
柿蒂,莲肉
使君子,莲花
石韦,莲房
石蒜,连翘
石上柏,鲤鱼
石楠叶,莱菔子
石南藤,昆布
石榴皮,款冬花
石决明,苦楝皮
石斛,苦楝
石膏,苦参
石吊兰,橘皮
石菖蒲,橘红
石蝉草,橘核
十萼茄,菊花
蓍草,桔梗
生姜皮,酒
生姜,韭子
升麻,韭菜子
肾茶,韭菜
伸筋草,粳米
麝香,荆芥
射干,金樱子
蛇蜕,金银花
蛇莓,金雀根
蛇床子,金铃子
商陆,金箔
山茱萸,降香
山芝麻,僵蚕
山楂叶,姜黄
山楂,建曲
山萸肉,鲫鱼
山银花,蒺藜
山药,鸡内金
山柰,藿香
山木通,火麻仁
山麦冬,茴香
山菅兰,黄芩
山豆根,黄芪
山大颜,黄连
山慈菇,黄精
砂仁,黄柏
沙苑子,槐枝
沙棘,槐
桑枝,怀牛膝
桑叶,滑石
桑椹,花椒
桑螵蛸,花粉
桑寄生,琥珀
桑白皮,虎杖
三丫苦,葫芦巴
三七,胡麻
三棱,胡芦巴
三棵针,胡椒
三分三,胡黄连
三白草,厚朴
蕤仁,红枣
乳香,红藤
肉桂,红花
肉豆蔻,黑锡
肉苁蓉,黑豆
榕树叶,鹤虱
日草根,荷叶
忍冬藤,何首乌
人参叶,诃子
人参,寒水石
拳参,海藻
全蝎,海螵蛸
瞿麦,海蛤壳
苘麻子,海浮石
青叶胆,海带
青羊参,蛤蚧
青葙子,桂枝
青天葵,龟甲
青皮,龟板
青牛胆,广陈皮
青木香,贯众
青礞石,栝楼
青蒿,瓜蒂
青果,骨碎补
青风藤,枸杞子
青黛,枸杞
秦皮,狗脊
秦艽,钩藤
羌活,葛根
茜草,藁本
芡实,高良姜
前胡,干漆
牵牛子,干姜
千日红,干葛
千年健,甘蔗
千里光,甘遂
千金子,甘草
千斤拔,覆盆子
荠苨,附子
荠菜,茯神
七叶一枝花,茯苓皮
七叶莲,茯苓
蒲黄,凤尾草
蒲公英,蜂蜜
平贝母,蜂巢
片姜黄,防己
辟汗草,防风
啤酒花,矾石
枇杷叶,番泻叶
硼砂,莪术
佩兰,杜仲
胖大海,独活
盘龙七,冬葵子
盘龙参,冬瓜子
爬山虎,丁香
藕节,灯心草
女贞子,灯心
糯稻根,地榆
扭肚藤,地龙
牛至,地黄
牛膝,地骨皮
牛黄,地丁
牛耳枫,党参
牛大力,当归
牛蒡子,淡竹叶
闹羊花,淡豆豉
硇砂,胆星
南五味子,胆南星
南天竹叶,丹皮
南山楂,丹参
南沙参,玳瑁
南鹤虱,代赭石
南瓜子,大枣
南板蓝根,大戟
木贼,大黄
木香,大腹子
木通,大腹皮
木棉花,醋
木槿皮,葱白
木槿花,磁石
木蝴蝶,穿山甲
木瓜,川芎
木芙蓉叶,川乌
木防己,川朴
木耳,川牛膝
木鳖子,川楝子
牡蛎,川连
牡荆叶,川椒
牡蒿,川贝母
牡丹皮,楮实子
母丁香,赤小豆
墨旱莲,赤硝
茉莉花,赤石脂
明党参,赤芍
绵马贯众,陈皮
绵萆薢,沉香
密蒙花,辰砂
猕猴桃,车前子
虻虫,常山
梅花,菖蒲
玫瑰花,蟾酥
没药,蝉蜕
毛诃子,柴胡
毛草龙,侧柏叶
猫爪草,侧柏
芒硝,草乌
蔓荆子,草决明
满山红,草果
麦芽,草豆蔻
麦冬,苍术
马尾连,苍耳
马蹄金,蚕沙
马桑根,补骨脂
马钱子,冰片
马蔺子,槟榔
马兰,鳖甲
马兜铃,扁豆花
马齿苋,蓖麻
马勃,荜澄茄
马鞭草,贝母
马宝,薄荷
麻油,半夏
麻黄根,板蓝根
麻黄,败酱
葎草,柏子仁
绿豆,百合
落地生根,百部
络石藤,白芷
萝芙木,白术
罗勒,白石
罗汉果,白芍
罗布麻叶,白蔹
路路通,白蔻仁
鹿药,白芥子
鹿衔草,白胶
鹿茸,白僵蚕
陆英,白花蛇
炉甘石,白果
芦荟,白附子
芦根,白茯苓
漏芦,白矾
龙眼肉,白豆蔻
龙涎香,白扁豆
龙脷叶,巴戟天
龙葵,巴豆
龙骨,安息香
龙胆,艾叶
龙齿,阿魏
六月寒,阿胶
六神曲,
六棱菊,
柳枝,
硫黄,
刘寄奴,
羚羊角,
凌霄花,
灵芝,
灵香草,
蓼大青叶,
两头尖,
两面针,
凉粉草,
莨菪叶,
莲子心,
莲子,
莲房,
连翘,
连钱草,
荔枝核,
藜芦,
藜,
雷丸,
雷公藤,
了哥王,
老鹳草,
榔榆皮,
狼毒,
蓝布正,
莱菔子,
辣蓼,
辣椒,
昆布,
款冬花,
宽筋藤,
苦玄参,
苦杏仁,
苦石莲,
苦木,
苦荬菜,
苦楝皮,
苦瓜,
苦丁茶,
苦地丁,
苦地胆,
苦参,
榼藤子,
决明子,
卷柏,
橘核,
菊苣,
菊花,
桔梗,
救必应,
韭菜子,
九香虫,
九龙藤,
九里香,
九层塔,
景天三七,
荆芥,
锦灯笼,
筋骨草,
金樱子,
金银花,
金铁锁,
金丝草,
金荞麦,
金钱草,
金钱白花蛇,
金礞石,
金莲花,
金果榄,
金沸草,
芥子,
绞股蓝,
椒目,
降香,
僵蚕,
姜黄,
剑花,
假芫茜,
檵木叶,
寄生黄,
蒺藜,
急性子,
吉祥草,
积雪草,
鸡爪大黄,
鸡眼草,
鸡血藤,
鸡矢藤,
鸡内金,
鸡冠花,
鸡骨香,
鸡骨草,
鸡蛋花,
藿香,
火炭母,
火麻仁,
回回蒜,
黄药子,
黄藤,
黄蜀葵,
黄芩,
黄芪,
黄皮核,
黄连,
黄精,
黄荆子,
黄花倒水莲,
黄柏,
槐枝,
槐角,
槐花,
化橘红,
滑石,
华山参,
花蕊石,
花椒,
琥珀,
虎杖,
虎耳草,
槲寄生,
湖北贝母,
葫芦茶,
葫芦,
胡颓子叶,
胡荽,
胡芦巴,
胡椒,
胡黄连,
厚朴花,
厚朴,
猴耳环,
红鱼眼,
红药子,
红天葵,
红丝线,
红曲,
红芪,
红景天,
红花,
红粉,
红豆蔻,
红大戟,
红参,
黑种草子,
黑芝麻,
黑豆,
鹤虱,
鹤草芽,
核桃仁,
荷叶,
何首乌,
合欢皮,
合欢花,
诃子,
汉桃叶,
蔊菜,
海藻,
海芋,
海桐皮,
海螵蛸,
海马,
海龙,
海金沙,
海蛤壳,
海浮石,
海风藤,
海参,
蛤蚧,
桂枝,
桂皮,
桂花,
鬼针草,
鬼箭羽,
龟甲,
广枣,
广升麻,
广山药,
广昆布,
广金钱草,
广藿香,
广东紫荆皮,
广东王不留行,
广东土牛膝,
广东络石藤,
广东刘寄奴,
广东狼毒,
广东合欢花,
广东海桐皮,
广东海风藤,
贯众,
贯叶金丝桃,
关黄柏,
瓜子金,
瓜蒌,
骨碎补,
谷芽,
谷精草,
枸杞子,
枸骨叶,
狗肾,
狗脊,
狗肝菜,
钩藤,
功劳木,
葛根,
藁本,
高良姜,
杠板归,
岗稔根,
岗梅根,
干漆,
干姜,
甘遂,
甘肃丹参,
甘松,
甘草,
覆盆子,
附子,
浮小麦,
浮萍,
茯神,
茯苓,
扶桑花,
扶芳藤,
伏龙肝,
佛手,
佛甲草,
凤眼果,
凤尾草,
凤凰衣,
蜂房,
枫香脂,
粉葛,
粉萆薢,
榧子,
飞天蠄蟧,
飞龙掌血,
防己,
防风草,
防风,
方解石,
翻白草,
番泻叶,
番石榴叶,
儿茶,
鹅不食草,
峨参,
莪术,
断血流,
杜仲叶,
杜仲,
独一味,
独脚金,
独活,
豆蔻,
豆豉姜,
冬凌草,
冬葵子,
冬葵果,
冬瓜皮,
冬虫夏草,
东风橘,
丁香罗勒油,
丁香,
丁公藤,
颠茄草,
地榆,
地桃花,
地稔根,
地龙,
地锦草,
地黄,
地骨皮,
地肤子,
地枫皮,
地耳草,
地不容,
灯盏细辛,
灯心草,
稻芽,
倒扣草,
刀豆,
党参,
当药,
当归,
淡竹叶,
淡豆豉,
胆南星,
胆矾,
单叶蔓荆子,
丹参,
玳瑁,
大枣,
大叶紫珠,
大叶桉叶,
大血藤,
大蒜,
大青叶,
大青盐,
大蓟,
大戟,
大黄,
大腹皮,
大风子,
大风艾,
大飞扬草,
大豆黄卷,
大驳骨,
翠云草,
楤木,
葱子,
葱白,
刺苋菜,
刺五加,
刺猬皮,
磁石,
椿皮,
春不见,
垂盆草,
穿心莲,
穿山龙,
穿山甲,
穿破石,
川续断,
川芎,
川乌,
川射干,
川牛膝,
川木香,
川木通,
川楝子,
川贝母,
楮实子,
臭梧桐,
臭牡丹,
臭灵丹草,
虫牙药,
虫白蜡,
茺蔚子,
赤小豆,
赤石脂,
赤芍,
陈皮,
沉香,
车前草,
常山,
蟾酥,
蝉蜕,
蝉花,
柴胡,
侧柏叶,
草乌叶,
草乌,
草果,
草豆蔻,
藏菖蒲,
苍术,
苍耳子,
蚕沙,
布渣叶,
补骨脂,
卜芥,
博落回,
冰片,
槟榔,
鳖甲,
扁蓄,
蓖麻子,
荜澄茄,
荜茇,
北沙参,
北刘寄奴,
北豆根,
暴马丁香,
薄荷,
半枝莲,
半夏,
半枫荷,
半边莲,
板蓝根,
斑蝥,
败酱草,
柏子仁,
百合,
百部,
白芷,
白英,
白药子,
白鲜皮,
白薇,
白头翁,
白苏子,
白术,
白首乌,
白石英,
白石花,
白芍,
白屈菜,
白前,
白茅根,
白马骨,
白蔹,
白兰花,
白芥子,
白及,
白花银背藤,
白花蛇舌草,
白花丹,
白鹤灵芝,
白果,
白附子,
白矾,
白扁豆,
白背叶根,
菝葜,
巴戟天,
巴豆,
八楞木,
八角莲,
八角茴香,
八角枫,
桉叶油,
安息香,
艾叶,
矮地茶,
阿魏,
阿胶,
