﻿酢浆草,清热燥湿药
醉鱼草,驱虫药
走马胎,祛风湿强筋骨药
棕榈,收敛止血药
自然铜,活血止痛药
紫珠叶,收敛止血药
紫苑,止咳平喘药
紫玉簪,拔毒生肌药
紫苏子,润下药
紫苏叶,辛温解表药
紫苏梗,理气药
紫石英,重镇安神药
紫梢花,补阳药
紫花前胡,辛凉解表药
紫花地丁,清热解毒药
紫河车,补气药
紫草茸,清热解毒药
紫草,清热凉血药
紫贝齿,平抑肝阳药
梓实,利水消肿药
苎麻根,凉血止血药
竹叶椒,温里药
竹茹,清化热痰药
竹沥,清热泻火药
竹节参,补气药
猪牙皂,温化寒痰药
猪苓,利尿通淋药
猪胆粉,止咳平喘药
珠子参,化瘀止血药
朱砂根,清热解毒药
朱砂,重镇安神药
重楼,清热解毒药
肿节风,清热凉血药
钟乳石,补阳药
炙黄芪,补气药
炙甘草,补气药
枳实,理气药
枳壳,理气药
枳椇子,利尿通淋药
蜘蛛香,理气药
栀子,清热泻火药
知母,清热泻火药
珍珠母,平抑肝阳药
珍珠,重镇安神药
浙贝母,清化热痰药
赭石,平抑肝阳药
掌叶半夏,温化寒痰药
长春花,清热解毒药
樟脑,开窍药
樟木,温里药
樟柳头,利水消肿药
泽泻,利尿通淋药
泽漆,利水消肿药
泽兰,活血调经药
皂角刺,杀虫止痒药
皂角,涌吐药
芸薹子,活血调经药
云南草蔻,暂无
粤丝瓜络,清热凉血药
月季花,活血调经药
远志,养心安神药
芫荽子,辛温解表药
芫花,峻下逐水药
元宝草,暂无
预知子,活血止痛药
郁李仁,润下药
郁金,活血止痛药
玉竹,补阴药
玉叶金花,清热解毒药
玉米须,利水消肿药
禹州漏芦,清热解毒药
禹余粮,敛肺涩肠药
鱼腥草,清热解毒药
余甘子,消食药
油松节,祛风湿强筋骨药
迎春花,清热解毒药
鹰不泊,利水消肿药
樱桃核,辛温解表药
罂粟壳,敛肺涩肠药
淫羊藿,补阳药
银杏叶,敛肺涩肠药
银耳,补阴药
银柴胡,敛肺涩肠药
茵陈,利湿退黄药
阴香皮,温里药
阴香根,暂无
翼首草,清热解毒药
薏苡仁,利尿通淋药
益智,固精缩尿止带药
益母草,活血调经药
伊贝母,止咳平喘药
一枝黄花,辛凉解表药
一支箭,清热解毒药
一点血,化瘀止血药
叶象花,温经止血药
叶下珠,清热解毒药
野棉花,暂无
野马追,止咳平喘药
野菊花,清热泻火药
洋金花,止咳平喘药
阳起石,补阳药
羊蹄草,清热解毒药
羊蹄,凉血止血药
羊耳菊,利水消肿药
燕窝,补阴药
盐蛇干,息风止痉药
岩椒草,辛凉解表药
岩参,理气药
延胡索,活血止痛药
亚麻子,润下药
鸭跖草,清热解毒药
鸭脚木皮,辛凉解表药
鸦胆子,清热解毒药
荨麻,息风止痉药
寻骨风,祛风湿强筋骨药
血余炭,收敛止血药
血竭,化瘀止血药
雪上一枝蒿,活血疗伤药
旋覆花,温化寒痰药
玄明粉,攻下药
玄参,清热凉血药
萱草根,凉血止血药
续断,补阳药
徐长卿,祛风湿强筋骨药
熊胆,清热解毒药
雄黄,杀虫止痒药
辛夷,辛温解表药
薤白,理气药
缬草,养心安神药
小叶莲,活血调经药
小通草,利尿通淋药
小蓟,凉血止血药
小茴香,温里药
小飞扬草,清热解毒药
小檗皮,暂无
小驳骨,祛风湿强筋骨药
香橼,理气药
香加皮,祛风湿强筋骨药
香附,理气药
相思子,杀虫止痒药
仙人掌,清热解毒药
仙茅,补阳药
仙鹤草,收敛止血药
夏天无,活血止痛药
夏枯草,清热泻火药
霞草,清热凉血药
细辛,辛温解表药
喜树果,破血消癥药
豨莶草,祛风湿强筋骨药
溪黄草,清热燥湿药
菥蓂,利水消肿药
西洋参,补气药
西青果,清热解毒药
西红花,活血调经药
西河柳,辛温解表药
西瓜皮,清热泻火药
西番莲,活血止痛药
五指毛,补气药
五味子,敛肺涩肠药
五灵脂,活血止痛药
五加皮,祛风湿强筋骨药
五倍子,敛肺涩肠药
蜈蚣,息风止痉药
梧桐子,消食药
吴茱萸,温里药
无患子,清热解毒药
无花果,清热解毒药
无根藤,清热解毒药
巫山淫羊藿,补阳药
乌药,理气药
乌梢蛇,祛风湿强筋骨药
乌梅,敛肺涩肠药
乌蔹莓,清热燥湿药
乌桕子,暂无
问荆,清热凉血药
委陵菜,清热解毒药
威灵仙,祛风湿散寒药
王不留行,活血调经药
瓦松,清热解毒药
瓦楞子,清化热痰药
菟丝子,补阳药
兔儿伞,暂无
土三七,暂无
土人参,补气药
土牛膝,活血调经药
土木香,理气药
土荆皮,杀虫止痒药
土荆芥,杀虫止痒药
土茯苓,清热燥湿药
土党参,补气药
土大黄,清热解毒药
土鳖虫,活血疗伤药
土贝母,拔毒生肌药
透骨香,祛风湿散寒药
透骨草,祛风湿强筋骨药
通草,利尿通淋药
葶苈子,止咳平喘药
铁皮石斛,补阴药
铁包金,活血止痛药
甜瓜子,活血止痛药
甜瓜蒂,涌吐药
甜地丁,清热解毒药
天竺黄,清化热痰药
天仙子,养心安神药
天仙藤,活血止痛药
天山雪莲,补阳药
天南星,温化寒痰药
天麻,息风止痉药
天葵子,清热解毒药
天花粉,清热泻火药
天胡荽,清热解毒药
天冬,补阴药
桃枝,活血调经药
桃仁,活血调经药
檀香,理气药
太子参,补气药
太白米,理气药
太白参,补阴药
锁阳,补阳药
娑罗子,理气药
酸枣仁,养心安神药
苏木,活血止痛药
苏合香,开窍药
松香,清热泻火药
松花粉,收敛止血药
四叶参,清热解毒药
四块瓦,祛风湿散寒药
四季青,清热解毒药
丝瓜络,活血止痛药
水蛭,活血调经药
水翁花,清热泻火药
水牛角,息风止痉药
水茴香,理气药
水红花子,破血消癥药
水河剑,凉血止血药
水飞蓟,清热解毒药
水朝阳,辛温解表药
水半夏,温化寒痰药
双参,活血调经药
鼠曲草,止咳平喘药
鼠李,清热燥湿药
熟地黄,补血药
首乌藤,养心安神药
柿蒂,理气药
使君子,驱虫药
石韦,利尿通淋药
石蒜,杀虫止痒药
石上柏,清热解毒药
石楠叶,祛风湿强筋骨药
石南藤,祛风湿强筋骨药
石榴皮,敛肺涩肠药
石决明,平抑肝阳药
石斛,补阴药
石膏,清热泻火药
石吊兰,温化寒痰药
石菖蒲,开窍药
石蝉草,清热解毒药
十萼茄,清热解毒药
蓍草,活血止痛药
生姜皮,利水消肿药
生姜,辛温解表药
升麻,辛凉解表药
肾茶,利尿通淋药
伸筋草,祛风湿强筋骨药
麝香,开窍药
射干,清热解毒药
蛇蜕,息风止痉药
蛇莓,清热解毒药
蛇床子,补阳药
商陆,峻下逐水药
山茱萸,固精缩尿止带药
山芝麻,清热解毒药
山楂叶,活血止痛药
山楂,消食药
山萸肉,暂无
山银花,清热解毒药
山药,补气药
山柰,温里药
山木通,利尿通淋药
山麦冬,补阴药
山菅兰,拔毒生肌药
山豆根,清热解毒药
山大颜,拔毒生肌药
山慈菇,清热解毒药
砂仁,化湿药
沙苑子,补阳药
沙棘,消食药
桑枝,理气药
桑叶,辛凉解表药
桑椹,补血药
桑螵蛸,固精缩尿止带药
桑寄生,祛风湿强筋骨药
桑白皮,利水消肿药
三丫苦,清热燥湿药
三七,化瘀止血药
三棱,破血消癥药
三棵针,清热燥湿药
三分三,祛风湿强筋骨药
三白草,清热解毒药
蕤仁,养心安神药
乳香,活血止痛药
肉桂,温里药
肉豆蔻,敛肺涩肠药
肉苁蓉,补虚药下补阳药
榕树叶,辛凉解表药
日草根,暂无
忍冬藤,清热解毒药
人参叶,补气药
人参,补气药
拳参,清热解毒药
全蝎,息风止痉药
瞿麦,利尿通淋药
苘麻子,利水消肿药
青叶胆,清热燥湿药
青羊参,祛风湿强筋骨药
青葙子,清热泻火药
青天葵,清热解毒药
青皮,理气药
青牛胆,清热解毒药
青木香,理气药
青礞石,重镇安神药
青蒿,清虚热药
青果,清热解毒药
青风藤,祛风湿强筋骨药
青黛,清热凉血药
秦皮,清热燥湿药
秦艽,祛风湿清热药
羌活,辛温解表药
茜草,凉血止血药
芡实,固精缩尿止带药
前胡,辛凉解表药
牵牛子,润下药
千日红,止咳平喘药
千年健,祛风湿强筋骨药
千里光,清热解毒药
千金子,峻下逐水药
千斤拔,祛风湿强筋骨药
荠苨,清热解毒药
荠菜,凉血止血药
七叶一枝花,清热解毒药
七叶莲,活血止痛药
蒲黄,化瘀止血药
蒲公英,清热解毒药
平贝母,清化热痰药
片姜黄,活血化瘀药下属分类活血调经药
辟汗草,化湿药
啤酒花,消食药
枇杷叶,止咳平喘药
硼砂,拔毒生肌药
佩兰,化湿药
胖大海,清化热痰药
盘龙七,敛肺涩肠药
盘龙参,补气药
爬山虎,祛风湿强筋骨药
藕节,收敛止血药
女贞子,补阴药
糯稻根,固表止汗药
扭肚藤,清热燥湿药
牛至,辛凉解表药
牛膝,活血调经药
牛黄,息风止痉药
牛耳枫,暂无
牛大力,祛风湿强筋骨药
牛蒡子,辛凉解表药
闹羊花,祛风湿强筋骨药
硇砂,拔毒生肌药
南五味子,敛肺涩肠药
南天竹叶,清热泻火药
南山楂,理气药
南沙参,补阴药
南鹤虱,驱虫药
南瓜子,利水消肿药
南板蓝根,暂无
木贼,辛凉解表药
木香,理气药
木通,利尿通淋药
木棉花,清热药下分类清热解毒药
木槿皮,杀虫止痒药
木槿花,清热凉血药
木蝴蝶,清化热痰药
木瓜,祛风湿强筋骨药
木芙蓉叶,清热凉血药
木防己,祛风湿药下属分类祛风湿强筋骨药
木耳,凉血止血药
木鳖子,清热解毒药
牡蛎,平抑肝阳药
牡荆叶,止咳平喘药
牡蒿,清热凉血药
牡丹皮,清热凉血药
母丁香,温里药
墨旱莲,凉血止血药
茉莉花,理气药
明党参,平抑肝阳药
绵马贯众,驱虫药
绵萆薢,利尿通淋药
密蒙花,清热泻火药
猕猴桃,利水消肿药
虻虫,破血消癥药
梅花,理气药
玫瑰花,理气药
没药,活血止痛药
毛诃子,清热解毒药
毛草龙,清热燥湿药
猫爪草,温化寒痰药
芒硝,攻下药
蔓荆子,辛凉解表药
满山红,止咳平喘药
麦芽,消食药
麦冬,补阴药
马尾连,暂无
马蹄金,清热燥湿药
马桑根,祛风湿强筋骨药
马钱子,活血疗伤药
马蔺子,凉血止血药
马兰,凉血止血药
马兜铃,止咳平喘药
马齿苋,清热药下属清热解毒药
马勃,清热解毒药
马鞭草,活血调经药
马宝,重镇安神药
麻油,润下药
麻黄根,固表止汗药
麻黄,辛温解表药
葎草,利尿通淋药
绿豆,清热解毒药
落地生根,凉血止血药
络石藤,祛风湿药下分类祛风湿强筋骨药
萝芙木,清热泻火药
罗勒,暂无
罗汉果,清热解毒药
罗布麻叶,平抑肝阳药
路路通,祛风湿强筋骨药
鹿药,补阳药
鹿衔草,祛风湿强筋骨药
鹿茸,补阳药
陆英,活血止痛药
炉甘石,拔毒生肌药
芦荟,攻下药
芦根,清热泻火药
漏芦,清热解毒药
龙眼肉,补气药
龙涎香,理气药
龙脷叶,止咳平喘药
龙葵,清热解毒药
龙骨,平抑肝阳药
龙胆,清热泻火药
龙齿,重镇安神药
六月寒,辛温解表药
六神曲,消食药
六棱菊,祛风湿散寒药
柳枝,利水消肿药
硫黄,补阳药
刘寄奴,活血调经药
羚羊角,息风止痉药
凌霄花,活血调经药
灵芝,补气药
灵香草,驱虫药
蓼大青叶,清热解毒药
两头尖,祛风湿强筋骨药
两面针,活血止痛药
凉粉草,清热凉血药
莨菪叶,暂无
莲子心,养心安神药
莲子,固精缩尿止带药
莲房,化瘀止血药
连翘,清热解毒药
连钱草,利尿通淋药
荔枝核,理气药
藜芦,涌吐药
藜,清热燥湿药
雷丸,驱虫药
雷公藤,祛风湿强筋骨药
了哥王,清热解毒药
老鹳草,祛风湿强筋骨药
榔榆皮,清热解毒药
狼毒,杀虫止痒药
蓝布正,补阴药
莱菔子,消食药
辣蓼,化湿药
辣椒,温里药
昆布,止咳平喘药
款冬花,止咳平喘药
宽筋藤,祛风湿强筋骨药
苦玄参,清热解毒药
苦杏仁,止咳平喘药
苦石莲,活血止痛药
苦木,清热解毒药
苦荬菜,暂无
苦楝皮,驱虫药
苦瓜,清热泻火药
苦丁茶,清热凉血药
苦地丁,清热解毒药
苦地胆,清热解毒药
苦参,清热燥湿药
榼藤子,收涩药下属的敛肺涩肠药
决明子,清虚热药
卷柏,活血调经药
橘核,敛肺涩肠药
菊苣,利水消肿药
菊花,辛凉解表药
桔梗,清化热痰药
救必应,清热燥湿药
韭菜子,补阳药
九香虫,理气药
九龙藤,活血止痛药
九里香,理气药
九层塔,辛温解表药
景天三七,化瘀止血药
荆芥,辛温解表药
锦灯笼,清热解毒药
筋骨草,清热解毒药
金樱子,固精缩尿止带药
金银花,清热解毒药
金铁锁,祛风湿强筋骨药
金丝草,利水消肿药
金荞麦,清热解毒药
金钱草,利尿通淋药
金钱白花蛇,祛风湿强筋骨药
金礞石,重镇安神药
金莲花,清热解毒药
金果榄,清热解毒药
金沸草,温化寒痰药
芥子,温化寒痰药
绞股蓝,补气药
椒目,利水消肿药
降香,理气药
僵蚕,息风止痉药
姜黄,活血止痛药
剑花,清化热痰药
假芫茜,辛温解表药
檵木叶,收敛止血药
寄生黄,理气药
蒺藜,平肝息风药
急性子,破血消癥药
吉祥草,清热解毒药
积雪草,清热燥湿药
鸡爪大黄,攻下药
鸡眼草,清热解毒药
鸡血藤,活血调经药
鸡矢藤,祛风湿强筋骨药
鸡内金,消食药
鸡冠花,收敛止血药
鸡骨香,暂无
鸡骨草,利湿退黄药
鸡蛋花,清热药下属的清热泻火药
藿香,理气药
火炭母,清热燥湿药
火麻仁,攻下药
回回蒜,暂无
黄药子,清热解毒药
黄藤,清热解毒药
黄蜀葵,利水消肿药
黄芩,清热燥湿药
黄芪,补气药
黄皮核,理气药
黄连,清热燥湿药
黄精,补阴药
黄荆子,辛温解表药
黄花倒水莲,活血调经药
黄柏,清热燥湿药
槐枝,清热燥湿药
槐角,凉血止血药
槐花,凉血止血药
化橘红,理气药
滑石,利尿通淋药
华山参,温化寒痰药
花蕊石,化瘀止血药
花椒,温里药
琥珀,重镇安神药
虎杖,利湿退黄药
虎耳草,清热凉血药
槲寄生,祛风湿强筋骨药
湖北贝母,清化热痰药
葫芦茶,清热解毒药.
葫芦,利水消肿药
胡颓子叶,止咳平喘药
胡荽,辛温解表药
胡芦巴,补阳药
胡椒,温里药
胡黄连,清虚热药
厚朴花,化湿药
厚朴,化湿药
猴耳环,清热解毒药.
红鱼眼,活血止痛药
红药子,收敛止血药
红天葵,清热凉血药
红丝线,清热凉血药
红曲,消食药
红芪,固表止汗药
红景天,补气药
红花,活血调经药
红粉,拔毒生肌药
红豆蔻,温里药
红大戟,峻下逐水药
红参,补气药
黑种草子,利尿通淋药
黑芝麻,补血药
黑豆,药利水消肿药
鹤虱,驱虫药
鹤草芽,活血止痛药
核桃仁,补阳药
荷叶,清热凉血药
何首乌,润下药
合欢皮,养心安神药
合欢花,养心安神药
诃子,敛肺涩肠药
汉桃叶,活血止痛药
蔊菜,辛温解表药
海藻,清化热痰药
海芋,清热解毒药
海桐皮,祛风湿强筋骨药
海螵蛸,固精缩尿止带药
海马,补阳药
海龙,补阳药
海金沙,利水渗湿药下属的利尿通淋药
海蛤壳,清化热痰药
海浮石,清化热痰药
海风藤,祛风湿强筋骨药
海参,补血药
蛤蚧,补阳药
桂枝,辛温解表药
桂皮,温里药
桂花,温化寒痰药
鬼针草,清热解毒药
鬼箭羽,活血调经药
龟甲,补阴药
广枣,养心安神药
广升麻,辛凉解表药
广山药,补气药
广昆布,利水消肿药
广金钱草,利湿通淋药
广藿香,化湿药
广东紫荆皮,暂无
广东王不留行,活血调经药
广东土牛膝,清热解毒药
广东络石藤,祛风湿药下分类祛风湿强筋骨药
广东刘寄奴,活血化瘀药下分类活血调经药
广东狼毒,清热解毒药
广东合欢花,安神药下属的养心安神药
广东海桐皮,祛风湿强筋骨药
广东海风藤,祛风湿强筋骨药
贯众,清热解毒药
贯叶金丝桃,利尿通淋药
关黄柏,清热燥湿药
瓜子金,活血止痛药
瓜蒌,清化热痰药
骨碎补,活血止痛药
谷芽,消食药
谷精草,辛凉解表药
枸杞子,补阴药
枸骨叶,平抑肝阳药
狗肾,补阳药
狗脊,祛风湿强筋骨药
狗肝菜,清热解毒药
钩藤,息风止痉药
功劳木,清热燥湿药
葛根,辛凉解表药
藁本,辛温解表药
高良姜,温里药
杠板归,清热解毒药
岗稔根,理气药
岗梅根,暂无
干漆,活血调经药
干姜,温里药
甘遂,峻下逐水药
甘肃丹参,活血调经药
甘松,理气药
甘草,补气药
覆盆子,固精缩尿止带药
附子,温里药
浮小麦,清虚热药
浮萍,辛凉解表药
茯神,安神药下分类养心安神药
茯苓,利水消肿药
扶桑花,清热解毒药
扶芳藤,祛风湿强筋骨药
伏龙肝,收敛止血药
佛手,理气药
佛甲草,清热解毒药
凤眼果,消食药
凤尾草,清热解毒药
凤凰衣,补阴药
蜂房,杀虫止痒药
枫香脂,拔毒生肌药
粉葛,解表药下属的辛凉解表药
粉萆薢,利尿通淋药
榧子,驱虫药
飞天蠄蟧,清热燥湿药
飞龙掌血,化瘀止血药
防己,祛风湿清热药
防风草,辛温解表药
防风,解表药下分类辛温解表药
方解石,清热泻火药
翻白草,清热解毒药
番泻叶,润下药
番石榴叶,清热燥湿药
儿茶,收敛止血药
鹅不食草,辛温解表药
峨参,活血止痛药
莪术,于活血化瘀药下属的破血消癥药
断血流,收敛止血药
杜仲叶,补阳药
杜仲,补阳药
独一味,活血止痛药
独脚金,清热泻火药
独活,祛风湿散寒药
豆蔻,化湿药
豆豉姜,祛风湿散寒药
冬凌草,活血止痛药
冬葵子,利尿通淋药
冬葵果,利水消肿药
冬瓜皮,利水消肿药
冬虫夏草,补阳药
东风橘,暂无
丁香罗勒油,暂无
丁香,温里药
丁公藤,祛风湿散寒药
颠茄草,暂无
地榆,凉血止血药
地桃花,清热解毒药
地稔根,收敛止血药
地龙,息风止痉药
地锦草,清热解毒药
鲜地黄,清热凉血药
生地黄,清热凉血药
地骨皮,清热凉血药
地肤子,利尿通淋药
地枫皮,祛风湿强筋骨药
地耳草,清热燥湿药
地不容,清热解毒药
灯盏细辛,辛温解表药
灯心草,利尿通淋药
稻芽,消食药
倒扣草,利尿通淋药
刀豆,温里药
党参,补气药
当药,清热燥湿药
当归,补血药
淡竹叶,清热泻火药
淡豆豉,辛凉解表药
胆南星,清化热痰药
胆矾,涌吐药
单叶蔓荆子,辛凉解表药
丹参,活血调经药
玳瑁,息风止痉药
大枣,补气药
大叶紫珠,化瘀止血药
大叶桉叶,清热燥湿药
大血藤,活血止痛药
大蒜,温里药
大青叶,清热解毒药
大青盐,清热泻火药
大蓟,凉血止血药
大戟,峻下逐水药
大黄,攻下药
大腹皮,利水消肿药
大风子,杀虫止痒药
大风艾,祛风湿散寒药
大飞扬草,清热解毒药
大豆黄卷,辛凉解表药
大驳骨,活血疗伤药
翠云草,清热解毒药
楤木,祛风湿强筋骨药
葱子,补阳药
葱白,辛温解表药
刺苋菜,凉血止血药
刺五加,补气药
刺猬皮,理气药
磁石,重镇安神药
椿皮,清热燥湿药
春不见,清热解毒药
垂盆草,利湿退黄药
穿心莲,清热解毒药
穿山龙,祛风湿强筋骨药
穿山甲,活血调经药
穿破石,祛风湿清热药
川续断,暂无
川芎,活血止痛药
川乌,祛风湿散寒药
川射干,清热解毒药
川牛膝,活血调经药
川木香,理气药
川木通,利尿通淋药
川楝子,理气药
川贝母,清化热痰药
楮实子,补气药
臭梧桐,祛风湿强筋骨药
臭牡丹,清热解毒药
臭灵丹草,清热解毒药
虫牙药,活血止痛药
虫白蜡,收敛止血药
茺蔚子,活血调经药
赤小豆,利水消肿药
赤石脂,敛肺涩肠药
赤芍,清热凉血药
陈皮,理气药
沉香,理气药
车前草,利尿通淋药
常山,涌吐药
蟾酥,开窍药
蝉蜕,辛凉解表药
蝉花,平抑肝阳药
柴胡,辛凉解表药
侧柏叶,凉血止血药
草乌叶,清热解毒药
草乌,祛风湿散寒药
草果,化湿药
草豆蔻,化湿药
藏菖蒲,消食药
苍术,化湿药
苍耳子,辛温解表药
蚕沙,祛风湿强筋骨药
布渣叶,清热泻火药
补骨脂,补阳药
卜芥,清热解毒药
博落回,杀虫止痒药
冰片,开窍药
槟榔,驱虫药
鳖甲,补阴药
扁蓄,利尿通淋药
蓖麻子,润下药
荜澄茄,温里药
荜茇,温里药
北沙参,补阴药
北刘寄奴,活血调经药
北豆根,清热解毒药
暴马丁香,清化热痰药
薄荷,辛凉解表药
半枝莲,清热解毒药
半夏,清热燥湿药
半枫荷,祛风湿散寒药
半边莲,清热解毒药
板蓝根,清热解毒药
斑蝥,破血消癥药
败酱草,清热解毒药
柏子仁,养心安神药
百合,补阴药
百部,止咳平喘药
白芷,辛温解表药
白英,祛风湿清热药
白药子,清热解毒药
白鲜皮,清热燥湿药
白薇,清热凉血药
白头翁,清热凉血药
白苏子,润下药
白术,补气药
白首乌,补血药
白石英,重镇安神药
白石花,凉血止血药
白芍,补血药
白屈菜,止咳平喘药
白前,止咳平喘药
白茅根,凉血止血药
白马骨,清热解毒药
白蔹,清热解毒药
白兰花,止咳平喘药
白芥子,利水消肿药
白及,收敛止血药
白花银背藤,暂无
白花蛇舌草,清热解毒药
白花丹,活血止痛药
白鹤灵芝,杀虫止痒药
白果,固精缩尿止带药
白附子,温化寒痰药
白矾,清热燥湿药
白扁豆,补气药
白背叶根,清热燥湿药
菝葜,利尿通淋药
巴戟天,补阳药
巴豆,峻下逐水药
八楞木,活血止痛药
八角莲,拔毒生肌药
八角茴香,温里药
八角枫,活血止痛药
桉叶油,辛凉解表药
安息香,开窍药
艾叶,温经止血药
矮地茶,止咳平喘药
阿魏,理气药
阿胶,补血药
