﻿酢浆草,清热利湿、凉血散瘀、解毒消肿
醉鱼草,止咳定喘、活血祛瘀、驱虫
走马胎,祛风湿、壮筋骨、活血祛瘀
棕榈,收敛止血、止痢止带
自然铜,散瘀、接骨、止痛
紫珠叶,收敛止血、清热解毒
紫苑,润肺下气、消痰止咳
紫玉簪,拔脓解毒、生肌
紫苏子,降气化痰、止咳平喘、润肠通便
紫苏叶,解表散寒、行气和胃
紫苏梗,理气宽中、止痛、安胎
紫石英,镇静安神、温肺、暖官
紫梢花,补肾助阳、固精缩尿
紫花前胡,降气化痰、散风清热
紫花地丁,清热解毒、凉消肿
紫河车,温肾补精、养血益气
紫草茸,清热、凉血、解毒
紫草,凉血、活血、解毒透疹
紫贝齿,镇惊安神、平肝明目
梓实,利尿、消肿
苎麻根,凉血止血、清热安胎、利尿、解毒
竹叶椒,温中燥湿、散寒止痛、驱虫止痒
竹茹,清热化痰、除烦止呕
竹沥,清热降火、滑痰利窍
竹节参,滋补强壮、散瘀止痛、止血祛痰
猪牙皂,开窍祛痰、散结消肿
猪苓,利尿渗湿
猪胆粉,清热、润燥、解毒、止咳平喘
珠子参,清肺、养阴、散瘀止血
朱砂根,解毒消肿、活血止痛、祛风除湿
朱砂,清心镇惊、安神解毒
重楼,清热解毒、消肿止痛、凉肝定惊
肿节风,清热凉血、活血消斑、祛风通络
钟乳石,温肺、助阳、平喘、制酸、通乳
炙黄芪,益气补中
炙甘草,补脾和胃、益气复脉
枳实,破气消积、化痰散痞
枳壳,理气宽中、行滞消胀
枳椇子,止渴除烦、清湿热、解酒毒
蜘蛛香,理气止痛、消食止泻、祛风除湿、镇惊安神
栀子,泻火除烦、清热利尿、凉血解毒；外用消肿止痛
知母,清热泻火、生津润燥
珍珠母,平肝潜阳、定惊明目
珍珠,安神定惊、明目消翳、解毒生肌
浙贝母,清热散结、化痰止咳
赭石,平肝潜阳、重镇降逆、凉血止血
掌叶半夏,燥湿化痰、祛风止痉、散结消肿
长春花,解毒抗癌、清热平肝
樟脑,开窍辟秽、除湿杀虫、温散止痛
樟木,祛风散寒、温中理气、活血通络
樟柳头,利水消肿、清热解毒
泽泻,利小便、清湿热
泽漆,利水消肿、化痰止咳、解毒杀虫
泽兰,行血利尿、散郁舒肝
皂角刺,消肿托毒、排脓、杀虫
皂角,开窍祛痰、散结消肿、润燥通便
芸薹子,活血化瘀、消肿散结、润肠通便
云南草蔻,燥湿、驱寒、暖胃、健脾
粤丝瓜络,除湿火、通脉络
月季花,活血调经、疏肝解郁
远志,安神益智、祛痰、消肿
芫荽子,发表透疹、健胃
芫花,泻水逐饮、外用杀虫疗疮
元宝草,止血、通经活络、解毒
预知子,疏肝理气、活血止痛、除烦利尿
郁李仁,缓泻、利尿
郁金,活血止痛、行气化疥、清心解郁、利胆退黄
玉竹,养阴润燥、生津止渴
玉叶金花,清热疏风、凉血解毒
玉米须,利尿、消肿、降压
禹州漏芦,清热解毒、排脓止血、消痈下乳
禹余粮,涩肠止泻、收敛止血
鱼腥草,清热解毒、消痈排脓、利尿通淋
余甘子,清热凉血、消食健胃、生津止咳
油松节,祛风除湿、通络止痛
迎春花,清热解毒、活血消肿
鹰不泊,祛风消肿、行气止痛、利湿退黄
樱桃核,发表透疹、消瘤去瘢、行气止痛
罂粟壳,敛肺、涩肠、止痛
淫羊藿,补肾阳、强筋骨、祛风湿
银杏叶,敛肺、平喘、活血化瘀、止痛
银耳,润肺生津、滋阴养胃
银柴胡,清虚热、除疳热
茵陈,清湿热、退黄疸
阴香皮,温中止痛、祛风散寒、解毒消肿、止血
阴香根,祛风散寒、温中止痛、止血
翼首草,解毒除瘟、清热止痢、祛风通痹
薏苡仁,健脾利湿、除痹止泻、清热排脓
益智,温脾止泻、摄唾、暖肾、固精缩尿
益母草,活血调经、利尿消肿
伊贝母,清热润肺、化痰止咳
一枝黄花,疏风、清热解毒、消肿止痛
一支箭,清热解毒、活血祛瘀
一点血,补气养血、散瘀止血
叶象花,凉血调经、散瘀消肿
叶下珠,清热解毒、止泻、平肝明目
野棉花,清热、利湿、杀虫、散瘀
野马追,化痰止咳平喘
野菊花,清热解毒、消肿、凉肝明目
洋金花,平喘止咳、镇痛、解痉
阳起石,温肾壮阳
羊蹄草,清热解毒、消炎、利尿
羊蹄,清热、通便、利水、止血、杀虫
羊耳菊,祛风利湿、行气利湿、解毒消肿
燕窝,养阴润燥、益气补中
盐蛇干,祛风定惊、解毒散结
岩椒草,解表、截疟、活血、解毒
岩参,行气止痛、止泻痢
延胡索,活血散瘀、理气止痛
亚麻子,润燥、祛风
鸭跖草,清热解毒、利水消肿
鸭脚木皮,发汗解表、清热解毒、散瘀消肿、祛风除湿
鸦胆子,清热解毒、截疟、止痢、腐蚀赘疣
荨麻,祛风定惊、消食通便
寻骨风,祛风通络、行气止痛
血余炭,收敛止血、化瘀、利尿
血竭,祛瘀定痛、止血生肌
雪上一枝蒿,祛风除湿、活血镇痛
旋覆花,降气、消痰、行水、止呕
玄明粉,泻热通便、润燥软坚、消肿散结
玄参,凉血滋阴、泻火解毒
萱草根,清热利湿、凉血止血、解毒消肿
续断,补肝肾、强筋骨、续折伤、止崩漏
徐长卿,祛风化湿、行气通络
熊胆,清热解毒、清肝明目
雄黄,解毒杀虫、燥湿祛痰、截疟
辛夷,散风寒、通鼻窍
薤白,通阳散结、行气导滞
缬草,具有宁心安神的功效
小叶莲,调经活血
小通草,清热、利尿、下乳
小蓟,凉血止血、祛瘀消肿
小茴香,祛寒止痛、理气和胃
小飞扬草,清热、解毒、利湿、止痒
小檗皮,清热燥湿、泻火解毒
小驳骨,祛瘀止痛、续筋接骨
香橼,舒肝理气、宽中、化痰
香加皮,祛风湿、壮筋骨、利小便
香附,行气解郁、调经止痛
相思子,催吐、杀虫、消肿
仙人掌,行气活血、凉血止血、解毒消肿
仙茅,补肾阳、强筋骨、祛寒湿
仙鹤草,收敛止血、截疟、止痢、解毒
夏天无,活血、通络、行气止痛
夏枯草,清火、明目、散结、消肿
霞草,清热凉血
细辛,祛风、散寒、通窍止痛、温肺祛痰
喜树果,抗癌、散结、破血化瘀
豨莶草,祛风湿、利关节、解毒
溪黄草,清热利湿、凉血散瘀
菥蓂,清肝明目、和中利湿、解毒消肿
西洋参,补气养阴、清热生津
西青果,清热生津、利咽解毒
西红花,活血化瘀、凉血解毒、解郁安神
西河柳,散风、解表、透疹
西瓜皮,清热、解渴、利尿
西番莲,祛风、除湿、活血、止痛
五指毛,益气健脾、祛痰平喘、行气化湿、舒筋活络
五味子,收敛固涩、益气生津、补肾宁心
五灵脂,活血止痛、化瘀止血、消积解毒
五加皮,祛风湿、补肝肾、强筋骨
五倍子,敛肺降火、涩肠止泻、敛肺、止血、收湿敛疮
蜈蚣,息风镇痉、攻毒散结、通络止痛
梧桐子,行气健脾、消食和中、止血
吴茱萸,散寒止痛、降逆止呕、助阳止泻
无患子,清肺祛痰、利咽、行气、杀虫
无花果,健胃清肠、消肿解毒
无根藤,清热利湿、凉血解毒
巫山淫羊藿,补肾阳、强筋骨、祛风湿
乌药,顺气、开郁、散寒、止痛
乌梢蛇,祛风、通络、止痉
乌梅,敛肺、涩肠、生津、安蛔
乌蔹莓,清热解毒、利湿消肿
乌桕子,杀虫、利水、通便
问荆,清热、凉血、止咳、利尿
委陵菜,清热解毒、凉血止血
威灵仙,祛风除湿、通络止痛
王不留行,活血通经、下乳消肿
瓦松,凉血止血、解毒、敛疮
瓦楞子,消痰化瘀、软坚散结、制酸止痛
菟丝子,补肾益精、养肝明日
兔儿伞,活血舒筋、祛风湿
土三七,破血散瘀、止血消肿
土人参,补气润肺、止咳、调经
土牛膝,活血化瘀、利尿通淋、清热解表
土木香,健脾和胃、调气解郁、止痛安胎
土荆皮,杀虫、止痒
土荆芥,祛风除湿、杀虫止痒、活血消肿
土茯苓,解毒利尿、通利关节
土党参,健脾益气、补肺止咳、下乳
土大黄,清热解毒、止血、祛瘀、通便、杀虫
土鳖虫,破瘀血、续筋骨
土贝母,散结、消肿、解毒
透骨香,祛风除湿、散寒止痛、化痰止咳
透骨草,祛风除湿、舒筋活血、散瘀消肿、解毒止痛
通草,清热利尿、通气下乳
葶苈子,泻肺平喘、行气消肿
铁皮石斛,益胃生津、滋阴清热
铁包金,理肺止咳、祛瘀止痛、舒肝退黄、健胃消积
甜瓜子,清肺、润肠、化瘀、排脓、疗伤止痛
甜瓜蒂,涌吐痰食、除湿退黄
甜地丁,清热解毒、凉血消肿
天竺黄,清热豁痰、凉心定惊
天仙子,解痉、止痛、安神、定喘
天仙藤,行气活血、利水消肿
天山雪莲,温肾助阳、祛风胜湿、通经活血
天南星,燥湿化痰、祛风止痉、散结消肿
天麻,平肝息风止痉
天葵子,清热解毒、消肿散结
天花粉,清热生津、消肿排脓
天胡荽,清热利尿、解毒消肿
天冬,养阴润燥、润肺生津
桃枝,活血通络、解毒、杀虫
桃仁,活血祛痰、润肠通便
檀香,行气温中、开胃止痛
太子参,益气健脾、生津润肺
太白米,宽胸利气、健胃、止呕、镇痛、止咳
太白参,滋阴补肾、益气健脾
锁阳,补肾阳、益精血、润肠通便
娑罗子,理气宽中、和胃止痛
酸枣仁,补肝、宁心、敛汗、生津
苏木,行血祛瘀、消肿止痛
苏合香,开窍、辟秽、止痛
松香,祛风燥湿、排脓拔毒、生肌止痛
松花粉,燥湿、收敛止血
四叶参,补血通乳、清热解毒、消肿排脓
四块瓦,祛风除湿、散瘀止痛、解毒消肿
四季青, 清热解毒、消肿祛瘀
丝瓜络,活血、通络、祛风
水蛭,破血、逐瘀、通经
水翁花,清热解暑、生津止渴、去湿消滞
水牛角,清热解毒、凉血定惊
水茴香,健脾利湿、理气化痰
水红花子,消瘀破积、健脾利湿、全身止痛
水河剑,凉血、止血、利尿通淋
水飞蓟,清热解毒、保肝、利胆、保脑、抗X射线
水朝阳,祛风明目、化痰软坚、利水
水半夏,燥湿、化痰、止咳、消肿
双参,益肾、活血调经
鼠曲草,祛痰、止咳平喘、祛风湿
鼠李,止咳、祛痰
熟地黄,补血滋阴、益精填髓
首乌藤,养血安神、祛风通络
柿蒂,降逆止呃、下气
使君子,杀虫消积
石韦,利尿通淋、清热止血
石蒜,消肿、杀虫
石上柏,疏风、清肺止咳、解毒止痛、清肿抗癌、利湿
石楠叶,祛风湿、止痒、强筋骨、益肝肾
石南藤,消肿止痛、驱风寒、通经络
石榴皮,涩肠止泻、止血、驱虫
石决明,平肝潜阳、清肝明目
石斛,益胃生津、滋阴清热
石膏,清热降火、除烦止渴
石吊兰,化痰止咳、软坚散结
石菖蒲,开窍、豁痰、理气、活血、散风、去湿
石蝉草,清热解毒、消肿散瘀、止痛利水
十萼茄,清热解毒、祛痰止咳、补虚
蓍草,清热解毒、活血通经
生姜皮,行水消肿
生姜,散寒解表、降逆止呕、化痰止咳、解鱼蟹毒
升麻,发表透疹、清热解毒、升举阳气
肾茶,清热祛湿、排石利水
伸筋草,祛风寒、除湿消肿、舒筋活络
麝香,开窍醒神、活血通经、消肿止痛
射干,清热解毒、消痰、利咽
蛇蜕,祛风、定惊、解毒、退翳
蛇莓,清热、凉血、消肿、解毒
蛇床子,温肾壮阳、燥湿、祛风、杀虫
商陆,逐水消肿、通利二便、解毒散结
山茱萸,补益肝肾、收涩固脱
山芝麻,清热解毒、止咳
山楂叶,活血化瘀、理气通脉、化浊降脂
山楂,消食健脾、行气消瘀
山萸肉,补益肝肾、涩精固脱
山银花,清热解毒、凉散风热
山药,补脾养胃、生津益肺、补肾涩精
山柰,行气温中、消食、止痛
山木通,祛风活血、利尿通淋
山麦冬, 养阴生津、润肺清心
山菅兰,拔毒消肿、散瘀止痛
山豆根,清热解毒、消肿利咽
山大颜,清热解毒、消肿拔毒
山慈菇,清热解毒、化痰散结
砂仁,化湿开胃、温脾止泻、理气安胎
沙苑子,温补肝肾、固精、缩尿、明目
沙棘,祛痰止咳、消食化滞、活血散瘀
桑枝,祛风湿、通经络、行水气
桑叶,疏散风热、清肺润燥、清肝明目
桑椹,补血滋阴、生津润燥
桑螵蛸,益肾固精、缩尿、止浊
桑寄生,补肝肾、强筋骨、祛风湿、安胎元
桑白皮,泻肺平喘、利水消肿
三丫苦,清热解毒、行气止痛、燥湿止痒
三七,散瘀止血、消肿定痛
三棱,破血行气、消积止痛
三棵针,清热燥湿、泻火解毒
三分三,解痉镇痛、祛风除湿
三白草,清热解毒、利尿消肿
蕤仁,养肝明目、疏风散热
乳香,调气活血、定痛、消肿、生肌
肉桂,补火助阳、引火归元、散寒止痛、温通经脉
肉豆蔻,温中行气、涩肠止泻
肉苁蓉,补肾阳、益精血、润肠通便
榕树叶,清热祛湿、止咳化痰、活血散瘀、祛风止痒
日草根,清热、利尿消肿
忍冬藤,清热解毒、疏风通络
人参叶,补气、益肺、祛暑、生津
人参,大补元气、复脉固脱、补脾益肺、生津安神
拳参,清热解毒、止血、消肿
全蝎,息风镇痉、攻毒散结、通络止痛
瞿麦,利尿通淋、破血通经
苘麻子,清热解毒、利水消肿、通乳、退翳
青叶胆,清肝利胆、清热利湿
青羊参,祛风湿、强筋骨、健脾胃
青葙子,清肝、明日、退翳
青天葵,润肺止咳、清热解毒
青皮,疏肝破气、消积化滞
青牛胆,清热解毒、利咽、止痛
青木香,行气止痛、解毒消肿、平肝降压
青礞石,坠痰下气、平肝镇惊
青蒿,清热解毒、除骨蒸、截疟
青果,清热、利咽、生津、解毒
青风藤,祛风湿、通经络、利小便
青黛,清热凉血、定惊
秦皮,清热燥湿、收涩、明目
秦艽,祛风湿、退虚热、舒筋止疼
羌活, 解表散寒、祛风除湿、止痛
茜草,凉血、止血、祛瘀、通经
芡实,益肾固精、补脾止泻、除湿止带
前胡,发表镇痛、降气化痰
牵牛子,泻水通便、消痰涤饮、杀虫攻积
千日红,化痰止咳平喘、清肝明目经止惊
千年健,祛风湿、健筋骨
千里光,清热解毒、凉血消肿、清肝明目、杀虫止痛
千金子,逐水消肿、破血消癥
千斤拔,祛风除湿、强筋壮骨、活血解毒
荠苨,润燥化痰、清热解毒
荠菜,凉肝止血、平肝明目、清热利湿
七叶一枝花,清热解毒、消肿止痛、凉肝定惊
七叶莲,祛风止痛、活血消肿
蒲黄,止血、化瘀通淋
蒲公英,清热解毒、利尿散结
平贝母,清热润肺、化痰止咳
片姜黄,破血行气、通经止痛
辟汗草,和中健胃、解暑化湿
啤酒花,健胃消食、利尿安神
枇杷叶,清肺止咳、降逆止呕
硼砂,清热消痰、解毒防腐
佩兰,芳香化湿、醒脾开胃、发表解暑
胖大海,清热润肺、利咽解毒、润肠通便
盘龙七,补脾健胃、收涩固肠、除湿利水、活血
盘龙参,益气养阴、清热解毒
爬山虎,祛风止痛、活血通络
藕节,收敛止血、化瘀
女贞子,滋补肝肾、明目乌发
糯稻根,养阴除热、止汗
扭肚藤,清热解毒、利湿消滞
牛至,解表、理气、清暑、利湿
牛膝,补肝肾、强筋骨、逐瘀通经、引血下行
牛黄,清心、豁痰、开窍、凉肝、息风、解毒
牛耳枫,清热解毒、祛风活血、止痛消肿
牛大力,补脾润肺、舒筋活络
牛蒡子,疏散风热、宣肺透疹、消肿解毒
闹羊花,祛风除湿、散瘀定痛
硇砂,消积软坚、化腐生肌
南五味子,收敛固涩、益气生津、补肾宁心
南天竹叶,清热利湿、泻火、解毒
南山楂,消积化滞、破气散瘀
南沙参,养阴清肺、益胃生津、化痰、益气
南鹤虱,有驱虫功能
南瓜子,杀虫、下乳、利水消肿
南板蓝根,清热解毒、凉血消斑
木贼,疏风散热、退翳、止血
木香, 行气止痛、健脾消食
木通,清心火、利小便、通经下乳
木棉花,清热、利湿、解毒、止血
木槿皮,清热利湿、杀虫止痒
木槿花,清热利湿、凉血解毒
木蝴蝶,清肺利咽、疏肝和胃
木瓜,平肝舒筋、和胃化湿
木芙蓉叶,清热解毒、凉血止血、消肿止痛
木防己,祛风除湿、通经活络、解毒消肿
木耳,补气养血、润肺止咳、止血、降压、抗癌
木鳖子,散结消肿、攻毒疗疮
牡蛎,重镇安神、潜阳补阴、软坚散结、煅牡蛎收敛固涩
牡荆叶,解表、祛痰、止咳、平喘
牡蒿,清热、凉血、解毒
牡丹皮,清热凉血、活血化瘀
母丁香,温中降逆、散寒止痛
墨旱莲,滋补肝肾、凉血止血
茉莉花,理气止痛、辟秽开郁
明党参,润肺化痰、养阴和胃、平肝、解毒
绵马贯众,驱虫、止血、清热解毒
绵萆薢,利湿浊、祛风通痹
密蒙花,清热养肝泻火、明目退翳
猕猴桃,解热、止渴、健胃、通淋
虻虫,逐瘀消癥、破血通经
梅花,开郁和中、化痰、解毒
玫瑰花,行气解郁、和血止痛
没药,散瘀定痛、消肿生肌
毛诃子,清热解毒、收敛养血、调和诸药
毛草龙,清热利湿、消肿解毒
猫爪草,散结、解毒、消肿
芒硝,泻热通便、润燥软坚、清火消肿
蔓荆子,疏散风热、清利头目
满山红,止咳、祛痰
麦芽,行气消食、健脾开胃、退乳消胀
麦冬,养阴生津、润肺清心
马尾连,清热、燥湿、解毒
马蹄金,清热利湿、解毒消肿
马桑根,祛风除湿、解毒散结、杀虫
马钱子,清肺利咽、止血
马蔺子,清热利湿、消肿解毒、止血
马兰,凉血止血、清热利湿、解毒消肿
马兜铃,清肺降气、止咳平喘、清肠消痔
马齿苋,清热解毒、凉血止血
马勃,清肺、利咽、止血
马鞭草,活血散瘀、截疟、解毒、利水消肿
马宝,镇惊化痰、清热解毒
麻油,润肠通便、解毒、生肌
麻黄根,固表止汗
麻黄,发汗散寒、宣肺平喘、利水消肿
葎草,清热解毒、利尿通淋
绿豆,清热、消暑、利水、解毒
落地生根,解毒消肿、活血止痛、拔毒生肌
络石藤,祛风通络、凉血消肿
萝芙木,清风热、降肝火、消肿毒
罗勒,疏风行气、化湿消食、活血、解毒
罗汉果,清热润肺、滑肠通便
罗布麻叶,平肝安神、清热利水
路路通,祛风活络、利水通经
鹿药,补肾壮阳、活血祛瘀、祛风止痛
鹿衔草,祛风湿、强筋骨、止血、止咳
鹿茸,壮肾阳、益精血、强筋骨、调冲任、托疮毒
陆英,祛风、利湿、舒筋、活血
炉甘石,解毒、明目退翳、收湿止痒、敛疮
芦荟,清肝热、通便、杀虫疗疳
芦根,清热生津、除烦、止呕、利尿
漏芦,清热解毒、排脓通乳
龙眼肉,补益心脾、养血安神
龙涎香,行气活血、止咳化痰、消积利水
龙脷叶,润肺止咳、通便
龙葵,清热解毒、利水消肿、凉血止血
龙骨,镇心安神、平肝潜阳、固涩、收敛
龙胆,清肝火、除湿热、健胃
龙齿,镇静安神、清热除烦
六月寒,疏风解表、宣肺止咳
六神曲,消食化积、健脾和胃
六棱菊,祛风除湿、活血解毒
柳枝,祛风利湿、解毒消肿
硫黄,解毒、杀虫、疗疮、助阳通便
刘寄奴,活血通经、消积、止痛
羚羊角,平肝息风、清肝明目、散血解毒
凌霄花,行气祛瘀、凉血祛风
灵芝,补气安神、止咳平喘
灵香草,清热、行气、止痛、驱蛔
蓼大青叶,清热解毒、凉血消斑
两头尖,祛风湿、消痈肿
两面针,行气止痛、活血化瘀、祛风通络
凉粉草,消暑解渴、清热解毒
莨菪叶,清热定痉、止痛安神
莲子心,清心安神、交通心肾、涩精止血
莲子,补脾止泻、益肾固精、养心安神
莲房,化瘀止血
连翘,清热解毒、消肿散结
连钱草,利湿通淋、清热解毒、散瘀消肿
荔枝核,行气散结、祛寒止痛
藜芦,涌吐风痰、杀虫疗疮
藜,清热、利湿、杀虫
雷丸,杀虫消积
雷公藤,祛风除湿、活血通络、消肿止痛、杀虫、消炎、解毒
了哥王,清热解毒、散结逐瘀、利水杀虫
老鹳草,祛风湿、通经络、止泻痢
榔榆皮,清热解毒、利水消肿
狼毒,散结、杀虫
蓝布正,益气健脾、补血养阴、润肺化痰
莱菔子,下气、祛痰、消食化积
辣蓼,除湿、化滞
辣椒,温中散寒、开胃消食
昆布,软坚散结、消痰、利水
款冬花,润肺下气、止咳化痰
宽筋藤,舒筋活络、祛风止痛
苦玄参,清热解毒、消肿止痛
苦杏仁,降气、止咳平喘、润肠通便
苦石莲,散瘀、止痛、清热、去湿
苦木, 清热解毒、祛湿
苦荬菜,清热解毒、消肿
苦楝皮,驱虫、疗癣
苦瓜,祛暑涤热、明目、解毒
苦丁茶,疏风清热、除烦止咳、消食化痰
苦地丁,清热解毒、散结消肿
苦地胆,清热解毒、利水消肿
苦参,清热燥湿、杀虫、利尿
榼藤子,行气止痛、利湿消肿
决明子,清热明目、润肠通便
卷柏,活血祛瘀、止血
橘核,理气、散结、止痛
菊苣,清肝利胆、健胃消食、利尿消肿
菊花,散风清热、平肝明目
桔梗,宣肺祛痰、利咽排脓
救必应,泻火解毒、清热利湿、行气止痛、凉血止血
韭菜子,温补肝肾、壮阳固精
九香虫,行气止痛、温肾壮阳
九龙藤,祛风除湿、行气活血
九里香,行气止痛、活血散瘀
九层塔,疏风解表、祛风消肿、散瘀止痛、活血通经
景天三七,散瘀止血、安神镇痛
荆芥,发表散风、透疹
锦灯笼,清热解毒、利咽、化痰、利尿
筋骨草,清热解毒、凉血消肿
金樱子,固精、缩尿、涩肠、止泻
金银花,清热解毒、凉散风热
金铁锁,祛风除湿、散瘀止痛、解毒消肿
金丝草,清热、解暑、利尿
金荞麦,清热解毒、排脓祛瘀
金钱草,清利湿热、通淋、消肿、利湿退黄
金钱白花蛇,祛风、通络、止痉
金礞石,坠痰下气、平肝镇惊
金莲花,清热解毒、消肿、明目
金果榄,清热解毒、利咽、目痛
金沸草,降气、化痰、行水
芥子,温肺豁痰利气、散结通络止痛
绞股蓝,清热解毒、止咳祛痰、并有类似人参的强壮补益作用
椒目,利水消肿、祛痰平喘
降香,行气活血、止痛、止血
僵蚕,祛风定惊、化痰散结
姜黄,破血行气、通经止痛
剑花,清热润肺、化痰止咳
假芫茜,疏风解表、芳香健胃
檵木叶,清热解毒、收敛、止血
寄生黄,行气健胃、清热利湿、凉血止血、补肾涩精
蒺藜,平肝解郁、活血祛风、明目、止痒
急性子,破血软坚、消积
吉祥草,清肺、止咳、理血、补肾、解毒、接骨
积雪草,清湿热、解毒消肿、活血利尿
鸡爪大黄,泻热通肠、凉血解毒、逐瘀通经
鸡眼草,清热解毒、健脾利湿
鸡血藤,补血、活血、通络
鸡矢藤,祛风活血、止痛解毒、消食导滞、除湿消肿
鸡内金,健胃消食、涩精止遗
鸡冠花,收敛止血、止带、止痢
鸡骨香,理气止痛、祛风除湿、舒筋活络
鸡骨草,利湿退黄、清热解毒、疏肝止痛
鸡蛋花,清利湿热、清肠止泻、止咳化痰
藿香,快气、和中、辟秽、祛湿
火炭母,清热利湿、凉血解毒、明目退翳
火麻仁,润燥通便、补虚
回回蒜,消炎退肿、平喘、截疟
黄药子,清热、凉血、解毒、消瘿
黄藤,清热解毒、泻火通便
黄蜀葵,利水散瘀、消肿解毒、通乳
黄芩,清热燥湿、泻火解毒、止血、安胎
黄芪,补气固表、利尿、托毒排脓、生肌
黄皮核,理气消食、散结消胀、化痰止咳
黄连,清热燥湿、泻火解毒
黄精,补气养阴、健脾、润肺、益肾
黄荆子,祛风解表、化痰止咳、行气止痛
黄花倒水莲,益气养血、健脾利湿、活血调经
黄柏,清热燥湿、泻火除蒸、解毒疗疮
槐枝,散瘀止血、清热燥湿、祛风杀虫
槐角,清热泻火、凉血止血
槐花,凉血止血、清肝泻火
化橘红,散寒、燥湿、利气、消痰
滑石,利尿通淋、清热解暑、外用祛湿敛疮
华山参,平喘止咳、安神镇惊
花蕊石,化瘀止血
花椒,温中止痛、杀虫止痒
琥珀,镇惊安神、散瘀止血、利水通淋、去翳明目
虎杖,祛风利湿、散瘀止痛、止咳化痰
虎耳草,祛风、清热、清血解毒
槲寄生,祛风湿、补肝肾、强筋骨、降血压、安胎下乳
湖北贝母,清热化痰、止咳、散结
葫芦茶,清热解毒、利水除湿、消食杀虫
葫芦,利水、消肿、通淋、散结
胡颓子叶,敛肺、平喘、止咳
胡荽,发表透疹、消食开胃、止痛解毒
胡芦巴,温肾、祛寒、止痛
胡椒,温中散寒、下气、消痰
胡黄连,退虚热、除疳热、清湿热
厚朴花,芳香化湿、理气宽中
厚朴,燥湿消痰、下气除满
猴耳环,清热解毒、去湿敛疮
红鱼眼,祛风活血、散瘀消肿
红药子,止血、活血、养血、止痢、收敛止痛
红天葵,清热凉血、止咳化痰、散瘀消肿
红丝线,清热解毒、凉血熄风、散瘀消肿
红曲,活血化瘀、健脾消食
红芪,补气固表、利尿托毒、排脓、敛疮生肌
红景天,益气活血、通脉平喘
红花,活血通经、散瘀止痛
红粉,拔毒、除脓、去腐、生肌
红豆蔻,燥湿散寒、醒脾消食
红大戟,泻水逐饮、解毒、消肿散结
红参,大补元气、复脉固脱、益气摄血
黑种草子,补肾健脑、通经、通乳、利尿
黑芝麻,补肝肾、益精血、润肠燥
黑豆,益精明目、养血祛风、利水、解毒
鹤虱,杀虫消积
鹤草芽,驱虫、解毒消肿
核桃仁,温补肺肾、定喘化痰、润肠涩精
荷叶,清暑化湿、升发清阳、凉血止血
何首乌,解毒、消痈、润肠通便
合欢皮,解郁安神、活血消肿
合欢花,解郁安神
诃子,涩肠敛肺、降水利咽
汉桃叶,祛风止痛、舒筋活络
蔊菜,祛痰止咳、解表散寒、活血解毒、利湿退黄
海藻,软坚散结、消痰、利水
海芋,清热解毒、散结消肿
海桐皮,祛风湿、通经络、止痛
海螵蛸,收敛止血、涩精止带、制酸、敛疮
海马,温肾壮阳、散结消肿
海龙,温肾壮阳、散结消肿
海金沙,清利湿热、通淋止痛
海蛤壳,清肺、化痰、软坚、利水、制酸、敛疮
海浮石,清肺化痰、软坚散结
海风藤,祛风除湿、舒筋活络
海参,补肾益精、养血润燥、止血
蛤蚧,补肺益肾、纳气定喘、助阻益精
桂枝,发表解肌、温经通脉、助阳化气、平冲降气
桂皮,温脾胃、暖肝肾、祛寒止痛、散瘀消肿
桂花,温肺化饮、散寒止痛
鬼针草,清热解毒、活血祛风
鬼箭羽,行血通经、散瘀止痛
龟甲,滋阴潜阳、益肾强骨、养血补心
广枣,行气活血、养心、安神
广升麻,清热解毒、发表透疹
广山药,健脾养胃、生津益肺、补肾涩精
广昆布,清热解毒、软坚、消痰、利水、降血压
广金钱草,清热除湿、利尿通淋
广藿香,芳香化浊、开胃止呕、发表解暑
广东紫荆皮,清热利湿、祛风止痒
广东王不留行,活血通经、下乳、消肿
广东土牛膝,清热解毒、利咽消肿
广东络石藤,祛风通络、凉血消肿
广东刘寄奴,破血通经、止血止痛、消积除胀
广东狼毒,清热解毒、消肿散结
广东合欢花,解郁安神、舒气开胃、活血止痛
广东海桐皮,祛风祛湿、通经活络、利水消肿
广东海风藤,祛风湿、通经络、行气止痛
贯众,清热解毒、杀虫、止血
贯叶金丝桃,疏肝解郁、清热利湿、消肿通乳
关黄柏,清热燥湿、泻火除蒸、解毒疗疮
瓜子金,祛痰止咳、活血消肿、解毒止痛
瓜蒌,清热涤痰、宽胸散结、润燥滑肠
骨碎补,续伤止痛、补肾强骨
谷芽,消食和中、健脾开胃
谷精草,疏散风热、明目退翳
枸杞子,滋补肝肾、益精明目
枸骨叶,清热养阴、平肝、益肾
狗肾,温肾壮阳、补益精髓
狗脊,补肝肾、强腰膝、祛风湿
狗肝菜,清热凉血、利尿解毒
钩藤,清热平肝、息风定惊
功劳木,清热燥湿、泻火解毒
葛根,解肌退热、生津、透疹、升阳止泻
藁本,散寒、除湿、止痛
高良姜,温胃止呕、散寒止痛
杠板归,清热解毒、利咽祛湿
岗稔根,舒肝通络、止痛
岗梅根,清热解毒、生津止渴、利咽消肿、散瘀止痛、具有抗菌作用
干漆,破瘀血、消积、杀虫
干姜,温中散寒、回阳通脉、燥湿消痰
甘遂,泻水逐饮、消肿散结
甘肃丹参,祛瘀止痛、活血调经、养心除烦、排脓生肌
甘松,理气止痛、开郁醒脾
甘草,补脾益气、止咳祛痰、缓急定痛、调和药性
覆盆子,益肾、固精、缩尿
附子,回阳救逆、补火助阳、散寒止痛
浮小麦,除虚热、止汗
浮萍,宣散风热、透疹、利尿
茯神,宁心、安神、利水
茯苓,利水渗湿、健脾宁心
扶桑花,清肺、化痰、凉血、解毒
扶芳藤,益气血、补肝肾、舒筋活络
伏龙肝,收敛止血、温中止呕、止泻
佛手,舒肝理气、和胃止痛
佛甲草,清热解毒
凤眼果,和胃消食、解毒杀虫
凤尾草,清热利湿、凉血止血、消肿解毒
凤凰衣,养阴清肺、敛疮、消翳、接骨
蜂房,祛风、攻毒、杀虫、止痛
枫香脂,活血止痛、解毒、生肌、凉血
粉葛,解肌退热、生津、透疹、升阳止泻
粉萆薢,利湿去浊、祛风除痹
榧子,杀虫消积、润肺止咳、润燥通便
飞天蠄蟧,清热止咳、祛风除湿
飞龙掌血,祛风止痛、散瘀止血
防己,利水消肿、祛风止痛
防风草,祛风、除湿、解毒、止痛
防风,发表、祛风、除湿
方解石,清热泻火解毒
翻白草,清热解毒、止痢、止血
番泻叶,泻热行滞、通便、利水
番石榴叶,燥湿健脾、清热解毒、涩肠止泻、收敛止血
儿茶,收湿、生肌、敛疮、止血
鹅不食草,通鼻窍、止咳
峨参,益气健脾、活血止痛
莪术,行气破血、消积止痛
断血流,收敛止血
杜仲叶,补肝肾、强筋骨
杜仲,补肝肾、强筋骨、安胎
独一味,活血止血、祛风止痛
独脚金,平肝消疳、健脾消食、清热利尿
独活,祛风除湿、通痹止痛
豆蔻,化湿消痞、行气温中、开胃消食
豆豉姜,祛风除湿、温中散寒、行气活血
冬凌草,清热解毒、活血止痛
冬葵子,利水通淋、滑肠、通乳
冬葵果,清热利尿、消肿
冬瓜皮,清热利尿、消肿
冬虫夏草,补肺益肾、止血、化痰
东风橘,祛风解表、化痰止咳、理气止痛
丁香罗勒油,局部镇痛、防腐药
丁香,温中降逆、补肾助阳
丁公藤,祛风除湿、消肿止痛
颠茄草,解痉止痛、抑制分泌
地榆,凉血止血、解毒敛疮
地桃花,清热解毒、去湿止痢、祛风止痛
地稔根,活血通络、收敛止血
地龙,清热定惊、通络、平喘、利尿
地锦草,清热解毒、凉血止血
鲜地黄,鲜地黄：清热生津、凉血、止血
生地黄,生地黄：清热凉血、养阴、生津
地骨皮,凉血除蒸、清肺降火
地肤子,清利湿热、止痒
地枫皮,祛风除湿、行气止痛
地耳草,清热利湿、解毒、散瘀消肿、止痛
地不容,截疟、解疮毒
灯盏细辛,活血通络止痛、祛风散寒
灯心草,清心火、利小便
稻芽,和中消食、健脾开胃
倒扣草,解表清热、利水通淋、活血散瘀
刀豆,温中、下气、止呕
党参,补中益气、健脾益肺
当药,清湿热、健胃
当归,补血活血、调经止痛、润肠通便
淡竹叶,清热除烦、利尿
淡豆豉,解表、除烦、宣发郁热
胆南星,清热化痰、息风定惊
胆矾,涌吐、解毒、去腐
单叶蔓荆子,疏散风热、清利头目
丹参,祛瘀止痛、活血痛经、清心除烦
玳瑁,平肝定惊、清热解毒
大枣,补中益气、养血安神
大叶紫珠,散瘀止血、消肿止痛
大叶桉叶,清热燥湿、抑菌消炎
大血藤,清热解毒、活血祛风、止痛
大蒜,行滞气、暖脾胃、消积、解毒杀虫
大青叶,清热解毒、凉血清斑
大青盐,泻热、凉血、明目、润燥
大蓟,凉血止血、祛瘀消肿
大戟,泻水饮、利二便
大黄,泻热通便、凉血解毒、逐瘀通经
大腹皮,行气宽中、行水消肿
大风子,祛风燥湿、攻毒杀虫
大风艾,温中活血、调经、祛风除湿、杀虫
大飞扬草,清热、解毒、通乳、渗湿、止痒
大豆黄卷, 透邪解表、利湿解热
大驳骨,活血止痛、化瘀接骨、祛风除湿、消肿解毒
翠云草,清热利湿、解毒、祛瘀、止血、止咳
楤木,祛风湿、利小便、散瘀血、消肿毒
葱子,温肾、明目、解毒
葱白,发表、通阳、解毒、杀虫
刺苋菜,清热利湿、解毒消肿、凉血止血
刺五加,益气健脾、补肾安神
刺猬皮,降气、止痛、止血、涩精
磁石,平肝潜阳、聪耳明目、镇惊安神、纳气平喘
椿皮,清热燥湿、收涩止带、止泻、止血
春不见,清热解毒、祛风定惊
垂盆草,清利湿热、解毒
穿心莲,清热解毒、凉血、消肿
穿山龙,活血舒筋、祛风止痛、止咳、平喘、祛痰
穿山甲,通经下乳、消肿排脓、搜风通络
穿破石,祛风通络、清热除湿、解毒消肿
川续断,补肝肾、强筋骨、续折伤、止崩漏
川芎,活血行气、祛风止痛
川乌, 祛风除湿、温经止痛
川射干,清热解毒、消痰利咽
川牛膝,逐瘀通经、通利关节、利尿通淋
川木香,行气止痛
川木通,清热利尿、通经下乳
川楝子,舒肝、行气、止痛、驱虫
川贝母,清热润肺、化痰止咳
楮实子,补肾清肝、明目、利尿
臭梧桐,祛风除湿、平肝降压、解毒杀虫
臭牡丹,祛风除湿、平肝潜阳、消肿解毒
臭灵丹草, 清热解毒、止咳祛痰
虫牙药,清热利湿、解毒、止血
虫白蜡,止血、生肌、定痛
茺蔚子,活血调经、清肝明目
赤小豆,利水消肿、解毒排脓
赤石脂,涩肠、止血、生肌、敛疮
赤芍,清热凉血、散瘀止痛
陈皮,理气开胃、燥湿化痰、治脾胃病
沉香,行气止痛、温中止呕、纳气平喘
车前草,清热利尿、祛痰、凉血、解毒
常山,截疟、涌吐劫痰
蟾酥,解毒止痛、开窍醒神
蝉蜕,散风除热、利咽透疹、解痉、退翳
蝉花,清热祛风、镇惊明目、退翳透疹
柴胡,和解表里、疏肝、升阳
侧柏叶,凉血止血、生发乌发
草乌叶,清热、解毒、止痛
草乌,祛风、除湿、散寒、止痛
草果,燥湿温中、除痰截疟
草豆蔻,燥湿健脾、温胃止呕
藏菖蒲,温胃、消炎止痛
苍术,燥湿健脾、祛风散寒、明目
苍耳子,散风湿、通鼻窍、杀虫
蚕沙,祛风除湿、和胃化浊
布渣叶,清热消滞、利湿退黄
补骨脂,温肾助阳、纳气、止泻
卜芥,清热解毒、散结止痛
博落回,消肿解毒、杀虫止痒
冰片,开窍醒神、清热止痛
槟榔,驱虫、消积、下气、行水
鳖甲,滋阴潜阳、软坚散结、退热除蒸
扁蓄,利尿通淋、杀虫、止痒
蓖麻子,消肿拔毒、泻下通滞
荜澄茄,温中散寒、行气止痛
荜茇,温中散寒、下气止痛
北沙参,养阴清肺、益胃生津
北刘寄奴,活血祛瘀、通经止痛、凉血、止血、清热利湿
北豆根,清热解毒、消肿止痛
暴马丁香,清肺祛痰、止咳、平喘、利水
薄荷,宣散风热、清头目、透疹
半枝莲,清热解毒、活血化瘀、利尿
半夏,燥湿化痰、降逆止呕、消痞散结
半枫荷,祛风除湿、活血消肿
半边莲,利尿消肿、清热解毒
板蓝根,清热解毒、凉血利咽
斑蝥,破血消癥、攻毒蚀疮、引赤发泡
败酱草,清热解毒、祛瘀排脓
柏子仁,养心安神、止汗、润肠
百合,养阴润肺、清心安神
百部,润肺止咳、杀虫灭虱
白芷,散风除湿、通窍止痛、消肿排脓
白英,清热、利湿、祛风、解毒
白药子,清热解毒、祛风止痛、凉血止血
白鲜皮,清热燥湿、祛风解毒
白薇,清热、凉血、利尿
白头翁,清热解毒、凉血止痢
白苏子,下气消痰、润肠通便
白术,健脾、益气、燥湿利水、止汗、安胎
白首乌,补肝肾、强筋骨、益精血、健脾消食、解毒疗疮
白石英,温肺肾、安心神、利小便
白石花,明目、凉血、解毒
白芍,平肝止痛、养血调经、敛阴止汗
白屈菜,破瘀止血、解痉止痛、止咳平喘
白前,降气、消痰、止咳
白茅根,凉血止血、清热利尿
白马骨,疏风、清热、利湿、解毒
白蔹,清热解毒、消痈散结
白兰花,止咳、化浊
白芥子,利气燥痰、散结消肿
白及,收敛止血、消肿生肌
白花银背藤,补气血、止咳、驳骨、止血生肌
白花蛇舌草,清热、利湿、解毒、抗癌
白花丹,祛风除湿、行气活血、解毒消肿
白鹤灵芝,清肺止咳、利湿止痒
白果,敛肺定喘、止带浊、缩小便
白附子,祛风痰、定惊搐、解毒、散结、止痛
白矾,祛痰燥湿、解毒杀虫、止血止泻、解毒杀虫、燥湿止痒
白扁豆,健脾化湿、和中消暑
白背叶根,清热利湿、益气固脱、疏肝活血
菝葜,祛风湿、利小便、消肿毒
巴戟天,补肾阳、强筋骨、祛风湿
巴豆,外用蚀疮
八楞木,祛风除湿、散瘀止痛
八角莲,化痰散结、祛瘀止痛、清热解毒
八角茴香,温阳散寒、理气止痛
八角枫,祛风除湿、舒筋活络、散瘀止痛
桉叶油,疏风解热、祛湿解毒
安息香,开窍清神、行气、活血、止痛
艾叶,散寒止痛、温经止血
矮地茶,镇咳、祛痰、活血、利尿、解毒
阿魏,消积、化瘕、散痞、杀虫
阿胶,补血滋阴、润燥、止血
