﻿酢浆草,肝经、肺经、膀胱经
醉鱼草,暂无
走马胎,肝经、脾经
棕榈,肺经、肝经、大肠经
自然铜,肝经
紫珠叶,肝经、肺经、胃经
紫苑,肺经
紫玉簪,肺经、肾经
紫苏子,肺经
紫苏叶,肺经、脾经
紫苏梗,肺经、脾经
紫石英,肾经、心经、肺经
紫梢花,肾经
紫花前胡,肺经
紫花地丁,心经、肝经
紫河车,心经、肺经、肾经
紫草茸,肝经、脾经
紫草,心经、肝经
紫贝齿,肝经
梓实,肾经、膀胱经
苎麻根,肝经、心经、膀胱经
竹叶椒,胃经、脾经
竹茹,胃经、胆经、脾经
竹沥,心经、肝经、肺经
竹节参,肝经、脾经、肺经
猪牙皂,肺经、大肠经
猪苓,肾经、膀胱经
猪胆粉,肝经、胆经、肺经、大肠经
珠子参,肝经、肺经、胃经
朱砂根,肺经、肝经
朱砂,心经
重楼,肝经
肿节风,心经、肝经
钟乳石,肺经、肾经、胃经
炙黄芪,肺经、脾经
炙甘草,心经、肺经、胃经、脾经
枳实,脾经、胃经
枳壳,脾经、胃经
枳椇子,胃经
蜘蛛香,心经、脾经、胃经
栀子,心经、肺经、三焦经
知母,肺经、胃经、肾经
珍珠母,肝经、心经
珍珠,心经、肝经
浙贝母,肺经、心经
赭石,肝经、心经、肺经、胃经
掌叶半夏,肺经、肝经、脾经
长春花,暂无
樟脑,心经、脾经
樟木,脾经、肝经
樟柳头,暂无
泽泻,肾经、膀胱经
泽漆,大肠经、小肠、脾经
泽兰,肝经、脾经
皂角刺,肝经、胃经
皂角,肺经、大肠经
芸薹子,肝经、大肠经
云南草蔻,暂无
粤丝瓜络,肺经、胃经、肝经
月季花,肝经
远志,心经、肾经、肺经
芫荽子,肺经、胃经
芫花,肺经、脾经、肾经
元宝草,暂无
预知子,肝经、胆经、胃经、膀胱经
郁李仁,脾经、大肠经、小肠经
郁金,肝经、心经、肺经
玉竹,肺经、胃经
玉叶金花,肝经、脾经
玉米须,肾经、胃经、肝经、胆经
禹州漏芦,胃经
禹余粮,胃经、大肠经
鱼腥草,肺经
余甘子,肺经、胃经
油松节,肝经、肾经
迎春花,肾经、膀胱经
鹰不泊,肺经、胃经
樱桃核,肺经
罂粟壳,肺经、大肠经、肾经
淫羊藿,肝经、肾经
银杏叶,心经、肺经
银耳,肺经、胃经、肾经
银柴胡,肝经、胃经
茵陈,脾经、胃经、膀胱经
阴香皮,胃经、大肠经、肝经、肾经
阴香根,暂无
翼首草,暂无
薏苡仁,脾经、胃经、肺经
益智,脾经、肾经
益母草,肝经、心经、膀胱经
伊贝母,肺经、心经
一枝黄花,肺经、肝经
一支箭,肝经
一点血,肾经、肝经
叶象花,肝经
叶下珠,肝经、脾经
野棉花,暂无
野马追,肺经
野菊花,心经、肝经
洋金花,肺经、肝经
阳起石,肾经
羊蹄草,暂无
羊蹄,心经、肝经、大肠经
羊耳菊,暂无
燕窝,肺经、胃经、肾经
盐蛇干,肝经
岩椒草,肝经、胃经、肺经
岩参,暂无
延胡索,肝经、脾经
亚麻子,肺经、肝经、大肠经
鸭跖草,肺经、胃经、膀胱经
鸭脚木皮,肺经
鸦胆子,大肠经、肝经
荨麻,暂无
寻骨风,肝经、胃经
血余炭,肝经、胃经
血竭,心经、肝经
雪上一枝蒿,肝经、肾经
旋覆花,肺经、胃经
玄明粉,胃经、大肠经
玄参,肺经、胃经、肾经
萱草根,脾经、肝经、膀胱经
续断,肝经、肾经
徐长卿,肝经、胃经
熊胆,肝经、胆经、心经
雄黄,肝经、大肠经
辛夷,肺经、胃经
薤白,心经、肺经、胃经、大肠经
缬草,心经、肝经
小叶莲,暂无
小通草,肺经、胃经
小蓟,心经、肝经
小茴香,肝经、脾经、胃经、肾经
小飞扬草,暂无
小檗皮,暂无
小驳骨,肝经、肾经
香橼,肝经、脾经、肺经
香加皮,肝经、肾经、心经
香附,肝经、三焦经
相思子,大肠经、胃经、心经
仙人掌,胃经
仙茅,肾经、肝经、脾经
仙鹤草,心经、肝经
夏天无,肝经
夏枯草,肝经、胆经
霞草,肝经
细辛,心经、肺经、肾经
喜树果,脾经、胃经、肝经
豨莶草,肝经、肾经
溪黄草,肝经、胆经、大肠经
菥蓂,肝经、胃经、大肠经
西洋参,心经、肺经、肾经
西青果,肺经、大肠经
西红花,心经、肝经
西河柳,心经、肺经、胃经
西瓜皮,心经、胃经、膀胱经
西番莲,暂无
五指毛,肺经、脾经、胃经、大肠经、肝经
五味子,肺经、心经、肾经
五灵脂,肝经
五加皮,肝经、肾经
五倍子,肺经、大肠经、肾经
蜈蚣,肝经
梧桐子,心经、肺经、肾经
吴茱萸,肝经、脾经、胃经、肾经
无患子,心经、肺经
无花果,肺经、胃经、大肠经
无根藤,暂无
巫山淫羊藿,肝经、肾经
乌药,肺经、脾经、肾经、膀胱经
乌梢蛇,肝经
乌梅,肝经、脾经、肺经、大肠经
乌蔹莓,心经、肝经、胃经
乌桕子,暂无
问荆,肺经、胃经、肝经
委陵菜,大肠经、肺经、肝经
威灵仙,膀胱经
王不留行,肝经、胃经
瓦松,肝经、肺经、脾经
瓦楞子,肺经、胃经、肝经
菟丝子,肝经、肾经、脾经
兔儿伞,暂无
土三七,暂无
土人参,肺经、脾经
土牛膝,肝经、肾经
土木香,肝经、脾经
土荆皮,肺经、脾经
土荆芥,肺经、膀胱经
土茯苓,胃经、肝经
土党参,脾经、肺经
土大黄,暂无
土鳖虫,肝经
土贝母,肺经、脾经
透骨香,肾经、肺经、肝经
透骨草,肾经、肝经
通草,肺经、胃经
葶苈子,肺经、膀胱经
铁皮石斛,胃经、肾经
铁包金,肺经、心经
甜瓜子,肺经、胃经、大肠经
甜瓜蒂,脾经、胃经、肝经
甜地丁,心经、肝经
天竺黄,心经、肝经
天仙子,心经、肝经、胃经
天仙藤,肝经、脾经、肾经
天山雪莲,暂无
天南星,肺经、肝经、脾经
天麻,肝经
天葵子,肝经、胃经
天花粉,肺经、胃经
天胡荽,脾经、胆经、肾经
天冬,肺经、肾经
桃枝,心经、胃经
桃仁,心经、肝经、大肠经
檀香,肺经、胃经、脾经、心经
太子参,脾经、肺经
太白米,脾经、肺经、胃经、大肠经
太白参,肾经、脾经
锁阳,脾经、肾经、大肠经
娑罗子,肝经、胃经
酸枣仁,肝经、胆经、心经
苏木,心经、肝经、脾经
苏合香,心经、脾经
松香,肝经、脾经
松花粉,肝经、脾经
四叶参,脾经、肺经
四块瓦,肺经、肝经
四季青,肺经、大肠经、膀胱经
丝瓜络,肺经、胃经、肝经
水蛭,肝经
水翁花,肺经、脾经、胃经
水牛角,心经、肝经
水茴香,肺经、脾经、胃经
水红花子,肝经、胃经
水河剑,暂无
水飞蓟,肝经、胆经
水朝阳,暂无
水半夏,肺经、脾经
双参,心经、肝经、脾经、肾经
鼠曲草,肺经
鼠李,肝经、肾经
熟地黄,肝经、肾经
首乌藤,心经、肝经
柿蒂,胃经
使君子,脾经、胃经
石韦,肺经、膀胱经
石蒜,暂无
石上柏,肺经、胃经、肝经
石楠叶,肝经、肾经
石南藤,肝经、脾经
石榴皮,大肠经
石决明,肝经
石斛,胃经、肾经
石膏,肺经、胃经
石吊兰,肺经
石菖蒲,心经、胃经
石蝉草,肺经、脾经、肝经、肾经
十萼茄,暂无
蓍草,肺经、脾经、膀胱经
生姜皮,脾经、肺经
生姜,肺经、脾经、胃经
升麻,肺经、脾经、胃经、大肠经
肾茶,肾经、膀胱经
伸筋草,肝经、脾经、肾经
麝香,心经、脾经
射干,肺经
蛇蜕,肝经
蛇莓,肝经、肺经、大肠经
蛇床子,肾经
商陆,肺经、脾经、肾经、大肠经
山茱萸,肝经、肾经
山芝麻,肺经、大肠经
山楂叶,肝经
山楂,脾经、胃经、肝经
山萸肉,暂无
山银花,肺经、心经、胃经
山药,脾经、肺经、肾经
山柰,胃经、心经
山木通,脾经、胃经、肝经
山麦冬,心经、肺经、胃经
山菅兰,暂无
山豆根,肺经、胃经
山大颜,暂无
山慈菇,肝经、脾经
砂仁,胃经、脾经、肾经
沙苑子,肝经、肾经
沙棘,脾经、胃经、肺经、心经
桑枝,肝经
桑叶,肺经、肝经
桑椹,心经、肝经、肾经
桑螵蛸,肝经、肾经
桑寄生,肝经、肾经
桑白皮,肺经
三丫苦,肝经、肺经、胃经
三七,肝经、胃经
三棱,肝经、脾经
三棵针,肝经、胃经、大肠经
三分三,暂无
三白草,肺经、膀胱经
蕤仁,暂无
乳香,心经、脾经、肝经
肉桂,肾经、脾经、心经、肝经
肉豆蔻,大肠经、胃经、脾经
肉苁蓉,肾经、大肠经
榕树叶,肺经、大肠经
日草根,暂无
忍冬藤,肺经、胃经
人参叶,肺经、胃经
人参,心经、肺经、脾经、肾经
拳参,肺经、肝经、大肠经
全蝎,肝经
瞿麦,心经、小肠经
苘麻子,大肠经、小肠经
青叶胆,肝经、胆经、膀胱经
青羊参,心经、肝经、脾经
青葙子,肝经
青天葵,心经、肺经、肝经
青皮,肝经、胆经、胃经
青牛胆,暂无
青木香,肺经、胃经、肝经
青礞石,暂无
青蒿,胆经、肝经
青果,肺经、胃经
青风藤,肝经、脾经
青黛,肝经
秦皮,肝经、胆经、大肠经
秦艽,胃经、肝经、胆经
羌活,膀胱经、肾经
茜草,肝经
芡实,脾经、肾经
前胡,肺经
牵牛子,肺经、肾经、大肠经
千日红,肺经、肝经
千年健,肝经、肾经
千里光,肝经、肺经
千金子,肝经、肾经、大肠经
千斤拔,肝经、肾经
荠苨,肺经、脾经
荠菜,肝经、脾经、膀胱经
七叶一枝花,肝经
七叶莲,暂无
蒲黄,肝经、心经
蒲公英,肝经、胃经
平贝母,肺经、心经
片姜黄,脾经、肝经
辟汗草,肝经、脾经、胃经
啤酒花,肝经、胃经
枇杷叶,肺经、胃经
硼砂,肺经、胃经
佩兰,脾经、胃经、肺经
胖大海,肺经、大肠经
盘龙七,脾经、肝经、膀胱经、肺经
盘龙参,肺经、心经
爬山虎,暂无
藕节,肝经、肺经、胃经
女贞子,肝经、肾经
糯稻根,肺经、肾经
扭肚藤,胃经、大肠经
牛至,肺经、胃经、肝经
牛膝,肝经、肾经
牛黄,心经、肝经
牛耳枫,肝经、肾经
牛大力,肺经、脾经、肾经
牛蒡子,肺经、胃经
闹羊花,肝经
硇砂,肝经、脾经、胃经
南五味子,肺经、心经、肾经
南天竹叶,暂无
南山楂,脾经、胃经、肝经
南沙参,肺经、胃经
南鹤虱,脾经、胃经
南瓜子,大肠经
南板蓝根,心经、胃经
木贼,肺经、肝经
木香,脾经、胃经、大肠经、三焦经、胆经
木通,心经、小肠经、膀胱经
木棉花,大肠经
木槿皮,大肠经、肝经、脾经
木槿花,脾经、肺经、肝经
木蝴蝶,肺经、肝经、胃经
木瓜,肝经、脾经
木芙蓉叶,肺经、肝经
木防己,膀胱经、肾经、脾经
木耳,肺经、脾经、大肠经、肝经
木鳖子,脾经、胃经、肝经
牡蛎,肝经、胆经、肾经
牡荆叶,肺经
牡蒿,暂无
牡丹皮,心经、肝经、肾经
母丁香,脾经、胃经、肺经、肾经
墨旱莲,肾经、肝经
茉莉花,脾经、胃经、肝经
明党参,肺经、脾经、肝经
绵马贯众,肝经、胃经
绵萆薢,肾经、胃经
密蒙花,肝经
猕猴桃,胃经、肝经、肾经
虻虫,肝经
梅花,肝经、胃经、肺经
玫瑰花,肝经、脾经
没药,心经、肝经、脾经
毛诃子,暂无
毛草龙,暂无
猫爪草,肝经、肺经
芒硝,胃经、大肠经
蔓荆子,膀胱经、肝经、胃经
满山红,肺经
麦芽,脾经、胃经
麦冬,心经、肺经、胃经
马尾连,暂无
马蹄金,暂无
马桑根,暂无
马钱子,脾经、肝经
马蔺子,肝经、胃经、脾经、肺经
马兰,肺经、肝经、胃经、大肠经
马兜铃,肺经、大肠经
马齿苋,大肠经、肝经
马勃,肺经
马鞭草,肝经、脾经
马宝,心经、肝经
麻油,大肠经
麻黄根,肺经、心经
麻黄,肺经、膀胱经
葎草,肺经、肾经
绿豆,心经、肝经、胃经
落地生根,肺经、肾经
络石藤,心经、肝经、肾经
萝芙木,暂无
罗勒,暂无
罗汉果,肺经、大肠经
罗布麻叶,肝经
路路通,肝经、肾经
鹿药,肾经、肝经
鹿衔草,肝经、肾经
鹿茸,肾经、肝经
陆英,肝经
炉甘石,肝经、脾经
芦荟,大肠经、胃经、肝经
芦根,肺经、胃经
漏芦,胃经
龙眼肉,心经、脾经
龙涎香,心经、肝经、肺经、肾经
龙脷叶,肺经、胃经
龙葵,膀胱经
龙骨,心经、肝经、肾经、大肠经
龙胆,肝经、胆经
龙齿,心经、肝经
六月寒,肺经
六神曲,脾经、胃经
六棱菊,膀胱经、脾经、肺经
柳枝,胃经、肝经
硫黄,肾经、大肠经
刘寄奴,心经、肝经、脾经
羚羊角,肝经、心经
凌霄花,肝经、心包经
灵芝,心经、肺经、肝经、肾经
灵香草,肺经
蓼大青叶,心经、胃经
两头尖,脾经
两面针,胃经、肝经
凉粉草,暂无
莨菪叶,暂无
莲子心,肾经、心经
莲子,脾经、肾经、心经
莲房,肝经
连翘,肺经、心经、小肠经
连钱草,肝经、肾经、膀胱经
荔枝核,肝经、肾经
藜芦,肝经、肺经、胃经
藜,暂无
雷丸,大肠经、胃经
雷公藤,心经、肝经
了哥王,肺经、胃经
老鹳草,肝经、肾经、脾经
榔榆皮,肝经、肾经
狼毒,肝经、脾经
蓝布正,肝经、脾经、肺经
莱菔子,脾经、胃经、肺经
辣蓼,脾经、胃经、大肠经
辣椒,心经、脾经
昆布,肝经、胃经、肾经
款冬花,肺经
宽筋藤,肝经
苦玄参,肺经、胃经、肝经
苦杏仁,肺经、大肠经
苦石莲,心经、脾经、肾经
苦木,肺经、大肠经
苦荬菜,暂无
苦楝皮,胃经、脾经、肝经
苦瓜,心经、脾经、肺经
苦丁茶,肝经、肺经、胃经
苦地丁,心经、肝经、大肠经
苦地胆,肺经、肝经、肾经
苦参,心经、肝经、胃经、大肠经、膀胱经
榼藤子,胃经、肝经、大肠经
决明子,肝经、肾经、大肠经
卷柏,肝经、心经
橘核,肝经、肾经
菊苣,暂无
菊花,肺经、肝经
桔梗,肺经
救必应,肺经、肝经、大肠经、胃经
韭菜子,肾经、肝经
九香虫,肝经、脾经、肾经
九龙藤,肝经、大肠经
九里香,肝经、胃经
九层塔,肺经、脾经、胃经、大肠经
景天三七,心经、肝经
荆芥,肺经、肝经
锦灯笼,肺经
筋骨草,肺经
金樱子,肾经、膀胱经、大肠经
金银花,肺经、心经、胃经
金铁锁,肝经
金丝草,暂无
金荞麦,肺经
金钱草,肝经、胆经、肾经、膀胱经
金钱白花蛇,肝经
金礞石,肺经、心经、肝经
金莲花,肺经、胃经
金果榄,肺经、大肠经
金沸草,肺经、大肠经
芥子,肺经
绞股蓝,肺经、脾经、肾经
椒目,脾经、肺经、膀胱经
降香,肝经、脾经、心经
僵蚕,肝经、肺经、胃经
姜黄,脾经、肝经
剑花,肺经
假芫茜,肺经、脾经、胃经、大肠经
檵木叶,肝经、胃经、大肠经
寄生黄,肺经、胃经、肝经
蒺藜,肝经
急性子,肺经、肝经
吉祥草,肺经、肝经、脾经
积雪草,肝经、脾经、肾经
鸡爪大黄,脾经、胃经、大肠经、肝经、心包经
鸡眼草,胃经、大肠经
鸡血藤,肝经、肾经
鸡矢藤,脾经、胃经、肝经、肺经
鸡内金,脾经、胃经、小肠经、膀胱经
鸡冠花,肝经、大肠经
鸡骨香,暂无
鸡骨草,胃经、肝经
鸡蛋花,肺经、大肠经
藿香,肺经、脾经、胃经
火炭母,肝经、脾经
火麻仁,脾经、胃经、大肠经
回回蒜,肝经
黄药子,肝经、心经
黄藤,心经、肝经
黄蜀葵,肾经、膀胱经、胃经
黄芩,肺经、胆经、脾经、大肠经、小肠经
黄芪,脾经、肺经
黄皮核,肺经、胃经、肝经
黄连,心经、脾经、胃经、肝经、胆经、大肠经
黄精,肺经、脾经、肾经
黄荆子,肺经、胃经、肝经
黄花倒水莲,肝经、肾经、脾经
黄柏,肾经、膀胱经
槐枝,心经、肝经
槐角,肝经、大肠经
槐花,肝经、大肠经
化橘红,肺经、脾经
滑石,膀胱经、肺经、胃经
华山参,肺经、心经
花蕊石,肝经
花椒,脾经、胃经、肾经
琥珀,心经、肝经、膀胱经
虎杖,肝经、胆经、肺经
虎耳草,肺经、胃经
槲寄生,肝经、肾经
湖北贝母,肺经、心经
葫芦茶,肺经、膀胱经、肝经
葫芦,肺经、脾经、肾经
胡颓子叶,肺经
胡荽,肺经、脾经、肝经
胡芦巴,肾经
胡椒,大肠经、胃经
胡黄连,肝经、胃经、大肠经
厚朴花,脾经、胃经
厚朴,脾经、胃经、肺经、大肠经
猴耳环,脾经、胃经、肝经
红鱼眼,暂无
红药子,胃经、脾经、膀胱经、大肠经
红天葵,暂无
红丝线,肺经
红曲,肝经、脾经、大肠经
红芪,肺经、脾经
红景天,肺经、心经
红花,心经、肝经
红粉,肺经、脾经
红豆蔻,肺经、脾经
红大戟,肺经、脾经、肾经
红参,脾经、肺经、心经、肾经
黑种草子,暂无
黑芝麻,肝经、肾经、大肠经
黑豆,脾经、肾经
鹤虱,脾经、胃经
鹤草芽,暂无
核桃仁,肾经、肺经、大肠经
荷叶,肝经、脾经、胃经
何首乌,肝经、肾经、心经
合欢皮,心经、肝经、肺经
合欢花,心经、肝经
诃子,肺经、大肠经
汉桃叶,肝经、脾经、胃经
蔊菜,肺经、肝经
海藻,肝经、胃经、肾经
海芋,心经、肝经、胆经、大肠经
海桐皮,肝经、脾经
海螵蛸,脾经、肾经
海马,肝经、肾经
海龙,肝经、肾经
海金沙,膀胱经、小肠经
海蛤壳,肺经、肝经、胃经
海浮石,肺经、肾经
海风藤,肝经
海参,肾经、肺经
蛤蚧,肺经、肾经
桂枝,膀胱经、心经、肺经
桂皮,胃经、大肠经、肝经、肾经
桂花,肺经、脾经、肾经
鬼针草,肝经、肺经、大肠经
鬼箭羽,肝经、脾经
龟甲,肝经、肾经、心经
广枣,暂无
广升麻,肺经、胃经
广山药,脾经、肺经、胃经
广昆布,肾经
广金钱草,肝经、肾经、膀胱经
广藿香,胃经、脾经、肺经
广东紫荆皮,暂无
广东王不留行,胃经、肝经、大肠经
广东土牛膝,暂无
广东络石藤,心经、肝经、肾经
广东刘寄奴,心经、肝经、脾经
广东狼毒,心经、肝经、胆经、大肠经
广东合欢花,心经、肝经
广东海桐皮,肝经、肾经
广东海风藤,暂无
贯众,肝经、胃经
贯叶金丝桃,肝经
关黄柏,肾经、膀胱经
瓜子金,肺经
瓜蒌,肺经、大肠经、胃经
骨碎补,肝经、肾经
谷芽,脾经、胃经
谷精草,肝经、肺经
枸杞子,肝经、肾经
枸骨叶,肝经、肾经
狗肾,肾经
狗脊,肝经、肾经
狗肝菜,心经、肝经、肺经
钩藤,肝经、心包经
功劳木,肝经、胃经、大肠经
葛根,脾经、胃经
藁本,膀胱经
高良姜,脾经、胃经
杠板归,肺经、膀胱经
岗稔根,肝经、肾经
岗梅根,肺经、肝经、大肠经
干漆,肝经、脾经
干姜,脾经、胃经、心经、肾经、肺经
甘遂,肺经、肾经、大肠经
甘肃丹参,心经、肝经
甘松,脾经、胃经
甘草,心经、胃经、脾经、肺经
覆盆子,肾经、膀胱经
附子,心经、肾经、脾经
浮小麦,心经
浮萍,肺经
茯神,心经、脾经
茯苓,心经、肺经、脾经、肾经
扶桑花,心经、肺经、肝经、脾经
扶芳藤,肝经、脾经、肾经
伏龙肝,脾经、胃经
佛手,肺经、脾经、肝经
佛甲草,心经、肺经、肝经、脾经
凤眼果,胃经、大肠经、小肠经
凤尾草,大肠经、心经、肝经
凤凰衣,脾经、胃经、肺经
蜂房,胃经
枫香脂,肺经、脾经
粉葛,胃经、脾经
粉萆薢,肾经、胃经
榧子,肺经、胃经、大肠经
飞天蠄蟧,暂无
飞龙掌血,脾经、胃经
防己,膀胱经、肺经
防风草,暂无
防风,膀胱经、肝经、脾经
方解石,暂无
翻白草,肝经、胃经、大肠经
番泻叶,大肠经
番石榴叶,大肠经
儿茶,肺经、心经
鹅不食草,肺经、肝经
峨参,脾经、胃经、肺经
莪术,脾经、肝经
断血流,肝经
杜仲叶,肝经、肾经
杜仲,肝经、肾经
独一味,肝经
独脚金,肾经、脾经、肝经
独活,肾经、膀胱经
豆蔻,脾经、胃经
豆豉姜,胃经、脾经、肝经
冬凌草,肺经、胃经、肝经
冬葵子,大肠经、小肠经、膀胱经
冬葵果,大肠经、小肠经、膀胱经
冬瓜皮,小肠经、胃经
冬虫夏草,肺经、肾经
东风橘,肺经、肝经
丁香罗勒油,暂无
丁香,胃经、脾经、肾经
丁公藤,胃经、脾经、肝经
颠茄草,暂无
地榆,肝经、大肠经
地桃花,脾经、肺经
地稔根,肺经、脾经、肝经
地龙,肝经、脾经、膀胱经
地锦草,肝经、大肠经
鲜地黄,心经、肝经、肾经
生地黄,心经、肝经、肾经
地骨皮,肺经、肝经、肾经
地肤子,肾经、膀胱经
地枫皮,膀胱经、肾经
地耳草,肝经、胆经、大肠经
地不容,胃经、肺经、肝经
灯盏细辛,心经、肝经
灯心草,心经、肺经、小肠经
稻芽,脾、胃经
倒扣草,肺经、膀胱经、肝经
刀豆,胃经、肾经
党参,脾经、肺经
当药,肝经、胃经、大肠经
当归,肝经、心经、脾经
淡竹叶,心经、胃经、小肠经
淡豆豉,肺经、胃经
胆南星,肺经、肝经、脾经
胆矾,肝经、胆经
单叶蔓荆子,肝经、胃经、膀胱经
丹参,心经、肝经
玳瑁,心经、肝经
大枣,脾经、胃经、心经
大叶紫珠,肝经、肺经、胃经
大叶桉叶,心经、肺经、大肠经
大血藤,大肠经、肝经
大蒜,脾经、胃经、肺经
大青叶,心经、胃经
大青盐,心经、肾经、膀胱经
大蓟,心经、肝经
大戟,肺经、脾经、肾经
大黄,脾经、胃经、大肠经、肝经、心包经
大腹皮,脾经、胃经、大肠经、小肠经
大风子,脾经、肝经、肾经
大风艾,肝经、胃经、肺经
大飞扬草,肺经、肝经
大豆黄卷,脾经、胃经、肺经
大驳骨,肝经、脾经
翠云草,经肺经、肝经
楤木,脾经、肝经、肾经
葱子,肺经、肝经、胃经
葱白,肺经、胃经
刺苋菜,胃经、脾经、大肠经
刺五加,暂无
刺猬皮,胃经、大肠经
磁石,肝经、心经、肾经
椿皮,大肠经、胃经、肝经
春不见,肝经
垂盆草,肝经、胆经、小肠经
穿心莲,肺经、胃经、肝经
穿山龙,肝经、肾经、肺经
穿山甲,肝经、胃经
穿破石,心经、肝经
川续断,暂无
川芎,肝经、胆经、心包经
川乌,心经、肝经、肾经、脾经
川射干,肺经
川牛膝,肝经、肾经
川木香,脾经、胃经、大肠经、胆经
川木通,心经、小肠经、膀胱经
川楝子,肝经、小肠经、膀胱经
川贝母,肺经、心经
楮实子,肝经、肾经
臭梧桐,胃经、大肠经
臭牡丹,心经、胃经、大肠经
臭灵丹草,肺经、胃经
虫牙药,肺经、肝经
虫白蜡,肝经
茺蔚子,心包经、肝经
赤小豆,心经、小肠经
赤石脂,大肠经、胃经
赤芍,肝经、脾经
陈皮,脾经、肺经
沉香,肾经、脾经、胃经
车前草,肝经、肾经、肺经、小肠经
常山,肺经、肝经、心经
蟾酥,心经
蝉蜕,肺经、肝经
蝉花,肝经
柴胡,肝经、胆经、肺经
侧柏叶,肺经、肝经、脾经
草乌叶,暂无
草乌,心经、肝经、肾经、脾经
草果,脾经、胃经
草豆蔻,脾、胃经
藏菖蒲,心经、肝经、胃经
苍术,脾经、胃经、肝经
苍耳子,肺经
蚕沙,肝经、脾经、胃经
布渣叶,脾经、胃经
补骨脂,肾经、脾经
卜芥,暂无
博落回,心经、胃经、肝经
冰片,心经、脾经、肺经
槟榔,胃经、大肠经
鳖甲,肝经、肾经
扁蓄,膀胱经
蓖麻子,大肠经、肺经
荜澄茄,脾经、胃经、肾经、膀胱经
荜茇,胃经、大肠经
北沙参,肺经、胃经
北刘寄奴,脾经、胃经、肝经、胆经
北豆根,肺经、胃经、大肠经
暴马丁香,肺经
薄荷,肺经、肝经
半枝莲,肺经、肝经、肾经
半夏,脾经、胃经、肺经
半枫荷,脾经、肝经
半边莲,心经、小肠经、肺经
板蓝根,心经、胃经
斑蝥,肝经、胃经、肾经
败酱草,胃经、大肠经、肝经
柏子仁,心经、肾经、大肠经
百合,心经、肺经
百部,肺经
白芷,胃经、大肠经、肺经
白英,肝经、胆经、肾经
白药子,肺经、胃经
白鲜皮,脾经、胃经
白薇,胃经、肝经、肾经
白头翁,胃经、大肠经
白苏子,肺经、大肠经
白术,脾经、胃经
白首乌,肝经、肾经、脾经、胃经
白石英,肺经、肾经、心经
白石花,肝经
白芍,肝经、脾经
白屈菜,肺经、胃经
白前,肺经
白茅根,肺经、胃经、膀胱经
白马骨,肝经、脾经
白蔹,心经、胃经
白兰花,肺经、胃经
白芥子,肺经、胃经
白及,肺经、肝经、胃经
白花银背藤,暂无
白花蛇舌草,胃经、大肠经、小肠经
白花丹,暂无
白鹤灵芝,肺经
白果,肺经、肾经
白附子,胃经、肝经
白矾,肺经、脾经、肝经、大肠经
白扁豆,脾经、胃经
白背叶根,肝经
菝葜,肝经、肾经
巴戟天,肾经、肝经
巴豆,胃经、大肠经
八楞木,肝经
八角莲,肺经、肝经
八角茴香,肝经、肾经、脾经、胃经
八角枫,心经、肝经
桉叶油,暂无
安息香,心经、脾经
艾叶,肝经、脾经、肾经
矮地茶,肺经、肝经
阿魏,脾经、胃经
阿胶,肺经、肝经、肾经
